{
    "name": "Icon",
    "alias": "图标",
    "version": "1.0.7",
    "author": "10001746",
    "groupAlias": "基础组件",
    "groupName": "basic",
    "type": "vue",
    "description": "",
    "order": 6003,
    "attributes": [
        {
            "name": "appearance",
            "alias": "外观",
            "attributes": [
                {
                    "name": "font-size",
                    "visible": false
                },
                {
                    "name": "color",
                    "visible": false
                },
                {
                    "name": "background-color",
                    "visible": false
                },
                {
                    "name": "background-image",
                    "visible": false
                },
                {
                    "name": "font-weight",
                    "alias": "图标粗细",
                    "visible": true
                },
                {
                    "name": "font-style",
                    "visible": false
                },
                {
                    "name": "line-height",
                    "visible": false
                },
                {
                    "name": "text-align",
                    "visible": true,
                    "default": "center"
                },
                {
                    "name": "letter-spacing",
                    "visible": false
                },
                {
                    "name": "text-decoration",
                    "visible": false
                },
                {
                    "name": "background-repeat",
                    "alias": "背景图像重复",
                    "visible": false
                },
                {
                    "name": "background-size",
                    "alias": "背景图片尺寸",
                    "visible": false
                },
                {
                    "name": "background-position",
                    "alias": "背景图片定位",
                    "visible": false
                },
                {
                    "name": "text-align",
                    "alias": "水平对齐",
                    "default": "center",
                    "type": "Enum(\"flex-start:居左\",\"center:居中\", \"flex-end:居右\")"
                },
                {
                    "name": "align-items",
                    "alias": "垂直对齐",
                    "default": "center",
                    "type": "Enum(\"flex-start:居上\",\"center:居中\", \"flex-end:居下\")"
                }
            ]
        },
        {
            "name": "layout",
            "alias": "布局",
            "attributes": [
                {
                    "name": "height",
                    "default": "auto",
                    "value": "25px",
                    "visible": true
                }
            ]
        },
        {
            "name": "base",
            "alias": "基础",
            "attributes": [
                {
                    "name": "iconName",
                    "alias": "类名",
                    "type": "String",
                    "default": "icon-btn-collection",
                    "editor": "icon"
                },
                {
                    "name": "iconSize",
                    "alias": "尺寸",
                    "type": "Number",
                    "default": 15,
                    "visible": false
                },
                {
                    "name": "iconFontSize",
                    "alias": "尺寸",
                    "type": "Enum(\"'10':10px\",\"12:12px\", \"14:14px\",\"16:16px\", \"18:18px\", \"20:20px\", \"22:22px\", \"24:24px\", \"32:32px\", \"48:48px\")",
                    "default": null,
                    "changeHandler": "handleIconFontSizeChange"
                },
                {
                    "name": "iconType",
                    "alias": "主题",
                    "type": "Enum(\"'primary':默认\",\"success:成功\", \"warning:警告\",\"danger:危险\", \"defined:自定义\")",
                    "default": "primary",
                    "changeHandler": "handleIconTypeChange"
                },
                {
                    "name": "iconColor",
                    "alias": "颜色",
                    "type": "String",
                    "default": "#000",
                    "editor": "color",
                    "customGroupName": "definedColor",
                    "visible": false
                },
                {
                    "name": "iconBg",
                    "alias": "背景色",
                    "type": "String",
                    "default": "",
                    "editor": "color"
                },
                {
                    "name": "widthIsAuto",
                    "alias": "宽度自适应",
                    "type": "Boolean",
                    "default": false
                },
                {
                    "name": "iconBorderVisible",
                    "alias": "边框",
                    "type": "Boolean",
                    "default": false,
                    "changeHandler": "borderChangeHandle"
                },
                {
                    "name": "iconBorderColor",
                    "alias": "边框颜色",
                    "type": "String[4]",
                    "editor": "color",
                    "primitiveLabels": [
                        "上",
                        "右",
                        "下",
                        "左"
                    ],
                    "default": ["#DCDFE6", "#DCDFE6", "#DCDFE6", "#DCDFE6"],
                    "customGroupName": "borderVisibleGroup",
                    "visible": false
                },
                {
                    "name": "iconBorderStyle",
                    "alias": "边框样式",
                    "type": "Enum(\"none:无\", \"solid:实线\", \"dashed:虚线\", \"dotted:点状\", \"double:双线\")[4]",
                    "primitiveLabels": [
                        "上",
                        "右",
                        "下",
                        "左"
                    ],
                    "default": ["solid", "solid", "solid", "solid"],
                    "customGroupName": "borderVisibleGroup",
                    "visible": false
                },
                {
                    "name": "iconBlockPadding",
                    "alias": "内边距",
                    "type": "Number[4]",
                    "min": 0,
                    "precision": 0,
                    "primitiveLabels": [
                        "上",
                        "右",
                        "下",
                        "左"
                    ],
                    "default": [
                        0,
                        0,
                        0,
                        0
                    ],
                    "customGroupName": "borderVisibleGroup",
                    "visible": false
                },
                {
                    "name": "showRadius",
                    "alias": "边框圆角",
                    "type": "Boolean",
                    "default": false,
                    "customGroupName": "borderVisibleGroup",
                    "changeHandler": "basicChangeHandler"
                },
                {
                    "name": "iconBorderRadius",
                    "alias": "圆角大小",
                    "type": "Number[4]",
                    "min": 0,
                    "precision": 0,
                    "primitiveLabels": [
                        "左上角",
                        "右上角",
                        "右下角",
                        "左下角"
                    ],
                    "default": [
                        0,
                        0,
                        0,
                        0
                    ],
                    "visible": false
                },
                {
                    "name": "iconBoxShadow",
                    "alias": "边框阴影",
                    "type": "Boolean",
                    "default": false
                },
                {
                    "name": "openTip",
                    "alias": "提示",
                    "type": "Boolean",
                    "default": false
                },
                {
                    "alias": "提示内容",
                    "tips": "支持h5标签",
                    "default": "",
                    "maxlength": 200,
                    "minlength": 0,
                    "name": "tipText",
                    "type": "String"
                }
            ]
        },
        {
            "name": "events",
            "alias": "事件",
            "attributes": [
                {
                    "name": "click",
                    "alias": "鼠标点击图标",
                    "type": "Complex",
                    "attributes": [
                        {
                            "name": "content",
                            "alias": "事件执行内容",
                            "type": "Complex[*]",
                            "inputVisible": false,
                            "attributes": "smartAttrs.eventContent"
                        },
                        {
                            "name": "description",
                            "alias": "事件描述",
                            "type": "String",
                            "default": "点击图标触发的动作",
                            "readonly": true
                        }
                    ]
                },
                {
                    "name": "mouseover",
                    "alias": "鼠标移入图标",
                    "type": "Complex",
                    "attributes": [
                        {
                            "name": "content",
                            "alias": "事件执行内容",
                            "type": "Complex[*]",
                            "inputVisible": false,
                            "attributes": "smartAttrs.eventContent"
                        },
                        {
                            "name": "description",
                            "alias": "事件描述",
                            "type": "String",
                            "default": "鼠标移入触发的动作",
                            "readonly": true
                        }
                    ]
                },
                {
                    "name": "mouseout",
                    "alias": "鼠标移出图标",
                    "type": "Complex",
                    "attributes": [
                        {
                            "name": "content",
                            "alias": "事件执行内容",
                            "type": "Complex[*]",
                            "inputVisible": false,
                            "attributes": "smartAttrs.eventContent"
                        },
                        {
                            "name": "description",
                            "alias": "事件描述",
                            "type": "String",
                            "default": "鼠标移出触发的动作",
                            "readonly": true
                        }
                    ]
                }
            ]
        }
    ]
}
