{
  "name": "Chart3DScatter",
  "alias": "3D散点图",
  "version": "1.1.1",
  "author": "10005881zx",
  "groupName": "chart",
  "groupAlias": "图表",
  "description": "",
  "type": "vue",
  "order": 3013,
  "attributes": [
    {
      "name": "appearance",
      "alias": "外观",
      "attributes": "smartAttrs.chartAppearance"
    },
    {
      "name": "layout",
      "alias": "布局",
      "expandable": true,
      "attributes": "smartAttrs.chartLayout"
    },
    {
      "name": "title",
      "alias": "标题",
      "expandable": true,
      "attributes": "smartAttrs.chartTitle"
    },
    {
      "name": "tooltip",
      "alias": "提示框",
      "expandable": true,
      "attributes": "smartAttrs.chartTooltip"
    },
    {
      "name": "series",
      "alias": "系列",
      "expandable": true,
      "attributes": [
        {
          "name": "series",
          "alias": "系列",
          "type": "Complex[*]",
          "inputVisible": false,
          "attributes": [
            {
              "name": "series.type",
              "alias": "系列.类型",
              "type": "Enum('scatter3D:3D散点图')",
              "default": "scatter3D",
              "visible": false
            },
            {
              "name": "series.name",
              "alias": "系列.名称",
              "type": "String",
              "default": ""
            },
            {
              "name": "series.coordinateSystem",
              "alias": "系列.坐标系",
              "type": "Enum('cartesian3D:三维笛卡尔坐标系')",
              "default": "cartesian3D"
            },
            {
              "name": "series.data",
              "alias": "系列.关联数据",
              "type": "Complex[*]",
              "default": [
                [
                  12,
                  14,
                  10
                ],
                [
                  34,
                  50,
                  15
                ],
                [
                  56,
                  30,
                  20
                ],
                [
                  10,
                  15,
                  12
                ],
                [
                  23,
                  10,
                  14
                ]
            ],
              "editor": "code",
              "linkable": true,
              "customGroupName": "linkable"
            },
            {
              "name": "series.symbol",
              "alias": "系列.散点形状",
              "type": "Enum('circle:圆形','rect:矩形','roundRect:圆角矩形','triangle:三角形','diamond:菱形','pin:大头针','arrow:箭头','none:无')",
              "default": "circle"
            },
            {
              "name": "series.symbolSize",
              "alias": "系列.散点大小",
              "type": "Number",
              "default": 10,
              "min": 0
            },
            {
              "name": "series.itemStyle.color",
              "alias": "系列.图形.颜色",
              "type": "String",
              "default": null,
              "editor": "color"
            },
            {
              "name": "series.itemStyle.opacity",
              "alias": "系列.图形.透明度",
              "type": "Number",
              "default": 0.8,
              "min": 0,
              "max": 1,
              "precision": 2,
              "step": 0.1
            },
            {
              "name": "series.itemStyle.borderWidth",
              "alias": "系列.图形.描边宽度",
              "type": "Number",
              "default": null,
              "min": 0
            },
            {
              "name": "series.itemStyle.borderColor",
              "alias": "系列.图形.描边颜色",
              "type": "String",
              "default": null,
              "editor": "color"
            },
            {
              "name": "series.label.show",
              "alias": "系列.标签.显示",
              "type": "Boolean",
              "default": false
            },
            {
              "name": "series.label.distance",
              "alias": "系列.标签.距离图形的距离",
              "type": "Number",
              "default": 5
            },
            {
              "name": "series.label.position",
              "alias": "系列.标签.位置",
              "type": "Enum('left:左侧','right:右侧','top:顶部','bottom:底部')",
              "default": "right"
            },
            {
              "name": "series.label.formatter",
              "alias": "系列.标签.内容格式器",
              "type": "Enum('{a}:系列名', '{b}:数据名', '{c}:数据值')",
              "default": "{b}"
            },
            {
              "name": "series.label.textStyle.color",
              "alias": "系列.标签.文字颜色",
              "type": "String",
              "default": "#000",
              "editor": "color"
            },
            {
              "name": "series.label.textStyle.borderWidth",
              "alias": "系列.标签.文字描边宽度",
              "type": "Number",
              "default": 1,
              "min": 0
            },
            {
              "name": "series.label.textStyle.borderColor",
              "alias": "系列.标签.文字描边颜色",
              "type": "String",
              "default": "#fff",
              "editor": "color"
            },
            {
              "name": "series.label.textStyle.fontSize",
              "alias": "系列.标签.字体大小",
              "type": "Number",
              "default": 14,
              "min": 8
            },
            {
              "name": "series.label.textStyle.fontWeight",
              "alias": "系列.标签.字体粗细",
              "type": "Enum('normal:常规','bold:加粗')",
              "default": "normal"
            },
            {
              "name": "series.emphasis.itemStyle.color",
              "alias": "系列.高亮.图形.颜色",
              "type": "String",
              "default": null,
              "editor": "color"
            },
            {
              "name": "series.emphasis.itemStyle.opacity",
              "alias": "系列.高亮.图形.透明度",
              "type": "Number",
              "default": 0.8,
              "min": 0,
              "max": 1,
              "precision": 2,
              "step": 0.1
            },
            {
              "name": "series.itemStyle.borderWidth",
              "alias": "系列.图形.描边宽度",
              "type": "Number",
              "default": null,
              "precision": 2,
              "min": 0
            },
            {
              "name": "series.itemStyle.borderColor",
              "alias": "系列.图形.描边颜色",
              "type": "String",
              "default": "#fff",
              "editor": "color"
            },
            {
              "name": "series.label.show",
              "alias": "系列.标签.显示",
              "type": "Boolean",
              "default": false
            },
            {
              "name": "series.label.distance",
              "alias": "系列.标签.距离图形的距离",
              "type": "Number",
              "default": 5
            },
            {
              "name": "series.label.position",
              "alias": "系列.标签.位置",
              "type": "Enum('left:左侧','right:右侧','top:顶部','bottom:底部')",
              "default": "right"
            },
            {
              "name": "series.label.formatter",
              "alias": "系列.标签.内容格式器",
              "type": "Enum('{a}:系列名', '{b}:数据名', '{c}:数据值')",
              "default": "{c}"
            },
            {
              "name": "series.label.textStyle.color",
              "alias": "系列.标签.文字颜色",
              "type": "String",
              "default": "#000",
              "editor": "color"
            },
            {
              "name": "series.label.textStyle.borderWidth",
              "alias": "系列.标签.文字描边宽度",
              "type": "Number",
              "default": 1,
              "min": 0
            },
            {
              "name": "series.label.textStyle.borderColor",
              "alias": "系列.标签.文字描边颜色",
              "type": "String",
              "default": "#fff",
              "editor": "color"
            },
            {
              "name": "series.label.textStyle.fontSize",
              "alias": "系列.标签.字体大小",
              "type": "Number",
              "default": 14,
              "min": 8
            },
            {
              "name": "series.label.textStyle.fontWeight",
              "alias": "系列.标签.字体粗细",
              "type": "Enum('normal:常规','bold:加粗')",
              "default": "normal"
            },
            {
              "name": "series.emphasis.itemStyle.color",
              "alias": "系列.高亮.图形.颜色",
              "type": "String",
              "default": null,
              "editor": "color"
            },
            {
              "name": "series.emphasis.itemStyle.opacity",
              "alias": "系列.高亮.图形.透明度",
              "type": "Number",
              "default": 0.8,
              "min": 0,
              "max": 1,
              "precision": 2,
              "step": 0.1
            },
            {
              "name": "series.emphasis.label.show",
              "alias": "系列.高亮.标签.显示",
              "type": "Boolean",
              "default": true
            },
            {
              "name": "series.emphasis.label.distance",
              "alias": "系列.高亮.标签.距离图形距离",
              "type": "Number",
              "default": 5
            },
            {
              "name": "series.emphasis.label.position",
              "alias": "系列.高亮.标签.位置",
              "type": "Enum('left:左侧','right:右侧','top:顶部','bottom:底部')",
              "default": "right"
            },
            {
              "name": "series.emphasis.label.formatter",
              "alias": "系列.高亮.标签.内容格式器",
              "type": "Enum('{a}:系列名', '{b}:数据名', '{c}:数据值')",
              "default": "{c}"
            },
            {
              "name": "series.emphasis.label.textStyle.color",
              "alias": "系列.高亮.标签.文字颜色",
              "type": "String",
              "default": "#000",
              "editor": "color"
            },
            {
              "name": "series.emphasis.label.textStyle.borderWidth",
              "alias": "系列.高亮.标签.文字描边宽度",
              "type": "Number",
              "default": 1,
              "min": 0
            },
            {
              "name": "series.emphasis.label.textStyle.borderColor",
              "alias": "系列.高亮.标签.文字描边颜色",
              "type": "String",
              "default": "#fff",
              "editor": "color"
            },
            {
              "name": "series.emphasis.label.textStyle.fontSize",
              "alias": "系列.高亮.标签.文字大小",
              "type": "Number",
              "default": 14,
              "min": 8
            },
            {
              "name": "series.emphasis.label.textStyle.fontWeight",
              "alias": "系列.高亮.标签.文字粗细",
              "type": "Enum('normal:常规','bold:加粗')",
              "default": "normal"
            }
          ]
        }
      ]
    },
    {
      "name": "visualMap",
      "alias": "视觉映射组件",
      "expandable": true,
      "attributes": "smartAttrs.chartVisualMap"
    },
    {
      "name": "grid3D",
      "alias": "三维笛卡尔坐标系",
      "expandable": true,
      "attributes": "smartAttrs.chartGrid3D"
    },
    {
      "name": "xAxis3D",
      "alias": "X轴",
      "expandable": true,
      "attributes": "smartAttrs.chartXAxis3D"
    },
    {
      "name": "yAxis3D",
      "alias": "Y轴",
      "expandable": true,
      "attributes": "smartAttrs.chartYAxis3D"
    },
    {
      "name": "zAxis3D",
      "alias": "Z轴",
      "expandable": true,
      "attributes": "smartAttrs.chartZAxis3D"
    },
    {
      "name": "methods",
      "alias": "方法",
      "attributes": "smartAttrs.chartMethods"
    }
  ]
}
