{
    "name": "AppTag",
    "alias": "App标签",
    "version": "1.0.2",
    "author": "吴世冬(2236)",
    "groupAlias": "移动端组件",
    "groupName": "mobile",
    "type": "vue",
    "description": "",
    "order": 5419,
    "attributes": [
        {
            "name": "appearance",
            "alias": "外观",
            "visible": false,
            "attributes": [
                {
                    "name": "font-size",
                    "visible": false
                },
                {
                    "name": "color",
                    "visible": false
                },
                {
                    "name": "font-weight",
                    "visible": false
                },
                {
                    "name": "font-style",
                    "visible": false
                },
                {
                    "name": "line-height",
                    "visible": false
                },
                {
                    "name": "text-align",
                    "visible": false
                },
                {
                    "name": "letter-spacing",
                    "visible": false
                },
                {
                    "name": "text-decoration",
                    "visible": false
                }
            ]
        },
        {
            "name": "layout",
            "alias": "布局",
            "attributes": [
                {
                    "name": "span",
                    "default": 24
                },
                {
                    "name": "height",
                    "value": "auto",
                    "default": "auto"
                }
            ]
        },
        {
            "name": "base",
            "alias": "基础",
            "attributes": [
                {
                    "alias": "标签内容",
                    "name": "text",
                    "type": "String",
                    "readonly": false,
                    "minlength": 0,
                    "maxlength": 50,
                    "default": "标签"
                },
                {
                    "alias": "标签类型",
                    "name": "type",
                    "type": "Enum(\"primary:蓝色\", \"success:绿色\", \"danger:红色\", \"warning:黄色\")",
                    "readonly": false,
                    "default": "primary"
                }
            ]
        },
        {
            "name": "foreach",
            "alias": "循环",
            "sort": 700,
            "visible": false,
            "attributes": []
        },
        {
            "name": "methods",
            "visible": false,
            "alias": "方法",
            "attributes": [
                {
                    "name": "show",
                    "visible": false,
                    "alias": "显示",
                    "type": "Complex",
                    "readonly": true,
                    "attributes": []
                },
                {
                    "name": "hide",
                    "visible": false,
                    "alias": "隐藏",
                    "type": "Complex",
                    "readonly": true,
                    "attributes": []
                }
            ]
        }
    ]
}
