{
  "name": "BpmAuditHistory",
  "alias": "流程审核记录",
  "version": "1.0.7",
  "author": "10002548",
  "groupAlias": "专业组件",
  "groupName": "specialty",
  "type": "vue",
  "active": true,
  "order": 4003,
  "attributes": [
    {
      "name": "appearance",
      "alias": "外观",
      "visible": false
    },
    {
      "name": "foreach",
      "alias": "循环",
      "sort": 700,
      "visible": false
    },
    {
      "name": "business",
      "alias": "基础属性",
      "attributes": [
        {
          "name": "processInstanceId",
          "type": "String",
          "alias": "流程实例ID",
          "default": "",
          "tips": "必填, 用于查询流程审核意见"
        },
        {
          "name": "reverse",
          "type": "Boolean",
          "alias": "倒序",
          "default": "false",
          "tips": "指定节点排序方向，默认为正序"
        }
      ]
    }
  ]
}
