{
    "name": "AppImage",
    "alias": "图片组件",
    "version": "1.0.2",
    "author": "吴世冬(2236)",
    "groupAlias": "移动端组件",
    "groupName": "mobile",
    "type": "vue",
    "description": "",
    "order": 5420,
    "attributes": [
        {
            "name": "appearance",
            "visible": false,
            "alias": "外观",
            "attributes": [
                {
                    "name": "font-size",
                    "visible": false
                },
                {
                    "name": "color",
                    "visible": false
                },
                {
                    "name": "font-weight",
                    "visible": false
                },
                {
                    "name": "font-style",
                    "visible": false
                },
                {
                    "name": "line-height",
                    "visible": false
                },
                {
                    "name": "text-align",
                    "visible": false
                },
                {
                    "name": "letter-spacing",
                    "visible": false
                },
                {
                    "name": "text-decoration",
                    "visible": false
                }
            ]
        },
        {
            "name": "layout",
            "alias": "布局",
            "attributes": [
                {
                    "name": "span",
                    "default": 24
                },
                {
                    "name": "height",
                    "value": "auto",
                    "default": "auto"
                },
                {
                    "name": "borderVisible",
                    "visible": false,
                    "alias": "边框显示",
                    "type": "Boolean",
                    "default": false,
                    "changeHandler":"basicChangeHandler"
                }
            ]
        },
        {
            "name": "base",
            "alias": "基础",
            "attributes": [
                {
                    "alias":"图片源",
                    "name":"src",
                    "type":"String",
                    "default": "",
                    "editor": "file", "editorParams": {"type": "picture", "title": "选择图片"}
                },
                {
                    "alias":"适应容器",
                    "name":"fit",
                    "type":"Enum(\"fill:充满\", \"contain:包含\", \"cover:覆盖\", \"scale-down:缩小\", \"none:无\")",
                    "default": "fill"
                },
                {
                    "alias":"是否可预览",
                    "visible": false,
                    "name":"canPreview",
                    "type":"Boolean",
                    "default": true
                }
            ]
        },
        {
            "name": "foreach",
            "alias": "循环",
            "sort": 700,
            "visible": false,
            "attributes": []
        },
        {
            "name": "events",
            "alias": "事件",
            "attributes": [
                {
                    "name": "imgClick",
                    "alias": "点击图片",
                    "type": "Complex",
                    "attributes": [
                        {
                            "name": "content",
                            "alias": "执行内容",
                            "type": "Complex[*]",
                            "inputVisible": false,
                            "attributes": "smartAttrs.eventContent"
                        },
                        {
                            "name": "description",
                            "alias": "事件描述",
                            "type": "String",
                            "readonly": true,
                            "default": "点击事件"
                        },
                        {
                            "name": "payload",
                            "alias": "参数",
                            "type": "Complex[1]",
                            "readonly":true,
                            "inputVisible": false,
                            "attributes": "smartAttrs.payload",
                            "default":[
                                {"name": "url", "alias": "图片链接"}
                            ]
                        }
                    ]
                }
            ]
        },
        {
            "name": "methods",
            "visible": false,
            "alias": "方法",
            "attributes": [
                {
                    "name": "show",
                    "visible": false,
                    "alias": "显示",
                    "type": "Complex",
                    "readonly": true,
                    "attributes": []
                },
                {
                    "name": "hide",
                    "visible": false,
                    "alias": "隐藏",
                    "type": "Complex",
                    "readonly": true,
                    "attributes": []
                }
            ]
        }
    ]
}
