{
  "name": "WeatherForecast",
  "alias": "未来天气",
  "version": "1.4.1",
  "author": "10007194",
  "groupAlias": "专业组件",
  "groupName": "specialty",
  "type": "vue",
  "description": "未来天气可以显示未来的天气状况",
  "order": 2021,
  "attributes":[
    {
      "name": "appearance",
      "alias": "外观",
      "attributes": [
        { "name": "line-height", "alias": "字体行高","visible": true },
        { "name": "font-size", "alias": "文字大小","visible": true ,"default": 12 },
        { "name": "color", "alias": "字体颜色", "visible": true },
        { "name": "font-weight", "alias": "字体粗细", "visible": true },
        { "name": "font-style", "alias": "字体风格", "visible": true },
        { "name": "text-align", "alias": "水平对齐", "visible": false },
        { "name": "text-decoration", "alias": "文本修饰","visible": false},
        { "name": "letter-spacing", "alias": "文字间距", "visible": false },
        { "name": "background-image", "alias": "背景图片","visible": false},
        { "name": "background-repeat", "alias": "背景图像重复","visible": false},
        { "name": "background-size", "alias": "背景图片尺寸","visible": false},
        { "name": "background-position", "alias": "背景图片定位","visible": false}
      ]
    },
    {
      "name": "base",
      "alias": "基本属性",
      "attributes": [
        {
          "name":"selectDays",
          "alias":"默认天数",
          "type":"Enum(\"7d:7天\",\"14d:14天\")",
          "default":"7d"
        },
        {
          "name":"showHighLow",
          "alias":"温度区间",
          "type":"Enum(\"show:显示\",\"hidden:隐藏\")",
          "default":"show"
        },
        {
          "name":"showWeatherType",
          "alias":"天气类型",
          "type":"Enum(\"show:显示\",\"hidden:隐藏\")",
          "default":"show"
        },
        {
          "name":"showWind",
          "alias":"风力风向",
          "type":"Enum(\"show:显示\",\"hidden:隐藏\")",
          "default":"show"
        }
      ]
    },
    {
      "name": "foreach",
      "alias": "循环",
      "sort": 700,
      "visible": false
    },
    {
      "name": "methods",
      "alias": "方法",
      "attributes": [
        {
          "name": "refresh",
          "alias": "刷新未来天气组件",
          "type": "Complex",
          "readonly": true,
          "attributes": [
            {
              "name": "functionName",
              "alias": "方法名称",
              "type": "String",
              "default": "refresh"
            },
            {
              "name": "description",
              "alias": "方法描述",
              "type": "String",
              "editor": "code",
              "default": "刷新未来天气组件"
            }
          ]
        }
      ]
    }
  ]
}
