{
  "name": "ASwitch",
  "alias": "开关组件",
  "version": "1.0.14",
  "author": "10002215",
  "groupAlias": "表单组件",
  "groupName": "form",
  "type": "vue",
  "description": "表示两种相互对立的状态间的切换，多用于触发「开/关」",
  "order": 1000,
  "attributes": [
    {
      "name": "appearance",
      "alias": "外观",
      "visible": false
    },
    {
      "name": "base",
      "alias": "基础",
      "attributes": [
        {
          "alias": "宽度",
          "name": "switchWidth",
          "type": "Number",
          "step": 1,
          "min": 20,
          "max": 99999,
          "precision": 0,
          "default": 40
        },
        {
          "name":"type",
          "alias":"类型",
          "type":"Enum(\"default:默认\", \"rect:矩形\", \"line:线性\")",
          "default":"default",
          "changeHandler": "handleSwitchTypeChange"
        },
        {
          "name":"size",
          "alias":"尺寸",
          "type":"Enum(\"large:大\", \"medium:中（默认）\", \"small:小\", \"mini:迷你\")",
          "default":"medium",
          "changeHandler": "handleSwitchSizeChange"
        }
      ]
    },
    {
      "name": "toolbar",
      "alias": "工具",
      "attributes": [
        {
          "alias": "禁用",
          "name": "disabled",
          "type": "Boolean",
          "linkable": true,
          "default": false
        },
        {
          "alias": "文字是否内嵌",
          "name": "isInside",
          "type": "Boolean",
          "default": false
        },
        {
          "alias": "打开文字",
          "name": "activeText",
          "minlength": 0,
          "maxlength": 50,
          "type": "String",
          "default": ""
        },
        {
          "alias": "关闭文字",
          "name": "inactiveText",
          "type": "String",
          "minlength": 0,
          "maxlength": 50,
          "default": ""
        },
        {
          "alias": "打开值",
          "name": "activeValue",
          "type": "String",
          "minlength": 0,
          "maxlength": 50,
          "default": "1",
          "tips": "当此值设置后，绑定值等于此值时组件将显示为【开】状态"
        },
        {
          "alias": "关闭值",
          "name": "inactiveValue",
          "type": "String",
          "minlength": 0,
          "maxlength": 50,
          "default": "0",
          "tips": "当此值设置后，绑定值等于此值时组件将显示为【关】状态"
        },
        {
          "alias": "打开颜色",
          "name": "activeColor",
          "type": "String",
          "default": "#409EFF",
          "editor": "color"
        },
        {
          "alias": "关闭颜色",
          "name": "inactiveColor",
          "type": "String",
          "default": "#C0CCDA",
          "editor": "color"
        }
      ]
    },
    {
      "name": "data",
      "alias": "数据",
      "attributes": [
        {
          "alias": "绑定值",
          "name": "value",
          "type": "string",
          "linkable": true,
          "default": "",
          "tips": "当打开值设置为 '1' 时。绑定值若为 '1'，则开关显示为 【开】状态，反之为 【关】状态。"
        }
      ]
    },
    {
      "name": "events",
      "alias": "事件",
      "attributes": [
        {
          "alias": "组件值改变",
          "name": "change",
          "type": "Complex",
          "attributes": [
            {
              "name": "content",
              "alias": "执行内容",
              "type": "Complex[*]",
              "inputVisible": false,
              "attributes": "smartAttrs.eventContent"
            },
            {
              "name": "description",
              "alias": "事件描述",
              "type": "String",
              "readonly": true,
              "default": "绑定值变化会触发该事件"
            },
            {
              "name": "payload",
              "alias": "参数",
              "type": "Complex[1]",
              "readonly": true,
              "inputVisible": false,
              "attributes": "smartAttrs.payload",
              "default": [
                {
                  "name": "value",
                  "alias": "绑定值"
                }
              ]
            }
          ]
        }
      ]
    },
    {
      "name":"methods",
      "alias":"方法",
      "attributes":[
        {
          "name": "disable",
          "alias": "禁用",
          "type": "Complex",
          "readonly": true,
          "attributes": [
            {
              "name": "functionName",
              "alias": "方法名称",
              "type": "String",
              "default": "disable",
              "readonly": true
            },
            {
              "name": "description",
              "alias": "方法描述",
              "type": "String",
              "default": " 设置组件为禁用状态",
              "readonly": true
            },
            {
              "name": "payload",
              "alias": "参数",
              "type": "Complex[1]",
              "inputVisible": false,
              "attributes": "smartAttrs.payload",
              "default": [
                {
                  "name": "value",
                  "alias": "参数值",
                  "editor": "variable"
                }
              ]
            }
          ]
        }
      ]
    }
  ]
}