{
  "name": "Collapse",
  "alias": "折叠布局",
  "version": "1.4.1",
  "author": "10002215",
  "groupAlias": "布局",
  "groupName": "layout",
  "type": "vue",
  "description": "",
  "order": 1003,
  "attributes": [
    {
      "name": "appearance",
      "alias": "外观",
      "visible":false
    },
    {
      "name": "others",
      "alias": "工具",
      "attributes": [
        {
          "name": "collapseName",
          "alias": "面板名称组",
          "type": "Complex[*]",
          "inputVisible": false,
          "attributes": [
            { "name": "index", "alias": "面板标识", "type": "String", "default": "", "visible": false},
              {
                  "name": "label",
                  "alias": "面板名称",
                  "type": "String",
                  "minlength": 1,
                  "maxlength": 50,
                  "default": "示例面板",
                  "titleVisible": true
              },
              {
                  "name": "display",
                  "alias": "可见",
                  "type": "Boolean",
                  "default": true
              }
          ],
          "min": 1
        },
        {
          "name": "activedName",
          "alias": "当前显示序号",
          "type": "Number[*]",
          "maxItemLength":3,
          "min":1,
          "max":2,
          "default": [1]
        },
        {
          "name": "collapseFontSize",
          "alias": "面板名称字号",
          "type": "Number",
          "default": 13,
          "min": 12,
          "precision": 0,
          "step": 1
        },
        {
          "name": "titlePadding",
          "alias": "面板名称内距",
          "type": "Number[4]",
          "default": [
            0,
            0,
            0,
            10
          ],
          "primitiveLabels": [
            "上",
            "右",
            "下",
            "左"
          ],
          "max": 100
        },
        {
          "name": "collapsePadding",
          "alias": "内容内距",
          "type": "Number[4]",
          "default": [
            0,
            0,
            0,
            0
          ],
          "primitiveLabels": [
            "上",
            "右",
            "下",
            "左"
          ],
          "max": 100
        },
        {
          "name": "accordion",
          "alias": "手风琴模式",
          "type": "Boolean",
          "default": false,
          "tips":"每次只能展开一个面板"
        },
        {
          "name": "gutter",
          "alias": "内容栅格间隔",
          "type": "Number",
          "default": 0,
          "min": 0,
          "max": 100
        },
        {
          "name": "layoutType",
          "alias": "内容布局模式",
          "type": "Enum(\"none:普通布局\", \"flex:flex布局\")",
          "default": "none",
          "visible": false
        },
        {
          "name": "justify",
          "alias": "内容水平排列方式",
          "type": "Enum(\"start:start\", \"end:end\", \"center:center\", \"space-around:space-around\", \"space-between:space-between\")",
          "default": "start",
          "visible": false
        },
        {
          "name": "align",
          "alias": "内容垂直排列方式",
          "type": "Enum(\"top:top\", \"middle:middle\", \"bottom:bottom\")",
          "default": "top",
          "visible": false
        }
      ]
    },
    {
      "name": "events",
      "alias": "事件",
      "attributes": [
        {
          "name": "change",
          "alias": "面板激活",
          "type": "Complex",
          "attributes": [
            {
              "name": "content",
              "alias": "事件执行内容",
              "type": "Complex[*]",
              "inputVisible": false,
              "attributes": "smartAttrs.eventContent"
            },
            {
              "name": "description",
              "alias": "事件描述",
              "type": "String",
              "default": "激活面板改变时触发的事件",
              "readonly": true
            },
            {
              "name": "payload",
              "alias": "参数",
              "type": "Complex[2]",
              "readonly": true,
              "inputVisible": false,
              "attributes": "smartAttrs.payload",
              "default": [
                {
                  "name": "activeName",
                  "alias": "激活面板名称",
                  "tips": "(如果是手风琴模式，参数 activeNames 类型为string，否则为array)"
                }
              ]
            }
          ]
        }
      ]
    }
  ]
}
