{
  "name":"Timeline",
  "alias":"时间轴",
  "version": "1.0.27",
  "author": "孙洲(3778)",
  "groupAlias": "基础组件",
  "groupName": "basic",
  "type": "vue",
  "description": "",
  "order": 2008,
  "attributes":[{
      "name": "appearance",
      "alias": "外观",
      "visible": false
    }, {
      "name": "layout",
      "alias": "布局",
      "attributes": [
        { "name": "width", "alias": "宽度", "type": "String", "default": "100%" },
        { "name": "height", "alias": "高度", "type": "String", "default": "100%" },
        { "name": "border-color", "default": false },
        { "name": "border-style", "default": false },
        { "name": "borderVisible","default": false},
        { "name": "box-shadow","default": false},
        { "name": "border-radius","default": false}
      ]
    }, {
      "name":"base",
      "alias":"基础",
      "attributes":[{
        "name":"reverse",
        "type": "Boolean",
        "alias": "倒序",
        "default": false
      }, {
        "name":"mode",
        "type": "Enum(\"horizontal: 水平\", \"vertical: 垂直\")",
        "alias": "模式",
        "default": "vertical"
      }, {
        "name":"placement",
        "alias": "时间戳位置",
        "type": "Enum(\"top: 顶部\", \"bottom: 底部\")",
        "default": "bottom"
      }]
    }, {
    "name": "data",
    "alias": "数据",
    "attributes": [{
      "name": "activityProp",
      "alias": "数据字段名称",
      "type": "Complex",
      "attributes": [{
        "name": "label",
        "type": "String",
        "alias": "活动名称",
        "default": "label",
        "tips": "默认值为：label",
        "maxlength": 50
      }, {
        "name":"valueFormat",
        "type": "String",
        "alias": "时间格式化",
        "default": "valueFormat",
        "tips": "默认值为：valueFormat",
        "maxlength": 50
      }, {
        "name": "timestamp",
        "type": "String",
        "alias": "时间戳",
        "default": "timestamp",
        "tips": "默认值为：timestamp",
        "maxlength": 50
      }, {
        "name":"hideTimestamp",
        "type": "String",
        "alias": "是否隐藏时间戳",
        "default": "hideTimestamp",
        "tips": "默认值为：hideTimestamp",
        "maxlength": 50
      }, {
        "name":"color",
        "type": "String",
        "alias": "节点颜色",
        "default": "color",
        "tips": "默认值为：color",
        "maxlength": 50
      }, {
        "name":"size",
        "type": "String",
        "alias": "节点尺寸",
        "default": "size",
        "tips": "默认值为：size",
        "maxlength": 50
      }, {
        "name":"type",
        "type": "String",
        "alias": "节点类型",
        "default": "type",
        "tips": "默认值为：type",
        "maxlength": 50
      }, {
        "name":"icon",
        "alias":"节点图标",
        "type":"String",
        "default":"icon",
        "tips": "默认值为：icon",
        "maxlength": 50
      }]
    },{
      "name": "activityData",
      "alias": "数据",
      "type": "Complex",
      "attributes": [{
        "name":"activityData",
        "alias":"数据",
        "type": "String",
        "linkable": true,
        "editor": "code",
        "default": "[{\"label\": \"活动\",\"valueFormat\": \"yyyy-MM-dd HH:mm:ss\",\"timestamp\": \"2000-01-01 00:00:00\",\"hideTimestamp\": false,\"type\": \"\",\"color\": \"\",\"size\": \"normal\",\"icon\": \"\"}]"
      }]
    }]
  },{
    "name": "activities",
    "alias": "活动",
    "visible": false,
    "attributes": [{
      "name": "activities",
      "type": "Complex[*]",
      "alias": "活动",
      "max": 5,
      "inputVisible": false,
      "attributes": [{
        "name": "label",
        "type": "String",
        "alias": "活动",
        "minlength": 0,
        "maxlength": 500,
        "default": "活动"
      }, {
        "name":"format",
        "type": "String",
        "alias": "输入框时间格式化",
        "visible": false,
        "default": "yyyy-MM-dd HH:mm:ss"
      }, {
        "name":"valueFormat",
        "type": "Enum(\"yyyy-MM-dd: yyyy-MM-dd\", \"yyyy年MM月dd日: yyyy年MM月dd日\", \"yyyy-MM-dd HH%3Amm%3Ass: yyyy-MM-dd HH%3Amm%3Ass\", \"yyyy-MM-dd HH%3Amm: yyyy-MM-dd HH%3Amm\", \"yyyy年MM月dd日 HH时mm分ss秒: yyyy年MM月dd日 HH时mm分ss秒\", \"yyyy年MM月dd日 HH时mm分: yyyy年MM月dd日 HH时mm分\")",
        "alias": "时间格式化",
        "default": "yyyy-MM-dd HH:mm:ss",
        "changeHandler": "handleChange"
      }, {
        "name": "timestamp",
        "type": "String",
        "alias": "时间戳",
        "minlength": 0,
        "maxlength": 30,
        "editor": "datetime",
        "format": "yyyy-MM-dd HH:mm:ss",
        "valueFormat": "yyyy-MM-dd HH:mm:ss",
        "default": "",
        "clearable": false,
        "customGroupName": "datetimeAttr",
        "changeHandler": "handleChange"
      }, {
        "name":"hideTimestamp",
        "type": "Boolean",
        "alias": "是否隐藏时间戳",
        "default": false
      }, {
        "name":"placement",
        "type": "Enum(\"top: 顶部\", \"bottom: 底部\")",
        "alias": "时间戳位置",
        "default": "bottom"
      }, {
        "name":"type",
        "type": "Enum(\"primary: 主要\", \"success: 成功\", \"warning: 警告\", \"danger: 危险\", \"info: 信息\")",
        "alias": "节点类型",
        "clearable": true,
        "default": ""
      }, {
        "name":"color",
        "type": "String",
        "alias": "节点颜色",
        "default": "",
        "editor": "color"
      }, {
        "name":"size",
        "type": "Enum(\"normal: 普通\", \"large: 加大\")",
        "alias": "节点尺寸",
        "default": "normal"
      }, {
        "name":"icon",
        "alias":"节点图标",
        "type":"String",
        "default":"",
        "editor":"icon"
      }]
    }]
  }, {
    "name":"events",
    "alias":"事件",
    "attributes":[{
      "name":"activeClick",
      "alias":"活动点击事件",
      "type":"Complex",
      "attributes": [{
        "name": "content",
        "alias": "事件执行内容",
        "type": "Complex[*]",
        "inputVisible": false,
        "attributes": "smartAttrs.eventContent"
      }, {
        "name": "description",
        "alias": "事件描述",
        "type": "String",
        "default": "点击活动触发的动作",
        "readonly": true
      }, {
        "name": "payload",
        "alias": "参数",
        "type": "Complex[1]",
        "readonly":true,
        "inputVisible": false,
        "attributes": "smartAttrs.payload",
        "default":[
          {"name": "activity", "alias": "当前活动"},
          {"name": "index", "alias": "下标"}
        ]
      }]
    }]
  }]
}
