{
  "name": "Formula",
  "alias": "计算公式",
  "version": "1.5.8",
  "author": "3778",
  "groupAlias": "表单组件",
  "groupName": "form",
  "type": "vue",
  "description": "",
  "order": 4001,
  "attributes": [
    {
      "name": "appearance",
      "alias": "外观",
      "visible": false
    },
    {
      "name": "labelConfig",
      "alias": "标签属性",
      "attributes": [
        {
          "name": "labelWidth",
          "alias": "标签宽度",
          "type": "Number",
          "min": 0,
          "max": 9999,
          "default": 80,
          "visible": true,
          "customGroupName": "labelWidthConfig"
        }
      ]
    },
    {
      "name": "base",
      "alias": "基础",
      "attributes": []
    },
    {
      "name": "toolbar",
      "alias": "工具",
      "attributes": [
        {
          "alias": "禁用",
          "name": "disabled",
          "linkable": true,
          "type": "Boolean",
          "default": false
        },
        {
          "alias": "变量数据",
          "name": "variableData",
          "type": "Complex[*]",
          "linkable": true,
          "editor": "code"
        },
        {
          "alias": "函数数据",
          "name": "functionData",
          "type": "Complex[*]",
          "linkable": true,
          "editor": "code"
        },
        {
          "alias": "关键字数据",
          "name": "keywordData",
          "type": "Complex[*]",
          "linkable": true,
          "editor": "code"
        },
        {
          "alias": "工具启用",
          "name": "toolsEnable",
          "type": "Complex",
          "attributes": [
            {
              "alias": "函数",
              "name": "function",
              "linkable": true,
              "type": "Boolean",
              "default": true
            },
            {
              "alias": "键盘",
              "name": "keyboard",
              "linkable": true,
              "type": "Boolean",
              "default": true
            },
            {
              "alias": "关键字",
              "name": "keyword",
              "linkable": true,
              "type": "Boolean",
              "default": false
            },
            {
              "alias": "试算",
              "name": "header-calc",
              "linkable": true,
              "type": "Boolean",
              "default": true
            }
          ]
        }
      ]
    },
    {
      "name": "attrMap",
      "alias": "属性映射",
      "attributes": [
        {
          "alias": "变量",
          "name": "variableProps",
          "type": "Complex",
          "attributes": [
            {
              "alias": "ID",
              "name": "value",
              "linkable": true,
              "type": "String",
              "default": "id"
            },
            {
              "alias": "标识",
              "name": "identifier",
              "linkable": true,
              "type": "String",
              "default": "identifier"
            },
            {
              "alias": "名称",
              "name": "label",
              "linkable": true,
              "type": "String",
              "default": "name"
            },
            {
              "alias": "父级ID",
              "name": "parentId",
              "linkable": true,
              "type": "String",
              "default": "parentId"
            }
          ]
        },
        {
          "alias": "函数",
          "name": "functionProps",
          "type": "Complex",
          "attributes": [
            {
              "alias": "ID",
              "name": "value",
              "linkable": true,
              "type": "String",
              "default": "id"
            },
            {
              "alias": "标识",
              "name": "identifier",
              "linkable": true,
              "type": "String",
              "default": "identifier"
            },
            {
              "alias": "名称",
              "name": "label",
              "linkable": true,
              "type": "String",
              "default": "name"
            },
            {
              "alias": "父级ID",
              "name": "parentId",
              "linkable": true,
              "type": "String",
              "default": "parentId"
            },
            {
              "alias": "函数示例",
              "name": "example",
              "linkable": true,
              "type": "String",
              "default": "example"
            },
            {
              "alias": "函数描述",
              "name": "description",
              "linkable": true,
              "type": "String",
              "default": "description"
            },
            {
              "alias": "参数列表",
              "name": "args",
              "linkable": true,
              "type": "String",
              "default": "args"
            },
            {
              "alias": "参数名称",
              "name": "argLabel",
              "linkable": true,
              "type": "String",
              "default": "name"
            }
          ]
        },
        {
          "alias": "关键字",
          "name": "keywordProps",
          "type": "Complex",
          "attributes": [
            {
              "alias": "ID",
              "name": "value",
              "linkable": true,
              "type": "String",
              "default": "id"
            },
            {
              "alias": "标识",
              "name": "identifier",
              "linkable": true,
              "type": "String",
              "default": "identifier"
            },
            {
              "alias": "名称",
              "name": "label",
              "linkable": true,
              "type": "String",
              "default": "name"
            },
            {
              "alias": "父级ID",
              "name": "parentId",
              "linkable": true,
              "type": "String",
              "default": "parentId"
            }
          ]
        }
      ]
    },
    {
      "name": "data",
      "alias": "数据",
      "attributes": [
        {
          "alias": "绑定值",
          "name": "value",
          "type": "string",
          "linkable": true,
          "default": ""
        },
        {
          "alias": "数据校验",
          "name": "dataValidation",
          "type": "Complex[*]",
          "inputVisible": false,
          "attributes": [
            {
              "name": "validateType",
              "alias": "校验类型",
              "type": "Enum(\"default:常用规则\", \"regex:正则表达式\", \"script:脚本\")",
              "value": "default",
              "default": "default",
              "titleVisible": true,
              "customGroupName": "validateContentRelated",
              "changeHandler": "pageAttrChangeHandler"
            },
            {
              "name": "validateContent",
              "alias": "校验内容",
              "type": "Enum(\"'':无\", \"required:必填\")",
              "default": "",
              "validateDefaultType": "Enum(\"'':无\", \"required:必填\")",
              "customGroupName": "validateTypeRelated",
              "changeHandler": "pageAttrChangeHandler"
            },
            {
              "alias": "最大长度",
              "name": "maxlength",
              "step": 1,
              "min": 0,
              "max": 99999,
              "precision": 0,
              "type": "Number",
              "default": "",
              "visible": false,
              "defaultVisible": false,
              "customGroupName": "validateMaxlength"
            },
            {
              "alias": "最小长度",
              "name": "minlength",
              "type": "Number",
              "min": 0,
              "max": 99999,
              "step": 1,
              "precision": 0,
              "default": "",
              "visible": false,
              "defaultVisible": false,
              "customGroupName": "validateMinlength"
            },
            {
              "alias": "最大值",
              "name": "max",
              "type": "Number",
              "default": 1000,
              "max": 9007199254740992,
              "min": -9007199254740992,
              "visible": false,
              "defaultVisible": false,
              "customGroupName": "validateMax"
            },
            {
              "alias": "最小值",
              "name": "min",
              "type": "Number",
              "default": 0,
              "max": 9007199254740992,
              "min": -9007199254740992,
              "visible": false,
              "defaultVisible": false,
              "customGroupName": "validateMin"
            },
            {
              "name": "validateMessage",
              "alias": "提示消息",
              "type": "String",
              "customGroupName": "validateScriptRelated"
            },
            {
              "name": "payload",
              "alias": "脚本参数",
              "type": "Complex[1]",
              "visible": false,
              "defaultVisible": false,
              "readonly": true,
              "inputVisible": false,
              "attributes": "smartAttrs.payload",
              "default": [
                {
                  "name": "value",
                  "alias": "输入值"
                }
              ]
            }
          ]
        }
      ]
    },
    {
      "name": "events",
      "alias": "事件",
      "attributes": [
        {
          "alias": "计算公式试算事件",
          "name": "calcSubmit",
          "type": "Complex",
          "attributes": [
            {
              "name": "content",
              "alias": "执行内容",
              "type": "Complex[*]",
              "inputVisible": false,
              "attributes": "smartAttrs.eventContent"
            },
            {
              "name": "description",
              "alias": "事件描述",
              "type": "String",
              "readonly": true,
              "default": "试算按钮点击时触发"
            },
            {
              "name": "payload",
              "alias": "参数",
              "type": "Complex[1]",
              "readonly": true,
              "inputVisible": false,
              "attributes": "smartAttrs.payload",
              "default": [
                {
                  "name": "value",
                  "alias": "试算参数"
                }
              ]
            }
          ]
        }
      ]
    },
    {
      "name": "methods",
      "alias": "方法",
      "attributes": [
        {
          "name": "setValue",
          "alias": "设置值",
          "type": "Complex",
          "readonly": true,
          "attributes": [
            {
              "name": "functionName",
              "alias": "方法名称",
              "type": "String",
              "default": "setValue"
            },
            {
              "name": "description",
              "alias": "方法描述",
              "type": "String",
              "default": "设置文本框数据"
            },
            {
              "name": "payload",
              "alias": "参数",
              "type": "Complex[1]",
              "inputVisible": false,
              "attributes": "smartAttrs.payload",
              "default": [
                {
                  "name": "value",
                  "alias": "绑定值",
                  "editor": "variable"
                }
              ]
            }
          ]
        },
        {
          "name": "getValue",
          "alias": "获取当前值",
          "type": "Complex",
          "returnValue": true,
          "readonly": true,
          "attributes": [
            {
              "name": "functionName",
              "alias": "方法名称",
              "type": "String",
              "default": "getValue"
            },
            {
              "name": "description",
              "alias": "方法描述",
              "type": "String",
              "default": "获取当前值"
            },
            {
              "name": "output",
              "alias": "返回值",
              "type": "String",
              "description": "当前值"
            }
          ]
        },
        {
          "name": "disable",
          "alias": "禁用",
          "type": "Complex",
          "attributes": [
            {
              "name": "functionName",
              "alias": "方法名称",
              "type": "String",
              "default": "disable",
              "readonly": true
            },
            {
              "name": "description",
              "alias": "方法描述",
              "type": "String",
              "default": " 设置组件为禁用状态",
              "readonly": true
            },
            {
              "name": "payload",
              "alias": "参数",
              "type": "Complex[1]",
              "inputVisible": false,
              "attributes": "smartAttrs.payload",
              "default": [
                {
                  "name": "value",
                  "alias": "参数值",
                  "editor": "variable"
                }
              ]
            }
          ]
        },
        {
          "name": "clearValue",
          "alias": "清空当前值",
          "type": "Complex",
          "returnValue": false,
          "readonly": true,
          "attributes": [
            {
              "name": "functionName",
              "alias": "方法名称",
              "type": "String",
              "default": "clearValue"
            },
            {
              "name": "description",
              "alias": "方法描述",
              "type": "String",
              "default": "获取当前值"
            }
          ]
        },
        {
          "name": "clearCalc",
          "alias": "清空计算公式",
          "type": "Complex",
          "returnValue": true,
          "readonly": true,
          "visible": false,
          "attributes": [
            {
              "name": "functionName",
              "alias": "方法名称",
              "type": "String",
              "default": "clearCalc"
            },
            {
              "name": "description",
              "alias": "方法描述",
              "type": "String",
              "default": "清空计算公式"
            }
          ]
        },
        {
          "name": "refreshCalc",
          "alias": "刷新计算公式",
          "type": "Complex",
          "returnValue": true,
          "readonly": true,
          "visible": false,
          "attributes": [
            {
              "name": "functionName",
              "alias": "方法名称",
              "type": "String",
              "default": "refreshCalc"
            },
            {
              "name": "description",
              "alias": "方法描述",
              "type": "String",
              "default": "刷新计算公式"
            }
          ]
        }
      ]
    }
  ]
}
