{
    "name": "RichTextEditor",
    "alias": "富文本编辑器",
    "version": "1.4.0",
    "author": "10007406",
    "groupAlias": "表单组件",
    "groupName": "form",
    "type": "vue",
    "description": "",
    "order": 2013,
    "attributes": [
        {
            "name": "appearance",
            "alias": "外观",
            "visible": false,
            "attributes": [
                {
                    "name": "line-height",
                    "alias": "字体行高",
                    "type": "Number",
                    "default": 24,
                    "min": 0,
                    "precision": 0,
                    "sort": 2005,
                    "visible": false
                },
                {
                    "name": "letter-spacing",
                    "alias": "文字间距",
                    "type": "Number",
                    "default": "",
                    "precision": 0,
                    "sort": 2007,
                    "visible": false
                },
                {
                    "name": "text-decoration",
                    "alias": "文本修饰",
                    "type": "Enum(\"none:无\", \"underline:下划线\", \"overline:上划线\", \"line-through:中划线\")",
                    "default": "none",
                    "sort": 2008,
                    "visible": false
                },
                {
                    "name": "background-color",
                    "alias": "背景颜色",
                    "type": "String",
                    "default": "",
                    "editor": "color",
                    "sort": 2009,
                    "visible": false
                },
                {
                    "name": "background-image",
                    "alias": "背景图片",
                    "type": "String",
                    "default": "",
                    "editor": "file",
                    "editorParams": {
                        "type": "picture",
                        "title": "选择图片"
                    },
                    "sort": 2010,
                    "visible": false
                },
                {
                    "name": "background-repeat",
                    "alias": "背景图像平铺",
                    "type": "Enum(\"no-repeat:不平铺\", \"repeat-x:水平平铺\", \"repeat-y:垂直平铺\", \"repeat:平铺\")",
                    "default": "no-repeat",
                    "sort": 2011,
                    "visible": false
                },
                {
                    "name": "background-size",
                    "alias": "背景图片尺寸",
                    "type": "String",
                    "default": "100%",
                    "sort": 2012,
                    "tips": "允许六种类型值：1、缩小图片适应元素尺寸:contain；2、扩展图片填满元素:cover；3、指定大小数值+px:100px 100px；4、指定大小百分比:50% 50%；5、3和4的混合:100px 100%；6、空字符",
                    "rules": [
                        {
                            "require": false
                        },
                        {
                            "pattern": "/^(((100|[1-9]?[0-9])(\\.[1-9])?%)(((\\s((100|[1-9]?[0-9])(\\.[1-9])?%))?)|((\\s([1-9]?[0-9]{0,3}px))?))|([1-9]?[0-9]{0,3}px)(((\\s([1-9]?[0-9]{0,3}px))?)|((\\s((100|[1-9]?[0-9])(\\.[1-9])?%))?))|(contain)|(cover))$/",
                            "message": "请输入contain、cover、百分比、数字+px、空字符中的一种"
                        }
                    ],
                    "visible": false
                },
                {
                    "name": "background-position",
                    "alias": "背景图片定位",
                    "type": "Enum(\"left top:左上角\", \"center top:顶部居中\", \"right top:右上角\", \"center center:居中\", \"left bottom:左下角\", \"center bottom:底部居中\", \"right bottom:右下角\")",
                    "default": "left top",
                    "sort": 2013,
                    "visible": false
                },
                {
                    "name": "font-size",
                    "alias": "字体大小",
                    "type": "Number",
                    "precision": 0,
                    "min": 8,
                    "default": 14,
                    "sort": 2001,
                    "visible": true
                },
                {
                    "name": "color",
                    "alias": "字体颜色",
                    "type": "String",
                    "editor": "color",
                    "sort": 2002,
                    "visible": true
                },
                {
                    "name": "font-weight",
                    "alias": "字体粗细",
                    "type": "Enum(\"normal:正常\", \"bold:加粗\")",
                    "default": "normal",
                    "sort": 2003,
                    "visible": true
                },
                {
                    "name": "font-style",
                    "alias": "字体风格",
                    "type": "Enum(\"normal:正常\", \"italic:斜体\")",
                    "default": "normal",
                    "sort": 2004,
                    "visible": true
                }
            ]
        },
        {
            "name": "base",
            "alias": "基本属性",
            "attributes": [
                {
                    "name": "placeholder",
                    "alias": "占位文字",
                    "type": "String",
                    "maxlength": 25,
                    "default": ""
                },
                {
                    "name": "autoFocus",
                    "alias": "自动聚焦",
                    "type": "Boolean",
                    "default": false
                },
                {
                    "name": "disabled",
                    "alias": "禁用输入",
                    "type": "Boolean",
                    "default": false
                },
                {
                    "name": "showMenuTooltips",
                    "alias": "菜单栏提示",
                    "type": "Boolean",
                    "default": true
                }
            ]
        },
        {
            "name": "menu",
            "alias": "菜单属性",
            "attributes": [
                {
                    "name": "head",
                    "alias": "标题",
                    "type": "Boolean",
                    "default": true
                },
                {
                    "name": "bold",
                    "alias": "加粗",
                    "type": "Boolean",
                    "default": true
                },
                {
                    "name": "fontSize",
                    "alias": "字号",
                    "type": "Boolean",
                    "default": true
                },
                {
                    "name": "fontName",
                    "alias": "字体",
                    "type": "Boolean",
                    "default": true
                },
                {
                    "name": "italic",
                    "alias": "斜体",
                    "type": "Boolean",
                    "default": true
                },
                {
                    "name": "underline",
                    "alias": "下划线",
                    "type": "Boolean",
                    "default": true
                },
                {
                    "name": "strikeThrough",
                    "alias": "删除线",
                    "type": "Boolean",
                    "default": true
                },
                {
                    "name": "indent",
                    "alias": "缩进",
                    "type": "Boolean",
                    "default": true
                },
                {
                    "name": "lineHeight",
                    "alias": "行高",
                    "type": "Boolean",
                    "default": true
                },
                {
                    "name": "emoticon",
                    "alias": "表情",
                    "type": "Boolean",
                    "default": true
                },
                {
                    "name": "foreColor",
                    "alias": "字体颜色",
                    "type": "Boolean",
                    "default": true
                },
                {
                    "name": "backColor",
                    "alias": "背景颜色",
                    "type": "Boolean",
                    "default": true
                },
                {
                    "name": "link",
                    "alias": "链接",
                    "type": "Boolean",
                    "default": true
                },
                {
                    "name": "list",
                    "alias": "序列",
                    "type": "Boolean",
                    "default": true
                },
                {
                    "name": "todo",
                    "alias": "待办事项",
                    "type": "Boolean",
                    "default": true
                },
                {
                    "name": "justify",
                    "alias": "对齐",
                    "type": "Boolean",
                    "default": true
                },
                {
                    "name": "quote",
                    "alias": "引用",
                    "type": "Boolean",
                    "default": true
                },
                {
                    "name": "image",
                    "alias": "图片",
                    "type": "Boolean",
                    "default": true
                },
                {
                    "name": "video",
                    "alias": "视频",
                    "type": "Boolean",
                    "default": true
                },
                {
                    "name": "code",
                    "alias": "代码",
                    "type": "Boolean",
                    "default": true
                },
                {
                    "name": "splitLine",
                    "alias": "分割线",
                    "type": "Boolean",
                    "default": true
                },
                {
                    "name": "undo",
                    "alias": "撤销",
                    "type": "Boolean",
                    "default": true
                },
                {
                    "name": "redo",
                    "alias": "恢复",
                    "type": "Boolean",
                    "default": true
                },
                {
                    "name": "table",
                    "alias": "表格",
                    "type": "Boolean",
                    "default": true
                }
            ]
        },
        {
            "name": "dataSource",
            "alias": "数据",
            "attributes": [
                {
                    "name": "initialContent",
                    "alias": "绑定值",
                    "type": "String",
                    "linkable": true,
                    "default": ""
                },
                {
                    "alias": "数据校验",
                    "name": "dataValidation",
                    "type": "Complex[*]",
                    "inputVisible": false,
                    "attributes": "smartAttrs.validation"
                }
            ]
        },
        {
            "name": "events",
            "alias": "事件",
            "attributes": [
                {
                    "name": "contentChanged",
                    "alias": "改变内容",
                    "type": "Complex",
                    "attributes": [
                        {
                            "name": "content",
                            "alias": "执行内容",
                            "type": "Complex[*]",
                            "inputVisible": false,
                            "attributes": "smartAttrs.eventContent"
                        },
                        {
                            "name": "description",
                            "alias": "事件描述",
                            "type": "String",
                            "readonly": true,
                            "default": "当富文本编辑器内容改变时会触发该事件"
                        },
                        {
                            "name": "payload",
                            "alias": "参数",
                            "type": "Complex[1]",
                            "readonly": true,
                            "inputVisible": false,
                            "attributes": "smartAttrs.payload",
                            "default": [
                                {
                                    "name": "content",
                                    "alias": "改变内容"
                                }
                            ]
                        }
                    ]
                },
                {
                    "name": "onSelectionChange",
                    "alias": "选取操作",
                    "type": "Complex",
                    "attributes": [
                        {
                            "name": "content",
                            "alias": "执行内容",
                            "type": "Complex[*]",
                            "inputVisible": false,
                            "attributes": "smartAttrs.eventContent"
                        },
                        {
                            "name": "description",
                            "alias": "事件描述",
                            "type": "String",
                            "readonly": true,
                            "default": "当富文本编辑器中内容被选中时触发该事件"
                        },
                        {
                            "name": "payload",
                            "alias": "参数",
                            "type": "Complex[1]",
                            "readonly": true,
                            "inputVisible": false,
                            "attributes": "smartAttrs.payload",
                            "default": [
                                {
                                    "name": "content",
                                    "alias": "选中内容"
                                }
                            ]
                        }
                    ]
                },
                {
                    "name": "onFocus",
                    "alias": "聚焦",
                    "type": "Complex",
                    "attributes": [
                        {
                            "name": "content",
                            "alias": "执行内容",
                            "type": "Complex[*]",
                            "inputVisible": false,
                            "attributes": "smartAttrs.eventContent"
                        },
                        {
                            "name": "description",
                            "alias": "事件描述",
                            "type": "String",
                            "readonly": true,
                            "default": "当富文本编辑器被聚焦时触发该事件"
                        },
                        {
                            "name": "payload",
                            "alias": "参数",
                            "type": "Complex[1]",
                            "readonly": true,
                            "inputVisible": false,
                            "attributes": "smartAttrs.payload",
                            "default": [
                                {
                                    "name": "content",
                                    "alias": "内容"
                                }
                            ]
                        }
                    ]
                },
                {
                    "name": "onBlur",
                    "alias": "失去焦点",
                    "type": "Complex",
                    "attributes": [
                        {
                            "name": "content",
                            "alias": "执行内容",
                            "type": "Complex[*]",
                            "inputVisible": false,
                            "attributes": "smartAttrs.eventContent"
                        },
                        {
                            "name": "description",
                            "alias": "事件描述",
                            "type": "String",
                            "readonly": true,
                            "default": "当富文本编辑器失去焦点时触发该事件"
                        },
                        {
                            "name": "payload",
                            "alias": "参数",
                            "type": "Complex[1]",
                            "readonly": true,
                            "inputVisible": false,
                            "attributes": "smartAttrs.payload",
                            "default": [
                                {
                                    "name": "content",
                                    "alias": "内容"
                                }
                            ]
                        }
                    ]
                },
                {
                    "name": "insertOnlineImage",
                    "alias": "插入网络图片",
                    "type": "Complex",
                    "attributes": [
                        {
                            "name": "content",
                            "alias": "执行内容",
                            "type": "Complex[*]",
                            "inputVisible": false,
                            "attributes": "smartAttrs.eventContent"
                        },
                        {
                            "name": "description",
                            "alias": "事件描述",
                            "type": "String",
                            "readonly": true,
                            "default": "输入网络图片后的回调事件。注：当前仅支持网络图片插入，不支持本地上传"
                        },
                        {
                            "name": "payload",
                            "alias": "参数",
                            "type": "Complex[1]",
                            "readonly": true,
                            "inputVisible": false,
                            "attributes": "smartAttrs.payload",
                            "default": [
                                {
                                    "name": "content",
                                    "alias": "内容"
                                }
                            ]
                        }
                    ]
                },
                {
                    "name": "insertOnlineVideo",
                    "alias": "插入网络视频",
                    "type": "Complex",
                    "attributes": [
                        {
                            "name": "content",
                            "alias": "执行内容",
                            "type": "Complex[*]",
                            "inputVisible": false,
                            "attributes": "smartAttrs.eventContent"
                        },
                        {
                            "name": "description",
                            "alias": "事件描述",
                            "type": "String",
                            "readonly": true,
                            "default": "输入网络视频后的回调事件。注：当前仅支持网络视频插入，不支持本地上传"
                        },
                        {
                            "name": "payload",
                            "alias": "参数",
                            "type": "Complex[1]",
                            "readonly": true,
                            "inputVisible": false,
                            "attributes": "smartAttrs.payload",
                            "default": [
                                {
                                    "name": "content",
                                    "alias": "内容"
                                }
                            ]
                        }
                    ]
                }
            ]
        },
        {
            "name": "methods",
            "alias": "方法",
            "attributes": [
                {
                    "name": "setContent",
                    "alias": "设置内容",
                    "type": "Complex",
                    "readonly": true,
                    "attributes": [
                        {
                            "name": "functionName",
                            "alias": "方法名称",
                            "type": "String",
                            "default": "setContent",
                            "readonly": true
                        },
                        {
                            "name": "description",
                            "alias": "方法描述",
                            "type": "String",
                            "default": "传入HTML字符串设置富文本编辑器中的内容",
                            "readonly": true
                        },
                        {
                            "name": "payload",
                            "alias": "参数",
                            "type": "Complex[1]",
                            "inputVisible": false,
                            "attributes": "smartAttrs.payload",
                            "default": [
                                {
                                    "name": "value",
                                    "alias": "绑定值",
                                    "editor": "variable"
                                }
                            ]
                        }
                    ]
                },
                {
                    "name": "addContent",
                    "alias": "追加内容",
                    "type": "Complex",
                    "readonly": true,
                    "attributes": [
                        {
                            "name": "functionName",
                            "alias": "方法名称",
                            "type": "String",
                            "default": "addContent",
                            "readonly": true
                        },
                        {
                            "name": "description",
                            "alias": "方法描述",
                            "type": "String",
                            "default": "传入HTML字符串追加富文本编辑器中的内容",
                            "readonly": true
                        },
                        {
                            "name": "payload",
                            "alias": "参数",
                            "type": "Complex[1]",
                            "inputVisible": false,
                            "attributes": "smartAttrs.payload",
                            "default": [
                                {
                                    "name": "value",
                                    "alias": "绑定值",
                                    "editor": "variable"
                                }
                            ]
                        }
                    ]
                },
                {
                    "name": "clearContent",
                    "alias": "清除内容",
                    "type": "Complex",
                    "readonly": true,
                    "attributes": [
                        {
                            "name": "functionName",
                            "alias": "方法名称",
                            "type": "String",
                            "default": "clearContent",
                            "readonly": true
                        },
                        {
                            "name": "description",
                            "alias": "方法描述",
                            "type": "String",
                            "default": "清除富文本编辑器中的内容",
                            "readonly": true
                        }
                    ]
                },
                {
                    "name": "getHTML",
                    "alias": "获取内容HTML",
                    "type": "Complex",
                    "readonly": true,
                    "returnValue": true,
                    "attributes": [
                        {
                            "name": "functionName",
                            "alias": "方法名称",
                            "type": "String",
                            "default": "getHTML",
                            "readonly": true
                        },
                        {
                            "name": "description",
                            "alias": "方法描述",
                            "type": "String",
                            "default": "获取当前富文本编辑器中的HTML内容",
                            "readonly": true
                        },
                        {
                            "name": "output",
                            "alias": "返回值",
                            "type": "String",
                            "description": "获取内容的HTML字符串"
                        }
                    ]
                },
                {
                    "name": "getText",
                    "alias": "获取内容文本",
                    "type": "Complex",
                    "readonly": true,
                    "returnValue": true,
                    "attributes": [
                        {
                            "name": "functionName",
                            "alias": "方法名称",
                            "type": "String",
                            "default": "getText",
                            "readonly": true
                        },
                        {
                            "name": "description",
                            "alias": "方法描述",
                            "type": "String",
                            "default": "若节点可被选择（即 `show-checkbox` 为 `true`），则返回目前被选中的节点的 key 所组成的数组",
                            "readonly": true
                        },
                        {
                            "name": "output",
                            "alias": "返回值",
                            "type": "String",
                            "description": "获取内容文本"
                        }
                    ]
                }
            ]
        }
    ]
}
