{
  "name": "TimePicker",
  "alias": "时间选择器",
  "version": "1.4.8",
  "author": "10002215",
  "groupAlias": "表单组件",
  "groupName": "form",
  "type": "vue",
  "active": true,
  "order": 4004,
  "attributes": [
    {
      "name": "appearance",
      "alias": "外观",
      "visible": false
    },
    {
      "name": "base",
      "alias": "基础",
      "attributes": [
        {
          "name": "pickerType",
          "type": "Enum(\"time:时间选择\",  \"date:日期选择\", \"datetime:日期时间选择\")",
          "alias": "类型",
          "changeHandler": "handleTimePickerPickerTypeChange",
          "default": "date"
        },
        {
          "name": "size",
          "type": "Enum(\"large:大\", \"medium:中（默认）\", \"small:小\", \"mini:迷你\")",
          "alias": "尺寸",
          "default": "medium"
        },
        {
          "name": "align",
          "type": "Enum(\"left:居左\", \"center:居中\", \"right:居右\")",
          "alias": "对齐方式",
          "visible": false,
          "default": "left"
        }
      ]
    },
    {
      "name": "toolbar",
      "alias": "工具",
      "attributes": [
        {
          "name": "dateType",
          "type": "String",
          "alias": "日期选择类型",
          "default": "date",
          "visible": false,
          "tips": "仅针对类型为日期选择或日期时间选择时生效"
        },
        {
          "name": "style",
          "type": "Enum(\"date:单个日期\", \"dates:多个日期\", \"range:日期范围\")",
          "alias": "日期形式",
          "default": "date",
          "changeHandler": "handleTimePickerStyleChange",
          "tips": "仅针对类型为日期选择或日期时间选择时生效"
        },
        {
          "name": "unit",
          "type": "Enum(\"date:日\", \"week:周\", \"month:月\", \"year:年\")",
          "alias": "日期单位",
          "default": "date",
          "changeHandler": "handleTimePickerUnitChange",
          "tips": "仅针对类型为日期选择或日期时间选择时生效"
        },
        {
          "name": "timeType",
          "type": "Enum(\"timeSelect:固定时间点选择\", \"timePicker:任意时间点选择\")",
          "alias": "时间选择类型",
          "default": "timeSelect",
          "changeHandler": "handleTimePickerTimeTypeChange",
          "tips": "仅针对类型为时间选择时生效"
        },
        {
          "name": "arrowControl",
          "type": "Boolean",
          "alias": "箭头选择",
          "default": false,
          "tips": "仅对任意时间点选择勾选时生效"
        },
        {
          "name": "editable",
          "type": "Boolean",
          "alias": "可输入",
          "default": true,
          "tips": "时间类选择器"
        },
        {
          "name": "placeholder",
          "type": "String",
          "alias": "提示文字",
          "minlength": 0,
          "maxlength": 11,
          "default": "请选择时间"
        },
        {
          "name": "startPlaceholder",
          "type": "String",
          "alias": "开始提示",
          "minlength": 0,
          "maxlength": 11,
          "default": "开始时间"
        },
        {
          "name": "endPlaceholder",
          "type": "String",
          "alias": "结束提示",
          "minlength": 0,
          "maxlength": 11,
          "default": "结束时间"
        },
        {
          "name": "clearable",
          "type": "Boolean",
          "alias": "可清空",
          "default": true
        },
        {
          "name": "disabled",
          "type": "Boolean",
          "alias": "禁用",
          "linkable": true,
          "default": false
        },
        {
          "name": "readonly",
          "type": "Boolean",
          "alias": "是否只读",
          "default": false
        },
        {
          "name": "isRange",
          "type": "Boolean",
          "alias": "是否范围",
          "default": false,
          "visible": false,
          "tips": "仅对任意时间点选择勾选时生效"
        },
        {
          "name": "isLink",
          "type": "Boolean",
          "alias": "面板不联动",
          "default": true,
          "tips": "仅对日期时间区间生效"
        },
        {
          "name": "rangeSeparator",
          "type": "String",
          "alias": "分隔符",
          "minlength": 0,
          "maxlength": 1,
          "default": "-",
          "tips": "选择范围时的分隔符"
        },
        {
          "name": "defaultValue",
          "type": "String",
          "alias": "默认值",
          "minlength": 0,
          "maxlength": 50,
          "default": "",
          "visible": false
        },
        {
          "name": "format",
          "type": "String",
          "alias": "显示格式",
          "default": "yyyy-MM-dd",
          "rules": [
            {
              "require": true,
              "message": "请输入显示格式"
            },
            {
              "validator": "formatValidator"
            }
          ],
          "tips": "指定输入框的显示格式。例如：yyyy 年 MM 月 dd 日"
        },
        {
          "name": "defaultMainTime",
          "alias": "默认时刻",
          "type": "String[2]",
          "minlength": 0,
          "maxlength": 300,
          "primitiveLabels": [
            "起始时刻",
            "终止时刻"
          ],
          "default": [
            "00:00:00",
            "23:59:59"
          ]
        },
        {
          "name": "valueFormat",
          "type": "String",
          "alias": "值格式",
          "default": "yyyy-MM-dd HH:mm:ss",
          "rules": [
            {
              "require": true,
              "message": "请输入值格式"
            }
          ],
          "tips": "绑定值的格式。不指定则绑定值为 Date 对象。"
        },
        {
          "name": "disabledDate",
          "type": "String",
          "alias": "禁用函数配置",
          "editor": "script",
          "editValue": {
            "type": "script",
            "content": ""
          },
          "linkable": false,
          "editorParams": {
            "args": [
              {
                "name": "time"
              }
            ],
            "isManual": true
          },
          "tips": "仅对类型为日期和日期时间时生效"
        },
        {
          "name": "pickerOptions.start",
          "type": "String",
          "alias": "开始时间",
          "default": "09:00",
          "tips": "仅对类型为时间选择时生效,格式限定示例为 09:00。"
        },
        {
          "name": "pickerOptions.end",
          "type": "String",
          "alias": "结束时间",
          "default": "18:00",
          "tips": "仅对类型为时间选择时生效,格式限定示例为 18:00。"
        },
        {
          "name": "pickerOptions.step",
          "type": "String",
          "alias": "间隔时间",
          "default": "00:15",
          "tips": "仅对固定时间点时生效"
        },
        {
          "name": "pickerOptions.minTime",
          "type": "String",
          "alias": "最小时间",
          "default": "",
          "tips": "仅对固定时间点时生效, 小于该时间的时间段将被禁用"
        },
        {
          "name": "pickerOptions.maxTime",
          "type": "String",
          "alias": "最大时间",
          "default": "",
          "tips": "仅对固定时间点时生效, 大于该时间的时间段将被禁用"
        },
        {
          "name": "datesMaxLength",
          "type": "String",
          "alias": "最多可选",
          "default": "10",
          "tips": "可选多个日期时最多可选"
        }
      ]
    },
    {
      "name": "data",
      "alias": "数据",
      "attributes": [
        {
          "name": "value",
          "linkable": true,
          "type": "string",
          "alias": "绑定值",
          "default": ""
        },
        {
          "alias": "数据校验",
          "name": "dataValidation",
          "type": "Complex[*]",
          "inputVisible": false,
          "attributes": "smartAttrs.validation"
        }
      ]
    },
    {
      "name": "events",
      "alias": "事件",
      "attributes": [
        {
          "alias": "组件值改变",
          "name": "change",
          "type": "Complex",
          "attributes": [
            {
              "name": "content",
              "alias": "执行内容",
              "type": "Complex[*]",
              "inputVisible": false,
              "attributes": "smartAttrs.eventContent"
            },
            {
              "name": "description",
              "alias": "事件描述",
              "type": "String",
              "readonly": true,
              "default": "时间变化会触发该事件"
            },
            {
              "name": "payload",
              "alias": "参数",
              "type": "Complex[1]",
              "readonly": true,
              "inputVisible": false,
              "attributes": "smartAttrs.payload",
              "default": [
                {
                  "name": "value",
                  "alias": "时间值"
                }
              ]
            }
          ]
        },
        {
          "alias": "日期选中事件",
          "name": "onPick",
          "type": "Complex",
          "attributes": [
            {
              "name": "content",
              "alias": "执行内容",
              "type": "Complex[*]",
              "inputVisible": false,
              "attributes": "smartAttrs.eventContent"
            },
            {
              "name": "description",
              "alias": "事件描述",
              "type": "String",
              "readonly": true,
              "default": "范围选取选中时触发"
            },
            {
              "name": "payload",
              "alias": "参数",
              "type": "Complex[1]",
              "readonly": true,
              "inputVisible": false,
              "attributes": "smartAttrs.payload",
              "default": [
                {
                  "name": "TimeObj",
                  "alias": "时间日期值"
                }
              ]
            }
          ]
        },
        {
          "alias": "获取焦点",
          "name": "onFocus",
          "type": "Complex",
          "attributes": [
            {
              "name": "content",
              "alias": "执行内容",
              "type": "Complex[*]",
              "inputVisible": false,
              "attributes": "smartAttrs.eventContent"
            },
            {
              "name": "description",
              "alias": "事件描述",
              "type": "String",
              "readonly": true,
              "default": "组件获取焦点时触发"
            },
            {
              "name": "payload",
              "alias": "参数",
              "type": "Complex[1]",
              "readonly": true,
              "inputVisible": false,
              "attributes": "smartAttrs.payload",
              "default": [
                {
                  "name": "value",
                  "alias": "时间日期值"
                }
              ]
            }
          ]
        }
      ]
    },
    {
      "name": "methods",
      "alias": "方法",
      "attributes": [
        {
          "name": "disable",
          "alias": "禁用",
          "type": "Complex",
          "readonly": true,
          "attributes": [
            {
              "name": "functionName",
              "alias": "方法名称",
              "type": "String",
              "default": "disable"
            },
            {
              "name": "description",
              "alias": "方法描述",
              "type": "String",
              "default": "禁用"
            },
            {
              "name": "payload",
              "alias": "参数",
              "type": "Complex[1]",
              "inputVisible": false,
              "attributes": "smartAttrs.payload",
              "default": [
                {
                  "name": "value",
                  "alias": "参数值",
                  "editor": "variable"
                }
              ]
            }
          ]
        },
        {
          "name": "focus",
          "alias": "聚焦",
          "type": "Complex",
          "readonly": true,
          "attributes": [
            {
              "name": "functionName",
              "alias": "方法名称",
              "type": "String",
              "default": "focus"
            },
            {
              "name": "description",
              "alias": "方法描述",
              "type": "String",
              "default": "聚焦"
            },
            {
              "name": "payload",
              "alias": "参数",
              "type": "Complex[1]",
              "inputVisible": false,
              "attributes": "smartAttrs.payload",
              "default": []
            }
          ]
        },
        {
          "name": "validate",
          "alias": "校验",
          "type": "Complex",
          "readonly": true,
          "attributes": [
            {
              "name": "functionName",
              "alias": "方法名称",
              "type": "String",
              "default": "validate"
            },
            {
              "name": "description",
              "alias": "方法描述",
              "type": "String",
              "default": "校验"
            }
          ]
        }
      ]
    }
  ]
}
