{
  "name": "NormalSelect",
  "alias": "选择器",
  "version": "1.4.10",
  "author": "10002548",
  "groupAlias": "表单组件",
  "groupName": "form",
  "type": "vue",
  "order": 4002,
  "attributes": [
    {
      "name": "foreach",
      "alias": "循环",
      "sort": 700,
      "visible": true
    },
    {
      "name": "appearance",
      "alias": "外观",
      "visible": false
    },
    {
      "name": "fieldSetting",
      "alias": "基础字段设置",
      "attributes": [
        {
          "name":"labelKey",
          "alias":"标签字段名",
          "type":"String",
          "default":"label"
        },
        {
          "name":"valueKey",
          "alias":"值字段名",
          "type":"String",
          "default":"value"
        }
      ]
    },
    {
      "name": "easy",
      "alias": "基础设置",
      "tips": "完全基于element属性配置",
      "attributes": [
        {
          "name": "size",
          "alias": "尺寸",
          "type":"Enum(\"medium:正常\", \"small:较小\", \"mini:迷你\")",
          "default": "medium"
        },
        {
          "name": "placeholder",
          "alias": "占位符",
          "type": "String",
          "default": "请选择",
          "minlength": 0,
          "maxlength": 30
        },
        {
          "name": "disabled",
          "alias": "禁用",
          "type": "Boolean",
          "linkable": true,
          "default": false
        },
        {
          "name": "multiple",
          "alias": "多选",
          "type": "Boolean",
          "default": false,
          "tips": ""
        },
        {
          "name": "collapseTags",
          "alias": "多选隐藏标签",
          "type": "Boolean",
          "default": false,
          "tips": "多选时，将选中的标签名称隐藏并且以个数的形式呈现。"
        },
        {
          "name": "clearable",
          "alias": "可清空",
          "type": "Boolean",
          "default": false
        },
        {
          "name": "filterable",
          "alias": "可搜索",
          "type": "Boolean",
          "default": false,
          "tips": "可以利用搜索功能快速查找选项"
        },
        {
          "name": "remote",
          "alias": "可远程搜索",
          "type": "Boolean",
          "default": false,
          "tips": "为了启用远程搜索，需要将可搜索开启"
        },
        {
          "name": "allowCreate",
          "alias": "创建新条目",
          "type": "Boolean",
          "default": false,
          "tips": "必须开启基本属性/可搜索属性才生效"
        },
        {
          "name": "noMatchText",
          "alias": "搜索无匹配提示",
          "type": "String",
          "default": ""
        },
        {
          "name": "noDataText",
          "alias": "选项为空提示",
          "type": "String",
          "default": "无数据"
        },
        {
          "name": "reserveKeyword",
          "alias": "保留搜索词",
          "type": "Boolean",
          "default": false
        },
        {
          "name": "multipleLimit",
          "alias": "多选数量限制",
          "type": "Number",
          "default": 0,
          "min":0,
          "max": 1000,
          "tips": "0代表不做限制"
        },
        {
          "name": "defaultFirstOption",
          "alias": "搜索状态回车",
          "type": "Boolean",
          "default": false,
          "tips": "当输入搜索词，返回搜索结果时，按下回车可选中第一个，只适用于单选情况"
        },
        {
          "name": "bindObjectValue",
          "alias": "绑定值是对象",
          "type": "Boolean",
          "default": false
        }
      ]
    },
    {
      "name": "hard",
      "alias": "高阶用法",
      "attributes": [
        {
          "name": "searchValName",
          "alias": "搜索变量名",
          "type": "String",
          "default": "",
          "tips": "远程搜索模式才需要配置此项，由于API查询条件中需带上搜索条件，此配置为搜索条件的变量名称；"
        },
        {
          "name": "labelFormatScript",
          "alias": "标签格式化脚本",
          "editor": "script",
          "editorParams": {
            "args": [
              {
                "name": "node",
                "alias": "节点数据"
              }
            ]
          },
          "default": "",
          "tips": "场景：当希望展示的标签名称需要经过格式化，如裁剪，拼接等操作时，可以利用此处进行脚本配置。参数为节点数据"
        },
        {
          "name": "optionsFormatScript",
          "alias": "数据源格式化",
          "editor": "script",
          "editorParams": {
            "args": [
              {
                "name": "options",
                "alias": "源数据选项"
              }
            ]
          },
          "default": "",
          "tips": "场景： 当希望对数据源中对数据再进行二次处理时，可以利用此处进行脚本处理。参数为源数据选项"
        },
        {
          "name": "valueDisplayStrategy",
          "alias": "值展示策略",
          "type":"Enum(\"default:默认\", \"matchOptions:选项能匹配才展示\")",
          "default": "default",
          "tips": ""
        },
        {
          "name": "disabledRule",
          "alias": "节点禁用规则",
          "type": "String",
          "default": "",
          "tips": "格式：例如item.字段名 === 5"
        },
        {
          "name": "defaultFirstChosen",
          "alias": "默认选中第一项",
          "type": "Boolean",
          "default": false,
          "tips": ""
        }
      ]
    },
    {
      "name": "dataSource",
      "alias": "数据",
      "attributes": [
        {
          "name": "value",
          "alias": "绑定值",
          "type": "String",
          "default": "",
          "linkable": true,
          "tips": "代表默认选中的值；单选时为一个值，比如 Beijing; 多选时值应为数组形式，例如['Beijing', 'Shanghai']"
        },
        {
          "alias":"绑定值数据校验",
          "name":"dataValidation",
          "type":"Complex[*]",
          "inputVisible": false,
          "attributes": "smartAttrs.validation"
        },
        {
          "name": "data",
          "alias": "数据选项",
          "type": "Complex[*]",
          "editor": "code",
          "linkable": true,
          "dataLinkMountedHandler": "dataLinkMounted",
          "default": "[{\n          value: '选项1',\n          label: '黄金糕'\n        }, {\n          value: '选项2',\n          label: '双皮奶'\n        }, {\n          value: '选项3',\n          label: '蚵仔煎'\n        }, {\n          value: '选项4',\n          label: '龙须面'\n        }, {\n          value: '选项5',\n          label: '北京烤鸭'\n        }]"
        }
      ]
    },
    {
      "name": "events",
      "alias": "事件",
      "attributes": [
        {
          "name": "change",
          "alias": "选中值变化",
          "type": "Complex",
          "attributes": [
            {
              "name": "content",
              "alias": "执行内容",
              "type": "Complex[*]",
              "inputVisible": false,
              "attributes": "smartAttrs.eventContent"
            },
            {
              "name": "description",
              "alias": "事件描述",
              "type": "String",
              "readonly": true,
              "default": "当某个节点被点击时会触发该事件"
            },
            {
              "name": "payload",
              "alias": "参数",
              "type": "Complex[1]",
              "readonly":true,
              "inputVisible": false,
              "attributes": "smartAttrs.payload",
              "default":[
                {"name": "value", "alias": "输入框值"}
              ]
            }
          ]
        },
        {
          "name": "removeTag",
          "alias": "多选移除tag",
          "type": "Complex",
          "attributes": [
            {
              "name": "content",
              "alias": "执行内容",
              "type": "Complex[*]",
              "inputVisible": false,
              "attributes": "smartAttrs.eventContent"
            },
            {
              "name": "description",
              "alias": "事件描述",
              "type": "String",
              "readonly": true,
              "default": "在多选模式下，移除Tag时触发"
            },
            {
              "name": "payload",
              "alias": "参数",
              "type": "Complex[1]",
              "readonly":true,
              "inputVisible": false,
              "attributes": "smartAttrs.payload",
              "default":[
                {"name": "tag", "alias": "移除的Tag对应的节点的值"}
              ]
            }
          ]
        },
        {
          "name": "eClear",
          "alias": "清空",
          "type": "Complex",
          "attributes": [
            {
              "name": "content",
              "alias": "执行内容",
              "type": "Complex[*]",
              "inputVisible": false,
              "attributes": "smartAttrs.eventContent"
            },
            {
              "name": "description",
              "alias": "事件描述",
              "type": "String",
              "readonly": true,
              "default": "用户点击清空按钮时触发"
            }
          ]
        },
        {
          "name": "fpDataLoaded",
          "alias": "首次数据源加载",
          "type": "Complex",
          "attributes": [
            {
              "name": "content",
              "alias": "执行内容",
              "type": "Complex[*]",
              "inputVisible": false,
              "attributes": "smartAttrs.eventContent"
            },
            {
              "name": "description",
              "alias": "事件描述",
              "type": "String",
              "readonly": true,
              "default": "当第一次组件装载数据源时，触发此事件。注意，当组件的刷新方法被调用时，由于组件再次进行初始化，因此此事件也会被触发"
            },
            {
              "name": "payload",
              "alias": "参数",
              "type": "Complex[1]",
              "readonly":true,
              "inputVisible": false,
              "attributes": "smartAttrs.payload",
              "default":[
                {"name": "options", "alias": "经过自定义脚本处理后的数据选项"}
              ]
            }
          ]
        }
      ]
    },
    {
      "name": "methods",
      "alias": "方法",
      "attributes": [
        {
          "name": "getValue",
          "alias": "获取当前值",
          "type": "Complex",
          "returnValue": true,
          "readonly": true,
          "attributes": [
            {
              "name": "functionName",
              "alias": "方法名称",
              "type": "String",
              "default": "getValue"
            },
            {
              "name": "description",
              "alias": "方法描述",
              "type": "String",
              "default": "获取当前值"
            },
            { "name": "output", "alias": "返回值", "type": "Complex", "description": "返回选中值"
            }
          ]
        },
        {
          "name": "getOptions",
          "alias": "获取所有选项数据",
          "type": "Complex",
          "returnValue": true,
          "readonly": true,
          "attributes": [
            {
              "name": "functionName",
              "alias": "方法名称",
              "type": "String",
              "default": "getOptions"
            },
            {
              "name": "description",
              "alias": "方法描述",
              "type": "String",
              "default": "获取所有选项数据"
            },
            { "name": "output", "alias": "返回值", "type": "Complex", "description": "返回所有选项数据"
            }
          ]
        },
        {
          "name": "setValue",
          "alias": "设置值",
          "type": "Complex",
          "readonly": true,
          "attributes": [
            {
              "name": "functionName",
              "alias": "方法名称",
              "type": "String",
              "default": "setValue"
            },
            {
              "name": "description",
              "alias": "方法描述",
              "type": "String",
              "default": "设置文本框数据"
            },
            {
              "name": "payload",
              "alias": "参数",
              "type": "Complex[1]",
              "inputVisible": false,
              "attributes": "smartAttrs.payload",
              "default":[
                {"name": "value", "alias": "绑定值","editor": "variable"}
              ]
            }
          ]
        },
        {
          "name": "clearSelected",
          "alias": "清空选择",
          "type": "Complex",
          "attributes": [
            {
              "name": "functionName",
              "alias": "方法名称",
              "type": "String",
              "default": "clearSelected",
              "readonly": true
            },
            {
              "name": "description",
              "alias": "方法描述",
              "type": "String",
              "default": " 清空已选择的选项",
              "readonly": true
            }
          ]
        },
        {
          "name": "refresh",
          "alias": "刷新组件及数据",
          "type": "Complex",
          "readonly": true,
          "attributes": [
            {
              "name": "functionName",
              "alias": "方法名称",
              "type": "String",
              "default": "refresh"
            },
            {
              "name": "description",
              "alias": "方法描述",
              "type": "String",
              "default": "一旦执行此方法，组件将重新进行数据源数据获取，并且再次执行一系列初始化方法。"
            },
            {
              "name": "payload",
              "alias": "参数",
              "type": "Complex[1]",
              "inputVisible": false,
              "attributes": "smartAttrs.payload",
              "default":[
                {"name": "restart", "alias": "重启默认配置","editor": "variable", "default": "true"}
              ]
            }
          ]
        },
        {
          "name": "getNode",
          "alias": "获取值对应的节点信息",
          "type": "Complex",
          "returnValue": true,
          "readonly": true,
          "attributes": [
            {
              "name": "functionName",
              "alias": "方法名称",
              "type": "String",
              "default": "getNode"
            },
            {
              "name": "description",
              "alias": "方法描述",
              "type": "String",
              "default": "根据值获取对应的节点信息"
            },
            {
              "name": "payload",
              "alias": "参数",
              "type": "Complex[1]",
              "inputVisible": false,
              "attributes": "smartAttrs.payload",
              "default":[
                {"name": "value", "alias": "节点的值","editor": "variable"}
              ]
            },
            { "name": "output", "alias": "返回值", "type": "Complex", "description": "返回节点对象信息"
            }
          ]
        }
      ]
    }
  ]
}
