{
  "name": "Input",
  "alias": "文本框",
  "version": "1.5.24",
  "author": "10002215",
  "groupAlias": "表单组件",
  "groupName": "form",
  "type": "vue",
  "description": "",
  "order": 4001,
  "attributes": [
    {
      "name": "appearance",
      "alias": "外观",
      "visible": false
    },
    {
      "name": "labelConfig",
      "alias": "标签属性",
      "attributes": [
        {
          "name": "labelPosition",
          "alias": "标签文本对齐方式",
          "type": "Enum(\"left:左对齐\",\"right:右对齐\",\"top:顶部对齐\")",
          "default": "right",
          "changeHandler": "labelPositionChange"
        },
        {
          "name": "labelWidth",
          "alias": "标签宽度",
          "type": "Number",
          "min": 0,
          "max": 9999,
          "default": 80,
          "visible": true,
          "customGroupName": "labelWidthConfig"
        }
      ]
    },
    {
      "name": "base",
      "alias": "基础",
      "attributes": [
        {
          "alias": "类型",
          "name": "type",
          "type": "Enum(\"text:文本框\", \"number:数字框\", \"password:密码框\", \"java:JAVA\", \"json:JSON数据\",\"cron:cron表达式\", \"map:地图\")",
          "default": "text",
          "tips": "密码框只针对行数为1时生效。",
          "changeHandler": "typeChange"
        },
        {
          "alias": "悬浮显示内容",
          "name": "showTitle",
          "type": "Boolean",
          "default": true,
          "tips": "仅在行数设置不大于1时或者类型不为密码框时生效"
        },
        {
          "alias": "尺寸",
          "name": "size",
          "type": "Enum(\"medium:正常\", \"small:较小\", \"mini:迷你\")",
          "default": "medium"
        },
        {
          "alias": "自适应尺寸",
          "name": "autosize",
          "type": "Boolean",
          "default": false,
          "tips": "仅在行数设置大于1时生效"
        }
      ]
    },
    {
      "name": "toolbar",
      "alias": "工具",
      "attributes": [
        {
          "alias": "字数统计",
          "name": "showWordLimit",
          "type": "Boolean",
          "default": false,
          "visible": true,
          "customGroupName": "showWordLimitConfig",
          "changeHandler": "showWordLimitChange"
        },
        {
          "alias": "最大长度",
          "name": "maxlength",
          "type": "Number",
          "default": 100,
          "min": 0,
          "customGroupName": "showWordLimitConfig",
          "visible": false
        },
        {
          "alias": "提示文字",
          "name": "placeholder",
          "type": "String",
          "minlength": 0,
          "maxlength": 50,
          "default": "请输入"
        },
        {
          "alias": "可清空",
          "name": "clearable",
          "type": "Boolean",
          "default": false,
          "tips": "仅在行数为1时生效",
          "customGroupName": "clearableConfig"
        },
        {
          "alias": "切换密文",
          "name": "showPassword",
          "type": "Boolean",
          "default": false,
          "tips": "仅在行数设置大于1时生效"
        },
        {
          "alias": "禁用",
          "name": "disabled",
          "linkable": true,
          "type": "Boolean",
          "default": false
        },
        {
          "alias": "行数",
          "name": "rows",
          "type": "Number",
          "step": 1,
          "min": 1,
          "max": 50,
          "precision": 0,
          "default": 1,
          "visible": true
        },
        {
          "alias": "是否只读",
          "name": "readonly",
          "type": "Boolean",
          "default": false
        },
        {
          "alias": "间隔",
          "name": "step",
          "type": "Number",
          "step": 1,
          "min": 0,
          "precision": 0,
          "default": 0,
          "visible": false
        },
        {
          "alias": "可缩放",
          "name": "resize",
          "type": "Enum(\"none:不缩放\", \"both:水平垂直均可\", \"horizontal:仅水平缩放\", \"vertical:仅垂直缩放\")",
          "default": "none",
          "tips": "仅在行数设置大于1时生效"
        },
        {
          "alias": "对象字符串化",
          "name": "stringify",
          "type": "Boolean",
          "default": false,
          "visible": false
        },
        {
          "alias": "是否科学计数",
          "name": "isScientific",
          "type": "Boolean",
          "default": false,
          "visible": false
        },
        {
          "alias": "标注文本",
          "name": "label",
          "type": "String",
          "default": "",
          "visible": false
        },
        {
          "alias": "菜单位置",
          "name": "placement",
          "type": "Enum(\"top:上方\",\"bottom:下方\")",
          "default": "top",
          "visible": false
        },
        {
          "alias": "显示建议",
          "name": "triggerOnFocus",
          "type": "Boolean",
          "default": false,
          "visible": false
        },
        {
          "alias": "前缀图标",
          "name": "newPrefixIcon",
          "type": "String",
          "editor": "icon",
          "default": "",
          "tips": "仅在行数为1时生效"
        },
        {
          "alias": "后缀图标",
          "name": "newSuffixIcon",
          "type": "String",
          "editor": "icon",
          "default": "",
          "tips": "仅在行数为1时生效"
        },
        {
          "alias": "前置文本",
          "name": "prependText",
          "type": "String",
          "default": "",
          "tips": "仅在行数为1时生效"
        },
        {
          "alias": "后置文本",
          "name": "appendText",
          "type": "String",
          "default": "",
          "tips": "仅在行数为1时生效"
        },
        {
          "alias": "公式类型",
          "name": "calcDataType",
          "type": "Enum(\"1:虚拟设备\",\"2:自定义变量\",\"3:量测量\")",
          "linkable": true,
          "customGroupName": "typeRelationConfig",
          "tips": "仅在类型为公式编辑器时生效",
          "visible": false
        },
        {
          "alias": "公式数据源",
          "name": "calcDataResouce",
          "type": "String",
          "tips": "仅在类型为公式编辑器时生效",
          "linkable": true,
          "customGroupName": "typeRelationConfig",
          "visible": false
        },
        {
          "alias": "清空时不带参数",
          "name": "dropValueWhenClear",
          "type": "Boolean",
          "default": false,
          "tips": "",
          "visible": false
        }
      ]
    },
    {
      "name": "data",
      "alias": "数据",
      "attributes": [
        {
          "alias": "绑定值",
          "name": "value",
          "type": "string",
          "linkable": true,
          "default": ""
        },
        {
          "alias": "数据校验",
          "name": "dataValidation",
          "type": "Complex[*]",
          "inputVisible": false,
          "attributes": "smartAttrs.validation"
        }
      ]
    },
    {
      "name": "events",
      "alias": "事件",
      "attributes": [
        {
          "alias": "文本框聚焦",
          "name": "focus",
          "type": "Complex",
          "attributes": [
            {
              "name": "content",
              "alias": "执行内容",
              "type": "Complex[*]",
              "inputVisible": false,
              "attributes": "smartAttrs.eventContent"
            },
            {
              "name": "description",
              "alias": "事件描述",
              "type": "String",
              "readonly": true,
              "default": "文本框聚焦时触发"
            },
            {
              "name": "payload",
              "alias": "参数",
              "type": "Complex[1]",
              "readonly": true,
              "inputVisible": false,
              "attributes": "smartAttrs.payload",
              "default": [
                {
                  "name": "value",
                  "alias": "输入框值"
                }
              ]
            }
          ]
        },
        {
          "alias": "文本框失焦",
          "name": "blur",
          "type": "Complex",
          "attributes": [
            {
              "name": "content",
              "alias": "执行内容",
              "type": "Complex[*]",
              "inputVisible": false,
              "attributes": "smartAttrs.eventContent"
            },
            {
              "name": "description",
              "alias": "事件描述",
              "type": "String",
              "readonly": true,
              "default": "文本框失焦时触发"
            },
            {
              "name": "payload",
              "alias": "参数",
              "type": "Complex[1]",
              "readonly": true,
              "inputVisible": false,
              "attributes": "smartAttrs.payload",
              "default": [
                {
                  "name": "value",
                  "alias": "输入框值"
                }
              ]
            }
          ]
        },
        {
          "alias": "值改变且失焦触发",
          "name": "change",
          "type": "Complex",
          "attributes": [
            {
              "name": "content",
              "alias": "执行内容",
              "type": "Complex[*]",
              "inputVisible": false,
              "attributes": "smartAttrs.eventContent"
            },
            {
              "name": "description",
              "alias": "事件描述",
              "type": "String",
              "readonly": true,
              "default": "仅在输入框失去焦点或用户按下回车时触发"
            },
            {
              "name": "payload",
              "alias": "参数",
              "type": "Complex[1]",
              "readonly": true,
              "inputVisible": false,
              "attributes": "smartAttrs.payload",
              "default": [
                {
                  "name": "value",
                  "alias": "输入框值"
                }
              ]
            }
          ]
        },
        {
          "alias": "值改变触发",
          "name": "input",
          "type": "Complex",
          "attributes": [
            {
              "name": "content",
              "alias": "执行内容",
              "type": "Complex[*]",
              "inputVisible": false,
              "attributes": "smartAttrs.eventContent"
            },
            {
              "name": "description",
              "alias": "事件描述",
              "type": "String",
              "readonly": true,
              "default": "文本改变会触发该事件"
            },
            {
              "name": "payload",
              "alias": "参数",
              "type": "Complex[1]",
              "readonly": true,
              "inputVisible": false,
              "attributes": "smartAttrs.payload",
              "default": [
                {
                  "name": "value",
                  "alias": "输入框值"
                }
              ]
            }
          ]
        },
        {
          "alias": "文本框点击",
          "name": "click",
          "type": "Complex",
          "attributes": [
            {
              "name": "content",
              "alias": "执行内容",
              "type": "Complex[*]",
              "inputVisible": false,
              "attributes": "smartAttrs.eventContent"
            },
            {
              "name": "description",
              "alias": "事件描述",
              "type": "String",
              "readonly": true,
              "default": "文本框点击时触发"
            },
            {
              "name": "payload",
              "alias": "参数",
              "type": "Complex[1]",
              "readonly": true,
              "inputVisible": false,
              "attributes": "smartAttrs.payload",
              "default": [
                {
                  "name": "value",
                  "alias": "输入框值"
                }
              ]
            }
          ]
        },
        {
          "alias": "文本框回车事件",
          "name": "enterKeyDown",
          "type": "Complex",
          "attributes": [
            {
              "name": "content",
              "alias": "执行内容",
              "type": "Complex[*]",
              "inputVisible": false,
              "attributes": "smartAttrs.eventContent"
            },
            {
              "name": "description",
              "alias": "事件描述",
              "type": "String",
              "readonly": true,
              "default": "文本框回车时触发"
            },
            {
              "name": "payload",
              "alias": "参数",
              "type": "Complex[1]",
              "readonly": true,
              "inputVisible": false,
              "attributes": "smartAttrs.payload",
              "default": [
                {
                  "name": "value",
                  "alias": "输入框值"
                }
              ]
            }
          ]
        },
        {
          "alias": "文本框清空事件",
          "name": "clearInput",
          "type": "Complex",
          "attributes": [
            {
              "name": "content",
              "alias": "执行内容",
              "type": "Complex[*]",
              "inputVisible": false,
              "attributes": "smartAttrs.eventContent"
            },
            {
              "name": "description",
              "alias": "事件描述",
              "type": "String",
              "readonly": true,
              "default": "文本框清空时触发"
            },
            {
              "name": "payload",
              "alias": "参数",
              "type": "Complex[0]",
              "readonly": true,
              "inputVisible": false,
              "attributes": "smartAttrs.payload"
            }
          ]
        },
        {
          "alias": "文本框前置图标点击事件",
          "name": "prefixClick",
          "type": "Complex",
          "attributes": [
            {
              "name": "content",
              "alias": "执行内容",
              "type": "Complex[*]",
              "inputVisible": false,
              "attributes": "smartAttrs.eventContent"
            },
            {
              "name": "description",
              "alias": "事件描述",
              "type": "String",
              "readonly": true,
              "default": "文本框前置文本点击时触发"
            },
            {
              "name": "payload",
              "alias": "参数",
              "type": "Complex[1]",
              "readonly": true,
              "inputVisible": false,
              "attributes": "smartAttrs.payload",
              "default": [
                {
                  "name": "value",
                  "alias": "输入框值"
                }
              ]
            }
          ]
        },
        {
          "alias": "文本框后置图标点击事件",
          "name": "suffixClick",
          "type": "Complex",
          "attributes": [
            {
              "name": "content",
              "alias": "执行内容",
              "type": "Complex[*]",
              "inputVisible": false,
              "attributes": "smartAttrs.eventContent"
            },
            {
              "name": "description",
              "alias": "事件描述",
              "type": "String",
              "readonly": true,
              "default": "文本框后置图标点击时触发"
            },
            {
              "name": "payload",
              "alias": "参数",
              "type": "Complex[1]",
              "readonly": true,
              "inputVisible": false,
              "attributes": "smartAttrs.payload",
              "default": [
                {
                  "name": "value",
                  "alias": "输入框值"
                }
              ]
            }
          ]
        },
        {
          "alias": "文本框后置文本点击事件",
          "name": "suffixTextClick",
          "type": "Complex",
          "attributes": [
            {
              "name": "content",
              "alias": "执行内容",
              "type": "Complex[*]",
              "inputVisible": false,
              "attributes": "smartAttrs.eventContent"
            },
            {
              "name": "description",
              "alias": "事件描述",
              "type": "String",
              "readonly": true,
              "default": "文本框后置文本点击时触发"
            },
            {
              "name": "payload",
              "alias": "参数",
              "type": "Complex[1]",
              "readonly": true,
              "inputVisible": false,
              "attributes": "smartAttrs.payload",
              "default": [
                {
                  "name": "value",
                  "alias": "输入框值"
                }
              ]
            }
          ]
        },
        {
          "alias": "计算公式试算事件",
          "name": "caculatorClick",
          "type": "Complex",
          "attributes": [
            {
              "name": "content",
              "alias": "执行内容",
              "type": "Complex[*]",
              "inputVisible": false,
              "attributes": "smartAttrs.eventContent"
            },
            {
              "name": "description",
              "alias": "事件描述",
              "type": "String",
              "readonly": true,
              "default": "试算按钮点击时触发"
            },
            {
              "name": "payload",
              "alias": "参数",
              "type": "Complex[1]",
              "readonly": true,
              "inputVisible": false,
              "attributes": "smartAttrs.payload",
              "default": [
                {
                  "name": "value",
                  "alias": "试算参数"
                }
              ]
            }
          ]
        }
      ]
    },
    {
      "name": "methods",
      "alias": "方法",
      "attributes": [
        {
          "name": "setValue",
          "alias": "设置值",
          "type": "Complex",
          "readonly": true,
          "attributes": [
            {
              "name": "functionName",
              "alias": "方法名称",
              "type": "String",
              "default": "setValue"
            },
            {
              "name": "description",
              "alias": "方法描述",
              "type": "String",
              "default": "设置文本框数据"
            },
            {
              "name": "payload",
              "alias": "参数",
              "type": "Complex[1]",
              "inputVisible": false,
              "attributes": "smartAttrs.payload",
              "default": [
                {
                  "name": "value",
                  "alias": "绑定值",
                  "editor": "variable"
                }
              ]
            }
          ]
        },
        {
          "name": "getValue",
          "alias": "获取当前值",
          "type": "Complex",
          "returnValue": true,
          "readonly": true,
          "attributes": [
            {
              "name": "functionName",
              "alias": "方法名称",
              "type": "String",
              "default": "getValue"
            },
            {
              "name": "description",
              "alias": "方法描述",
              "type": "String",
              "default": "获取当前值"
            },
            {
              "name": "output",
              "alias": "返回值",
              "type": "String",
              "description": "当前值"
            }
          ]
        },
        {
          "name": "disable",
          "alias": "禁用",
          "type": "Complex",
          "attributes": [
            {
              "name": "functionName",
              "alias": "方法名称",
              "type": "String",
              "default": "disable",
              "readonly": true
            },
            {
              "name": "description",
              "alias": "方法描述",
              "type": "String",
              "default": " 设置组件为禁用状态",
              "readonly": true
            },
            {
              "name": "payload",
              "alias": "参数",
              "type": "Complex[1]",
              "inputVisible": false,
              "attributes": "smartAttrs.payload",
              "default": [
                {
                  "name": "value",
                  "alias": "参数值",
                  "editor": "variable"
                }
              ]
            }
          ]
        },
        {
          "name": "clearValue",
          "alias": "清空当前值",
          "type": "Complex",
          "returnValue": false,
          "readonly": true,
          "attributes": [
            {
              "name": "functionName",
              "alias": "方法名称",
              "type": "String",
              "default": "clearValue"
            },
            {
              "name": "description",
              "alias": "方法描述",
              "type": "String",
              "default": "获取当前值"
            }
          ]
        },
        {
          "name": "clearCalc",
          "alias": "清空计算公式",
          "type": "Complex",
          "returnValue": true,
          "readonly": true,
          "visible": false,
          "attributes": [
            {
              "name": "functionName",
              "alias": "方法名称",
              "type": "String",
              "default": "clearCalc"
            },
            {
              "name": "description",
              "alias": "方法描述",
              "type": "String",
              "default": "清空计算公式"
            }
          ]
        },
        {
          "name": "refreshCalc",
          "alias": "刷新计算公式",
          "type": "Complex",
          "returnValue": true,
          "readonly": true,
          "visible": false,
          "attributes": [
            {
              "name": "functionName",
              "alias": "方法名称",
              "type": "String",
              "default": "refreshCalc"
            },
            {
              "name": "description",
              "alias": "方法描述",
              "type": "String",
              "default": "刷新计算公式"
            }
          ]
        }
      ]
    }
  ]
}
