{
  "name": "TablePlus",
  "alias": "表格Plus",
  "version": "1.5.42",
  "author": "3778",
  "groupAlias": "基础组件",
  "groupName": "basic",
  "type": "vue",
  "description": "",
  "order": 2003,
  "attributes": [
    {
      "name": "appearance",
      "alias": "外观",
      "visible": false
    },
    {
      "name": "layout",
      "alias": "布局",
      "attributes": [
        {
          "name": "width",
          "alias": "宽度",
          "type": "String",
          "default": "100%"
        },
        {
          "name": "float",
          "alias": "浮动",
          "type": "Enum(\"none:无\", \"left:向左浮动\", \"right:向右浮动\")",
          "default": "left"
        }
      ]
    },
    {
      "name": "base",
      "alias": "基础属性",
      "attributes": [
        {
          "name": "size",
          "alias": "尺寸",
          "type": "Enum(\"medium:正常\", \"small:较小\", \"mini:迷你\")",
          "default": "medium"
        }
      ]
    },
    {
      "name": "toolbar",
      "alias": "工具属性",
      "attributes": [
        {
          "name": "selectKey",
          "alias": "选择依赖属性",
          "type": "String",
          "default": "id",
          "tips": "列表选择项判断依赖的主属性，为表格数据中的某属性。"
        },
        {
          "name": "currentPage",
          "alias": "currentPage",
          "type": "Number",
          "default": 1,
          "visible": false
        },
        {
          "name": "showToolbarRefresh",
          "alias": "刷新按钮",
          "type": "Boolean",
          "default": false
        },
        {
          "name": "showToolbarConfig",
          "alias": "列设置按钮",
          "type": "Boolean",
          "default": false,
          "tips": "显示右上角列设置按钮【如果列属性中存在重名情况，则只可控制显示其中一个列】"
        },
        {
          "name": "toolbarPosition",
          "alias": "按钮位置",
          "type": "Enum(\"top:顶部\", \"inner:内嵌\")",
          "default": "top"
        },
        {
          "name": "stripe",
          "alias": "斑马纹",
          "type": "Boolean",
          "default": false
        },
        {
          "name": "stripeColor",
          "alias": "间隔色",
          "type": "Enum(\"Pfafafa:灰色\", \"Pecf5ff:浅蓝\", \"Pf0f9eb:浅绿\", \"Pfdf5e6:浅黄\", \"Pfef0f0:浅红\")",
          "default": "Pecf5ff",
          "visible": false
        },
        {
          "name": "showHeader",
          "alias": "显示表头",
          "type": "Boolean",
          "default": true
        },
        {
          "name": "indent",
          "alias": "展开缩进",
          "type": "Number",
          "min": 0,
          "step": 1,
          "precision": 0,
          "max": 200,
          "default": 16
        },
        {
          "name": "digits",
          "alias": "小数位数",
          "type": "Number",
          "min": 0,
          "step": 1,
          "precision": 0,
          "max": 4,
          "default": 0,
          "tips": "数值类展示项中限制小数位数,作用于合计值和进度条类型数值"
        },
        {
          "name": "tooltipEffect",
          "alias": "提示框",
          "type": "String",
          "default": "",
          "visible": false
        },
        {
          "name": "showSelection",
          "alias": "是否多选",
          "type": "Boolean",
          "default": true,
          "visible": false
        },
        {
          "name": "clickRowIsSelect",
          "alias": "点击行是否选中",
          "type": "Boolean",
          "default": true,
          "tips": "表格列中配置多选列时生效，关闭代表点击行时不会自动选择。"
        },
        {
          "name": "expandAll",
          "alias": "默认展开全部",
          "type": "Boolean",
          "default": false,
          "tips": "树形表格默认是否展开全部。"
        },
        {
          "name": "clickRowIsEdit",
          "alias": "双击行可编辑",
          "type": "Boolean",
          "default": false,
          "tips": "表格列中配置多选列时生效，关闭代表点击行时不会自动选择。"
        },
        {
          "name": "showSummary",
          "alias": "合计行",
          "type": "Boolean",
          "default": false,
          "tips": "注意：当勾选时，底部会增加一合计行。合计二字将显示在第一列，所以第一列不应配置为数值列。"
        },
        {
          "name": "emptyText",
          "alias": "无数据显示",
          "type": "String",
          "default": "暂无数据"
        },
        {
          "name": "border",
          "alias": "表格边框",
          "type": "Boolean",
          "default": false,
          "tips": "显示表格内外边框"
        },
        {
          "name": "resizable",
          "alias": "列可变宽",
          "type": "Boolean",
          "default": false,
          "visible": false,
          "tips": "对应列是否可以通过拖动改变宽度（需要勾选[表格]-[工具属性]-[表格边框]）"
        },
        {
          "name": "hasTableLoading",
          "alias": "是否loading",
          "type": "Boolean",
          "default": true
        },
        {
          "name": "openRowSelectCancel",
          "alias": "开启取消选中",
          "type": "Boolean",
          "default": false
        },
        {
          "name": "openCheckStrictly",
          "alias": "开启父子节点不关联",
          "type": "Boolean",
          "default": false
        },
        {
          "name": "headAlign",
          "alias": "表头对齐",
          "type": "Enum(\"left:左对齐\", \"center:居中对齐\", \"right:右对齐\")",
          "default": "center",
          "visible": false
        },
        {
          "name": "page",
          "alias": "分页",
          "type": "Complex",
          "attributes": [
            {
              "name": "pagination",
              "alias": "显示",
              "type": "Boolean",
              "default": false
            },
            {
              "name": "isBigData",
              "alias": "是否大数据分页",
              "type": "Boolean",
              "default": false,
              "tips": "是否大数据分页，通常适用于大数据即未知total总数的情况下的场景。"
            },
            {
              "name": "pageTrans",
              "alias": "当前页参数名",
              "type": "String",
              "default": "page"
            },
            {
              "name": "pageTransValue",
              "alias": "当前页默认值",
              "type": "Number",
              "default": 1,
              "visible": false
            },
            {
              "name": "pageSizeTrans",
              "alias": "分页数参数名",
              "type": "String",
              "default": "pageSize"
            },
            {
              "name": "pageTransValue",
              "alias": "分页数默认值",
              "type": "Number",
              "default": 1,
              "visible": false
            },
            {
              "name": "pageAlign",
              "alias": "对齐方式",
              "type": "Enum(\"flex-start:左对齐\", \"flex-end:右对齐\")",
              "default": "flex-end"
            },
            {
              "name": "pageSize",
              "alias": "分页条数",
              "type": "Number",
              "step": 1,
              "min": 1,
              "max": 1000,
              "precision": 0,
              "default": 10
            },
            {
              "name": "pagerCount",
              "alias": "页码按钮的数量",
              "type": "Number",
              "step": 2,
              "min": 3,
              "max": 21,
              "precision": 0,
              "default": 7,
              "tips": "页码按钮的数量，当总页数超过该值时会折叠"
            },
            {
              "name": "totalShowPager",
              "alias": "总条目数",
              "type": "Boolean",
              "default": true
            },
            {
              "name": "sizesShowPager",
              "alias": "条数选择",
              "type": "Boolean",
              "default": true
            },
            {
              "name": "prevShowPager",
              "alias": "上一页",
              "type": "Boolean",
              "default": true
            },
            {
              "name": "pagerShowPager",
              "alias": "分页器",
              "type": "Boolean",
              "default": true
            },
            {
              "name": "nextShowPager",
              "alias": "下一页",
              "type": "Boolean",
              "default": true
            },
            {
              "name": "jumperShowPager",
              "alias": "跳转页",
              "type": "Boolean",
              "default": true
            }
          ]
        }
      ]
    },
    {
      "name": "cols",
      "alias": "列属性",
      "attributes": [
        {
          "name": "columns",
          "alias": "列",
          "type": "Complex[*]",
          "inputVisible": false,
          "attributes": [
            {
              "name": "label",
              "alias": "列名称",
              "type": "String",
              "minlength": 1,
              "maxlength": 50,
              "default": "姓名",
              "titleVisible": true
            },
            {
              "name": "type",
              "alias": "类型",
              "type": "Enum(\"checkbox:多选框\",\"seq:序号\",\"textType:文本\",\"editInput:文本输入\",\"selection:下拉选择\",\"editNumber:数字输入\",\"timePicker:时间选择\",\"linkType:链接文本\", \"statusTx:标签\", \"statusText:标签集\", \"switchType:开关\", \"progressType:进度条\", \"enumeration:枚举\", \"operation:操作列\")",
              "default": "textType"
            },
            {
              "name": "prop",
              "alias": "属性",
              "type": "String",
              "value": "name"
            },
            {
              "name": "textColor",
              "alias": "字体颜色",
              "type": "String",
              "default": "",
              "showCond": [
                "textType"
              ],
              "visible": false,
              "linkable": false,
              "editor": "script",
              "editorParams": {
                "args": [
                  {
                    "name": "row",
                    "alias": "row"
                  },
                  {
                    "name": "col",
                    "alias": "col"
                  },
                  {
                    "name": "component",
                    "alias": "component"
                  }
                ]
              },
              "tips": "字体颜色设置，可根据条件返回颜色值，如：return row.status=='1'?'blue':'#f44';"
            },
            {
              "name": "formatter",
              "alias": "列格式",
              "type": "String",
              "default": "",
              "visible": false
            },
            {
              "name": "width",
              "alias": "宽度",
              "type": "String",
              "step": 1,
              "precision": 0,
              "min": 0,
              "max": 10000,
              "default": 150
            },
            {
              "name": "fixed",
              "alias": "固定方式",
              "type": "Enum(\"no:不固定\", \"left:左固定\", \"right:右固定\")",
              "default": "no"
            },
            {
              "name": "canEdit",
              "alias": "可编辑",
              "type": "Boolean",
              "default": false,
              "showCond": [
                "textType"
              ],
              "visible": false,
              "linkable": false
            },
            {
              "name": "isHide",
              "alias": "是否隐藏",
              "type": "Boolean",
              "default": false
            },
            {
              "name": "selectable",
              "type": "String",
              "alias": "禁用函数配置",
              "editor": "script",
              "editValue": {
                "type": "script",
                "content": ""
              },
              "showCond": [
                "checkbox"
              ],
              "linkable": false,
              "editorParams": {
                "args": [
                  {
                    "name": "row"
                  }
                ]
              },
              "tips": "仅对类型为多选框时生效"
            },
            {
              "name": "dateType",
              "type": "Enum(\"year:年\", \"month:月\", \"date:日\",\"dates:可选多个日期\", \"week:周\", \"datetime:日期时间\", \"datetimerange:日期时间区间\", \"daterange:日期区间\", \"monthrange:月区间\")",
              "alias": "日期选择类型",
              "default": "datetime",
              "showCond": [
                "timePicker"
              ],
              "tips": "具体含义可以参考element-ui时间组件"
            },
            {
              "name": "format",
              "alias": "时间显示格式",
              "tips": "和 element-ui 日期格式一致",
              "type": "String",
              "default": "yyyy-MM-dd HH:mm:ss",
              "visible": false,
              "showCond": [
                "timePicker"
              ]
            },
            {
              "name": "valueFormat",
              "alias": "时间绑定值格式",
              "tips": "和 element-ui 日期格式一致",
              "type": "String",
              "default": "yyyy-MM-dd HH:mm:ss",
              "visible": false,
              "showCond": [
                "timePicker"
              ]
            },
            {
              "name": "editable",
              "alias": "文本框可输入",
              "type": "Boolean",
              "default": true,
              "visible": false,
              "showCond": [
                "timePicker"
              ]
            },
            {
              "name": "onlyRead",
              "alias": "是否只读",
              "type": "Boolean",
              "default": false,
              "visible": false,
              "showCond": [
                "editInput",
                "timePicker"
              ]
            },
            {
              "name": "disabled",
              "alias": "是否禁用",
              "type": "String",
              "default": false,
              "visible": false,
              "showCond": [
                "editInput",
                "editNumber",
                "selection",
                "timePicker",
                "switchType"
              ],
              "tips": "所配置表达式运行结果为true则禁用，或者正常。如：row.status == 0"
            },
            {
              "name": "showCtrlBtn",
              "alias": "是否显示控制按钮",
              "type": "Boolean",
              "default": true,
              "showCond": [
                "editNumber"
              ],
              "visible": false,
              "tips": "右侧可调整数字的按钮"
            },
            {
              "alias": "最大值",
              "name": "mumMax",
              "type": "Number",
              "default": 1000,
              "step": 1,
              "max": "Infinity",
              "showCond": [
                "editNumber"
              ],
              "visible": false,
              "tips": "最大值需要大于最小值"
            },
            {
              "alias": "最小值",
              "name": "mumMin",
              "type": "Number",
              "default": 0,
              "step": 1,
              "max": "Infinity",
              "showCond": [
                "editNumber"
              ],
              "visible": false,
              "tips": "最小值需要小于最大值"
            },
            {
              "alias": "精度",
              "name": "precision",
              "type": "Number",
              "default": 0,
              "step": 1,
              "min": 0,
              "max": "Infinity",
              "showCond": [
                "editNumber"
              ],
              "visible": false
            },
            {
              "alias": "步长",
              "name": "numStep",
              "type": "Number",
              "default": 1,
              "step": 1,
              "min": 0,
              "showCond": [
                "editNumber"
              ],
              "visible": false
            },
            {
              "alias": "选项数据映射",
              "name": "selectMapping",
              "type": "String[2]",
              "showCond": [
                "selection"
              ],
              "default": [
                "label",
                "value"
              ],
              "primitiveLabels": [
                "label",
                "value"
              ],
              "visible": false,
              "tips": "下拉选项数据字段映射。"
            },
            {
              "name": "filterable",
              "alias": "是否可搜索",
              "type": "Boolean",
              "default": false,
              "visible": false,
              "showCond": [
                "selection"
              ]
            },
            {
              "name": "options",
              "alias": "下拉选项数据",
              "type": "Complex[*]",
              "editor": "script",
              "linkable": true,
              "visible": false,
              "showCond": [
                "selection"
              ],
              "editorParams": {
                "args": [
                  {
                    "name": "row",
                    "alias": "row"
                  },
                  {
                    "name": "col",
                    "alias": "col"
                  },
                  {
                    "name": "component",
                    "alias": "component"
                  }
                ]
              },
              "tips": "下拉选项数据",
              "default": "return [{\n  \"value\": 1,\n   \"label\": \"标签 1-1\"\n }, {\n  \"value\": 2,\n   \"label\": \"标签  1-2\"\n }]"
            },
            {
              "name": "dataValidation",
              "alias": "数据校验",
              "type": "Complex[*]",
              "inputVisible": false,
              "visible": false,
              "showCond": [
                "editInput",
                "editNumber",
                "selection",
                "timePicker"
              ],
              "attributes": "smartAttrs.validation"
            },
            {
              "name": "headAlign",
              "alias": "列头对齐",
              "type": "Enum(\"left:左对齐\", \"center:居中对齐\", \"right:右对齐\")",
              "default": "left"
            },
            {
              "name": "align",
              "alias": "内容对齐",
              "type": "Enum(\"left:左对齐\", \"center:居中对齐\", \"right:右对齐\")",
              "default": "left",
              "showCond": [
                "seq",
                "textType",
                "linkType",
                "statusTx",
                "statusText",
                "switchType",
                "enumeration",
                "operation",
                "checkbox"
              ]
            },
            {
              "name": "display",
              "alias": "进度条显示",
              "type": "Enum(\"normal:原始值\", \"percent:百分数\")",
              "default": "percent",
              "visible": false,
              "showCond": [
                "progressType"
              ],
              "tips": "仅当该列设置为进度条类型时，控制进度条右侧显示的数值。"
            },
            {
              "name": "sortable",
              "alias": "排序",
              "type": "Boolean",
              "default": false,
              "showCond": [
                "enumeration",
                "textType",
                "linkType",
                "statusTx",
                "statusText"
              ]
            },
            {
              "name": "customSortable",
              "alias": "是否远程排序",
              "type": "Boolean",
              "default": false,
              "showCond": [
                "enumeration",
                "textType",
                "linkType",
                "statusTx",
                "statusText"
              ]
            },
            {
              "name": "iconshow",
              "alias": "图标",
              "type": "String",
              "default": "",
              "editor": "icon",
              "editorParams": {
                "withContent": false
              },
              "visible": false,
              "showCond": [
                "textType",
                "linkType"
              ]
            },
            {
              "name": "formatScript",
              "alias": "格式化脚本",
              "type": "Boolean",
              "showCond": [
                "textType",
                "linkType"
              ],
              "editor": "script",
              "linkable": false,
              "editorParams": {
                "args": [
                  {
                    "name": "row",
                    "alias": "row"
                  },
                  {
                    "name": "col",
                    "alias": "col"
                  },
                  {
                    "name": "component",
                    "alias": "component"
                  }
                ]
              },
              "default": ""
            },
            {
              "alias": "开关开值类型",
              "name": "activeValueType",
              "type": "Enum(\"String:字符串\", \"Number:数字\")",
              "default": "String",
              "visible": false,
              "showCond": [
                "switchType"
              ]
            },
            {
              "alias": "开关开值",
              "name": "activeValue",
              "type": "String",
              "minlength": 0,
              "maxlength": 50,
              "default": "",
              "tips": "仅当该列设置为开关类型时生效。当此值设置后，绑定值等于此值时组件将显示为【开】状态，不等于此值时则为【关】状态",
              "visible": false,
              "showCond": [
                "switchType"
              ]
            },
            {
              "alias": "开关关值",
              "name": "inactiveValue",
              "type": "String",
              "minlength": 0,
              "maxlength": 50,
              "default": "",
              "tips": "仅当该列设置为开关类型时生效。当此值设置后，绑定值等于此值时组件将显示为【开】状态，不等于此值时则为【关】状态",
              "visible": false,
              "showCond": [
                "switchType"
              ]
            },
            {
              "alias": "输入框点击事件",
              "name": "inputClick",
              "type": "Complex",
              "editor": "events",
              "showCond": [
                "editInput"
              ],
              "visible": false,
              "attributes": [
                {
                  "name": "content",
                  "alias": "执行内容",
                  "type": "Complex[*]",
                  "inputVisible": false,
                  "attributes": "smartAttrs.eventContent"
                },
                {
                  "name": "description",
                  "alias": "事件描述",
                  "type": "String",
                  "readonly": true,
                  "editor": "code",
                  "visible": false,
                  "default": "输入框点击事件"
                },
                {
                  "name": "payload",
                  "alias": "参数",
                  "type": "Complex[1]",
                  "readonly": true,
                  "inputVisible": false,
                  "attributes": "smartAttrs.payload",
                  "default": [
                    {
                      "name": "index",
                      "alias": "当前行号"
                    },
                    {
                      "name": "row",
                      "alias": "当前行"
                    },
                    {
                      "name": "column",
                      "alias": "当前列"
                    },
                    {
                      "name": "columns",
                      "alias": "所有列（不包含操作列）"
                    }
                  ]
                }
              ]
            },
            {
              "alias": "输入框失焦事件",
              "name": "inputBlur",
              "type": "Complex",
              "editor": "events",
              "showCond": [
                "editInput"
              ],
              "visible": false,
              "attributes": [
                {
                  "name": "content",
                  "alias": "执行内容",
                  "type": "Complex[*]",
                  "inputVisible": false,
                  "attributes": "smartAttrs.eventContent"
                },
                {
                  "name": "description",
                  "alias": "事件描述",
                  "type": "String",
                  "readonly": true,
                  "editor": "code",
                  "visible": false,
                  "default": "输入框失焦事件"
                },
                {
                  "name": "payload",
                  "alias": "参数",
                  "type": "Complex[1]",
                  "readonly": true,
                  "inputVisible": false,
                  "attributes": "smartAttrs.payload",
                  "default": [
                    {
                      "name": "index",
                      "alias": "当前行号"
                    },
                    {
                      "name": "value",
                      "alias": "当前值"
                    },
                    {
                      "name": "row",
                      "alias": "当前行"
                    },
                    {
                      "name": "column",
                      "alias": "当前列"
                    },
                    {
                      "name": "columns",
                      "alias": "所有列（不包含操作列）"
                    }
                  ]
                }
              ]
            },
            {
              "alias": "值改变事件",
              "name": "valChange",
              "editor": "events",
              "type": "Complex",
              "showCond": [
                "selection",
                "editNumber",
                "timePicker"
              ],
              "attributes": [
                {
                  "name": "content",
                  "alias": "执行内容",
                  "type": "Complex[*]",
                  "inputVisible": false,
                  "attributes": "smartAttrs.eventContent"
                },
                {
                  "name": "description",
                  "alias": "事件描述",
                  "type": "String",
                  "readonly": true,
                  "editor": "code",
                  "visible": false,
                  "default": "值改变事件"
                },
                {
                  "name": "payload",
                  "alias": "参数",
                  "type": "Complex[1]",
                  "readonly": true,
                  "inputVisible": false,
                  "attributes": "smartAttrs.payload",
                  "default": [
                    {
                      "name": "value",
                      "alias": "当前值"
                    },
                    {
                      "name": "row",
                      "alias": "当前行"
                    }
                  ]
                }
              ]
            },
            {
              "alias": "超链接点击事件",
              "name": "linkClick",
              "type": "Complex",
              "editor": "events",
              "showCond": [
                "linkType"
              ],
              "visible": false,
              "attributes": [
                {
                  "name": "content",
                  "alias": "执行内容",
                  "type": "Complex[*]",
                  "inputVisible": false,
                  "attributes": "smartAttrs.eventContent"
                },
                {
                  "name": "description",
                  "alias": "事件描述",
                  "type": "String",
                  "readonly": true,
                  "editor": "code",
                  "visible": false,
                  "default": "超链接点击事件"
                },
                {
                  "name": "payload",
                  "alias": "参数",
                  "type": "Complex[1]",
                  "readonly": true,
                  "inputVisible": false,
                  "attributes": "smartAttrs.payload",
                  "default": [
                    {
                      "name": "row",
                      "alias": "当前行"
                    },
                    {
                      "name": "column",
                      "alias": "当前列"
                    },
                    {
                      "name": "columns",
                      "alias": "所有列（不包含操作列）"
                    }
                  ]
                }
              ]
            },
            {
              "alias": "开关事件",
              "name": "switchChange",
              "type": "Complex",
              "editor": "events",
              "visible": false,
              "showCond": [
                "switchType"
              ],
              "attributes": [
                {
                  "name": "content",
                  "alias": "事件执行内容",
                  "type": "Complex[*]",
                  "inputVisible": false,
                  "attributes": "smartAttrs.eventContent"
                },
                {
                  "name": "description",
                  "alias": "事件描述",
                  "type": "String",
                  "default": "点击开关触发的动作",
                  "readonly": true
                },
                {
                  "name": "payload",
                  "alias": "参数",
                  "type": "Complex[2]",
                  "readonly": true,
                  "inputVisible": false,
                  "attributes": "smartAttrs.payload",
                  "default": [
                    {
                      "name": "value",
                      "alias": "当前开关值"
                    },
                    {
                      "name": "row",
                      "alias": "当前行"
                    }
                  ]
                }
              ]
            },
            {
              "alias": "悬停事件",
              "name": "mouseHover",
              "type": "Complex",
              "editor": "events",
              "showCond": [
                "textType",
                "linkType"
              ],
              "visible": false,
              "attributes": [
                {
                  "name": "content",
                  "alias": "执行内容",
                  "type": "Complex[*]",
                  "inputVisible": false,
                  "attributes": "smartAttrs.eventContent"
                },
                {
                  "name": "description",
                  "alias": "事件描述",
                  "type": "String",
                  "default": "鼠标悬停事件触发的动作",
                  "readonly": true
                },
                {
                  "name": "payload",
                  "alias": "参数",
                  "type": "Complex[1]",
                  "readonly": true,
                  "inputVisible": false,
                  "attributes": "smartAttrs.payload",
                  "default": [
                    {
                      "name": "index",
                      "alias": "当前行号"
                    },
                    {
                      "name": "row",
                      "alias": "当前行"
                    },
                    {
                      "name": "column",
                      "alias": "当前列"
                    },
                    {
                      "name": "columns",
                      "alias": "所有列（不包含操作列）"
                    }
                  ]
                }
              ]
            },
            {
              "alias": "枚举数据映射",
              "name": "enumMapping",
              "type": "String[3]",
              "showCond": [
                "enumeration",
                "statusText",
                "statusTx"
              ],
              "default": [
                "name",
                "value",
                "type"
              ],
              "primitiveLabels": [
                "name",
                "value",
                "type"
              ],
              "visible": false,
              "tips": "枚举数据字段映射。"
            },
            {
              "name": "enumeration",
              "alias": "枚举数据配置",
              "type": "Complex[*]",
              "showCond": [
                "enumeration",
                "statusText",
                "statusTx"
              ],
              "editor": "code",
              "default": [
                {
                  "name": "启用",
                  "value": "1"
                }
              ],
              "visible": false
            },
            {
              "name": "operationList",
              "alias": "操作列按钮配置",
              "type": "String",
              "showCond": [],
              "visible": false,
              "default": "",
              "tips": "仅当该列设置为操作类型时生效。格式例 ：[{label:'按钮1'}]"
            },
            {
              "name": "operationEvents",
              "alias": "操作列按钮配置",
              "type": "Complex[*]",
              "showCond": [
                "operation"
              ],
              "inputVisible": false,
              "attributes": [
                {
                  "name": "name",
                  "alias": "按钮名称",
                  "type": "String",
                  "titleVisible": true
                },
                {
                  "name": "isNameShow",
                  "alias": "显示名称",
                  "type": "Boolean",
                  "default": true,
                  "tips": "选中显示名称，否则隐藏名称，名称作为提示"
                },
                {
                  "name": "btnType",
                  "alias": "按钮类型",
                  "type": "Enum(\"text:文字按钮\", \"primary:主要按钮\", \"success:成功按钮\", \"info:信息按钮\", \"warning:警告按钮\", \"danger:危险按钮\")",
                  "default": "text",
                  "tips": "操作按钮的类型"
                },
                {
                  "name": "textBtnType",
                  "alias": "文字按钮类型",
                  "type": "Enum(\"primary:主要\", \"danger:危险\",  \"success:成功\", \"info:信息\", \"warning:警告\")",
                  "default": "primary",
                  "visible": true,
                  "tips": "文字按钮的类型"
                },
                {
                  "name": "icon",
                  "alias": "图标",
                  "type": "String",
                  "default": "",
                  "editor": "icon",
                  "editorParams": {
                    "withContent": false
                  }
                },
                {
                  "name": "permission",
                  "alias": "权限",
                  "type": "Complex",
                  "attributes": [
                    {
                      "name": "permissionId",
                      "alias": "关联权限",
                      "type": "Complex",
                      "editor": "permission",
                      "editorParams": {
                        "moduleType": 2,
                        "key": "permissionIdentifier"
                      }
                    }
                  ]
                },
                {
                  "name": "isBtnShow",
                  "alias": "隐藏条件",
                  "type": "String",
                  "default": false,
                  "tips": "所配置表达式运行结果为true则隐藏，或者显示。如：row.status != 0"
                },
                {
                  "name": "isBtnDisabled",
                  "alias": "禁用条件",
                  "type": "String",
                  "default": false,
                  "tips": "所配置表达式运行结果为true则禁用，或者正常。如：row.status == 0"
                },
                {
                  "name": "content",
                  "alias": "按钮点击事件",
                  "type": "Complex[*]",
                  "inputVisible": false,
                  "attributes": "smartAttrs.eventContent"
                },
                {
                  "name": "payload",
                  "alias": "参数",
                  "type": "Complex[2]",
                  "readonly": true,
                  "inputVisible": false,
                  "visible": false,
                  "attributes": "smartAttrs.payload",
                  "default": [
                    {
                      "name": "btn",
                      "alias": "当前按钮配置"
                    },
                    {
                      "name": "row",
                      "alias": "当前行"
                    },
                    {
                      "name": "index",
                      "alias": "当前行序号"
                    }
                  ]
                }
              ],
              "tips": "仅当该列设置为操作类型时生效。格式例 ：[{label:'按钮1'}]",
              "visible": false
            },
            {
              "name": "downBtnNum",
              "alias": "下拉按钮个数",
              "type": "Number",
              "min": 0,
              "step": 1,
              "max": 10,
              "showCond": [
                "operation"
              ],
              "default": 0,
              "tips": "默认0时表示没有下拉，当值为n(n>0)时下拉展示后面n个按钮。",
              "visible": false
            },
            {
              "name": "moreDownText",
              "alias": "下拉名称",
              "type": "String",
              "showCond": [
                "operation"
              ],
              "tips": "有下拉按钮时，设置下拉名称",
              "default": "更多",
              "visible": false
            }
          ]
        }
      ]
    },
    {
      "name": "mutilColumnsSet",
      "visible": true,
      "alias": "多级表头设置",
      "attributes": [
        {
          "name": "columnsSets",
          "alias": "多级表头设置项",
          "type": "Complex[*]",
          "editor": "code",
          "default": [],
          "tips": "列表选择项判断依赖的主属性，为表格数据中的某属性。",
          "linkable": true
        }
      ]
    },
    {
      "name": "data",
      "alias": "数据属性",
      "attributes": [
        {
          "name": "tableData",
          "alias": "行数据",
          "type": "Complex[*]",
          "linkable": true,
          "editor": "code",
          "default": []
        },
        {
          "name": "fetchColumnData",
          "alias": "列远程数据",
          "type": "String",
          "linkable": true,
          "tips": "返回数据将与列属性合并，成为最终表头。",
          "editor": "code",
          "default": []
        },
        {
          "name": "fetchColumnPosition",
          "alias": "远程列显示位置",
          "type": "Enum(\"front:前面\",\"behind:后面\")",
          "default": "front",
          "tips": "配置远程列相对列属性配置列的显示位置"
        },
        {
          "name": "mergeRowCol",
          "alias": "合并行列",
          "editor": "script",
          "editorParams": {
            "args": [
              {
                "name": "row",
                "alias": "当前行"
              },
              {
                "name": "column",
                "alias": "当前列"
              },
              {
                "name": "rowIndex",
                "alias": "行索引"
              },
              {
                "name": "columnIndex",
                "alias": "列索引"
              }
            ]
          }
        },
        {
          "name": "setRowColColor",
          "alias": "设置单元格颜色",
          "editor": "script",
          "editorParams": {
            "args": [
              {
                "name": "row",
                "alias": "当前行"
              },
              {
                "name": "column",
                "alias": "当前列"
              },
              {
                "name": "rowIndex",
                "alias": "行索引"
              },
              {
                "name": "columnIndex",
                "alias": "列索引"
              }
            ]
          }
        }
      ]
    },
    {
      "name": "events",
      "alias": "事件",
      "attributes": [
        {
          "alias": "操作列按钮点击事件",
          "name": "btnsClick",
          "type": "Complex",
          "attributes": [
            {
              "name": "content",
              "alias": "执行内容",
              "type": "Complex[*]",
              "inputVisible": false,
              "attributes": "smartAttrs.eventContent"
            },
            {
              "name": "description",
              "alias": "事件描述",
              "type": "String",
              "readonly": true,
              "editor": "code",
              "default": "操作列按钮点击事件"
            },
            {
              "name": "payload",
              "alias": "参数",
              "type": "Complex[1]",
              "readonly": true,
              "inputVisible": false,
              "attributes": "smartAttrs.payload",
              "default": [
                {
                  "name": "btn",
                  "alias": "当前按钮配置"
                },
                {
                  "name": "row",
                  "alias": "当前行"
                },
                {
                  "name": "index",
                  "alias": "当前行序号"
                }
              ]
            }
          ]
        },
        {
          "alias": "格点击",
          "name": "cellClick",
          "type": "Complex",
          "attributes": [
            {
              "name": "content",
              "alias": "执行内容",
              "type": "Complex[*]",
              "inputVisible": false,
              "attributes": "smartAttrs.eventContent"
            },
            {
              "name": "description",
              "alias": "事件描述",
              "type": "String",
              "readonly": true,
              "editor": "code",
              "default": "当某个单元格被点击时会触发该事件"
            },
            {
              "name": "payload",
              "alias": "参数",
              "type": "Complex[1]",
              "readonly": true,
              "inputVisible": false,
              "attributes": "smartAttrs.payload",
              "default": [
                {
                  "name": "row",
                  "alias": "当前行"
                },
                {
                  "name": "column",
                  "alias": "当前列"
                },
                {
                  "name": "cell",
                  "alias": "当前单元格"
                },
                {
                  "name": "value",
                  "alias": "当前单元格内容"
                },
                {
                  "name": "event",
                  "alias": "event对象"
                }
              ]
            }
          ]
        },
        {
          "alias": "勾选",
          "name": "select",
          "type": "Complex",
          "attributes": [
            {
              "name": "content",
              "alias": "执行内容",
              "type": "Complex[*]",
              "inputVisible": false,
              "attributes": "smartAttrs.eventContent"
            },
            {
              "name": "description",
              "alias": "事件描述",
              "type": "String",
              "editor": "code",
              "readonly": true,
              "default": "当用户手动勾选数据行的 Checkbox 时触发的事件"
            },
            {
              "name": "payload",
              "alias": "参数",
              "type": "Complex[1]",
              "readonly": true,
              "inputVisible": false,
              "attributes": "smartAttrs.payload",
              "default": [
                {
                  "name": "selection",
                  "alias": "勾选项"
                },
                {
                  "name": "row",
                  "alias": "当前行"
                }
              ]
            }
          ]
        },
        {
          "alias": "全勾选",
          "name": "selectAll",
          "type": "Complex",
          "attributes": [
            {
              "name": "content",
              "alias": "执行内容",
              "type": "Complex[*]",
              "inputVisible": false,
              "attributes": "smartAttrs.eventContent"
            },
            {
              "name": "description",
              "alias": "事件描述",
              "type": "String",
              "readonly": true,
              "editor": "code",
              "default": "当用户手动勾选全选 Checkbox 时触发的事件"
            },
            {
              "name": "payload",
              "alias": "参数",
              "type": "Complex[1]",
              "readonly": true,
              "inputVisible": false,
              "attributes": "smartAttrs.payload",
              "default": [
                {
                  "name": "selection",
                  "alias": "勾选项"
                },
                {
                  "name": "curPageSelection",
                  "alias": "当前页勾选项"
                }
              ]
            }
          ]
        },
        {
          "alias": "选项变化",
          "name": "selectChange",
          "type": "Complex",
          "attributes": [
            {
              "name": "content",
              "alias": "执行内容",
              "type": "Complex[*]",
              "inputVisible": false,
              "attributes": "smartAttrs.eventContent"
            },
            {
              "name": "description",
              "alias": "事件描述",
              "type": "String",
              "editor": "code",
              "readonly": true,
              "default": "当选择项发生变化时会触发该事件"
            },
            {
              "name": "payload",
              "alias": "参数",
              "type": "Complex[1]",
              "readonly": true,
              "inputVisible": false,
              "attributes": "smartAttrs.payload",
              "default": [
                {
                  "name": "selection",
                  "alias": "勾选项"
                },
                {
                  "name": "keys",
                  "alias": "勾选项数组[selectKey]"
                }
              ]
            }
          ]
        },
        {
          "alias": "排序变化",
          "name": "sortChange",
          "type": "Complex",
          "attributes": [
            {
              "name": "content",
              "alias": "执行内容",
              "type": "Complex[*]",
              "inputVisible": false,
              "attributes": "smartAttrs.eventContent"
            },
            {
              "name": "description",
              "alias": "事件描述",
              "type": "String",
              "editor": "code",
              "readonly": true,
              "default": "当排序项发生变化时会触发该事件"
            },
            {
              "name": "payload",
              "alias": "参数",
              "type": "Complex[1]",
              "readonly": true,
              "inputVisible": false,
              "attributes": "smartAttrs.payload",
              "default": [
                {
                  "name": "column",
                  "alias": "当前列"
                },
                {
                  "name": "order",
                  "alias": "排序规则"
                },
                {
                  "name": "prop",
                  "alias": "当前列属性"
                }
              ]
            }
          ]
        },
        {
          "alias": "行点击",
          "name": "rowClick",
          "type": "Complex",
          "attributes": [
            {
              "name": "content",
              "alias": "执行内容",
              "type": "Complex[*]",
              "inputVisible": false,
              "attributes": "smartAttrs.eventContent"
            },
            {
              "name": "description",
              "alias": "事件描述",
              "type": "String",
              "editor": "code",
              "readonly": true,
              "default": "当某一行被点击时会触发该事件"
            },
            {
              "name": "payload",
              "alias": "参数",
              "type": "Complex[1]",
              "readonly": true,
              "inputVisible": false,
              "attributes": "smartAttrs.payload",
              "default": [
                {
                  "name": "row",
                  "alias": "当前行"
                },
                {
                  "name": "column",
                  "alias": "当前列"
                },
                {
                  "name": "event",
                  "alias": "event对象"
                }
              ]
            }
          ]
        },
        {
          "alias": "展开变化",
          "name": "expandChange",
          "type": "Complex",
          "attributes": [
            {
              "name": "content",
              "alias": "执行内容",
              "type": "Complex[*]",
              "inputVisible": false,
              "attributes": "smartAttrs.eventContent"
            },
            {
              "name": "description",
              "alias": "事件描述",
              "type": "String",
              "readonly": true,
              "editor": "code",
              "default": "当用户对某一行展开或者关闭的时候会触发该事件"
            },
            {
              "name": "payload",
              "alias": "参数",
              "type": "Complex[1]",
              "readonly": true,
              "inputVisible": false,
              "attributes": "smartAttrs.payload",
              "default": [
                {
                  "name": "row",
                  "alias": "当前行"
                },
                {
                  "name": "expanded",
                  "alias": "是否展开"
                }
              ]
            }
          ]
        },
        {
          "alias": "转换表格数据",
          "name": "transformTableData",
          "type": "Complex",
          "attributes": [
            {
              "name": "content",
              "alias": "执行内容",
              "type": "Complex[*]",
              "inputVisible": false,
              "attributes": "smartAttrs.eventContent"
            },
            {
              "name": "description",
              "alias": "事件描述",
              "type": "String",
              "readonly": true,
              "editor": "code",
              "default": "转换表格数据"
            },
            {
              "name": "payload",
              "alias": "参数",
              "type": "Complex[1]",
              "readonly": true,
              "inputVisible": false,
              "attributes": "smartAttrs.payload",
              "default": [
                {
                  "name": "tableData",
                  "alias": "表格数据"
                },
                {
                  "name": "component",
                  "alias": "表格组件"
                }
              ]
            }
          ]
        },
        {
          "name": "pageSizeChange",
          "alias": "分页大小变化",
          "type": "Complex",
          "attributes": [
            {
              "name": "content",
              "alias": "执行内容",
              "type": "Complex[*]",
              "inputVisible": false,
              "attributes": "smartAttrs.eventContent"
            },
            {
              "name": "description",
              "alias": "事件描述",
              "type": "String",
              "readonly": true,
              "editor": "code",
              "default": "分页大小切换触发事件"
            },
            {
              "name": "payload",
              "alias": "参数",
              "type": "Complex[1]",
              "readonly": true,
              "inputVisible": false,
              "attributes": "smartAttrs.payload",
              "default": [
                {
                  "name": "pageSize",
                  "alias": "当前页大小"
                },
                {
                  "name": "tableData",
                  "alias": "表格数据"
                },
                {
                  "name": "component",
                  "alias": "表格组件"
                }
              ]
            }
          ]
        },
        {
          "name": "pageNumChange",
          "alias": "分页页数变化",
          "type": "Complex",
          "attributes": [
            {
              "name": "content",
              "alias": "执行内容",
              "type": "Complex[*]",
              "inputVisible": false,
              "attributes": "smartAttrs.eventContent"
            },
            {
              "name": "description",
              "alias": "事件描述",
              "type": "String",
              "readonly": true,
              "editor": "code",
              "default": "分页大小切换触发事件"
            },
            {
              "name": "payload",
              "alias": "参数",
              "type": "Complex[1]",
              "readonly": true,
              "inputVisible": false,
              "attributes": "smartAttrs.payload",
              "default": [
                {
                  "name": "pageNum",
                  "alias": "当前页数"
                },
                {
                  "name": "tableData",
                  "alias": "表格数据"
                },
                {
                  "name": "component",
                  "alias": "表格组件"
                }
              ]
            }
          ]
        },
        {
          "name": "onRefresh",
          "alias": "刷新事件",
          "type": "Complex",
          "attributes": [
            {
              "name": "content",
              "alias": "执行内容",
              "type": "Complex[*]",
              "inputVisible": false,
              "attributes": "smartAttrs.eventContent"
            },
            {
              "name": "description",
              "alias": "事件描述",
              "type": "String",
              "readonly": true,
              "editor": "code",
              "default": "点击刷新按钮触发事件"
            },
            {
              "name": "payload",
              "alias": "参数",
              "type": "Complex[1]",
              "readonly": true,
              "inputVisible": false,
              "attributes": "smartAttrs.payload",
              "default": [
                {
                  "name": "pageNum",
                  "alias": "当前页数"
                },
                {
                  "name": "tableData",
                  "alias": "表格数据"
                },
                {
                  "name": "component",
                  "alias": "表格组件"
                }
              ]
            }
          ]
        }
      ]
    },
    {
      "name": "methods",
      "alias": "方法",
      "attributes": [
        {
          "name": "loadData",
          "alias": "加载数据",
          "type": "Complex",
          "readonly": true,
          "attributes": [
            {
              "name": "functionName",
              "alias": "方法名称",
              "type": "String",
              "default": "loadData"
            },
            {
              "name": "description",
              "alias": "方法描述",
              "type": "String",
              "editor": "code",
              "default": "加载表格数据"
            },
            {
              "name": "payload",
              "alias": "参数",
              "type": "Complex[3]",
              "inputVisible": false,
              "attributes": "smartAttrs.payload",
              "default": [
                {
                  "name": "params",
                  "alias": "查询参数",
                  "editor": "variable"
                },
                {
                  "name": "flag",
                  "alias": "是否回到初始页",
                  "editor": "variable"
                },
                {
                  "name": "clearSelection",
                  "alias": "是否清空已选择数据",
                  "type": "Boolean",
                  "default": false
                }
              ]
            }
          ]
        },
        {
          "name": "refresh",
          "alias": "刷新表格",
          "type": "Complex",
          "readonly": true,
          "attributes": [
            {
              "name": "functionName",
              "alias": "方法名称",
              "type": "String",
              "default": "refresh"
            },
            {
              "name": "description",
              "alias": "方法描述",
              "type": "String",
              "editor": "code",
              "default": "刷新表格数据"
            },
            {
              "name": "payload",
              "alias": "参数",
              "type": "Complex[2]",
              "inputVisible": false,
              "attributes": "smartAttrs.payload",
              "default": [
                {
                  "name": "currentPage",
                  "alias": "当前页",
                  "editor": "variable"
                },
                {
                  "name": "clearSelection",
                  "alias": "是否清空已选择数据",
                  "type": "Boolean",
                  "default": false
                }
              ]
            }
          ]
        },
        {
          "name": "clearTableData",
          "alias": "清空表格数据",
          "type": "Complex",
          "readonly": true,
          "attributes": [
            {
              "name": "functionName",
              "alias": "方法名称",
              "type": "String",
              "default": "clearTableData"
            },
            {
              "name": "description",
              "alias": "方法描述",
              "type": "String",
              "editor": "code",
              "default": "清空表格数据"
            },
            {
              "name": "payload",
              "alias": "参数",
              "type": "Complex[1]",
              "inputVisible": false,
              "attributes": "smartAttrs.payload",
              "default": []
            }
          ]
        },
        {
          "name": "clearSort",
          "alias": "清空表格排序条件",
          "type": "Complex",
          "readonly": true,
          "attributes": [
            {
              "name": "functionName",
              "alias": "方法名称",
              "type": "String",
              "default": "clearSort"
            },
            {
              "name": "description",
              "alias": "方法描述",
              "type": "String",
              "editor": "code",
              "default": "清空表格排序条件"
            },
            {
              "name": "payload",
              "alias": "参数",
              "type": "Complex[1]",
              "inputVisible": false,
              "attributes": "smartAttrs.payload",
              "default": []
            }
          ]
        },
        {
          "name": "clearSelection",
          "alias": "清空选项",
          "type": "Complex",
          "readonly": true,
          "attributes": [
            {
              "name": "functionName",
              "alias": "方法名称",
              "type": "String",
              "default": "clearSelection"
            },
            {
              "name": "description",
              "alias": "方法描述",
              "type": "String",
              "editor": "code",
              "default": "清空表格所有勾选项"
            },
            {
              "name": "payload",
              "alias": "参数",
              "type": "Complex[1]",
              "inputVisible": false,
              "attributes": "smartAttrs.payload",
              "default": []
            }
          ]
        },
        {
          "name": "doLayout",
          "alias": "重新布局",
          "type": "Complex",
          "readonly": true,
          "attributes": [
            {
              "name": "functionName",
              "alias": "方法名称",
              "type": "String",
              "default": "doLayout"
            },
            {
              "name": "description",
              "alias": "方法描述",
              "type": "String",
              "editor": "code",
              "default": "重新渲染表格布局"
            },
            {
              "name": "payload",
              "alias": "参数",
              "type": "Complex[1]",
              "inputVisible": false,
              "attributes": "smartAttrs.payload",
              "default": []
            }
          ]
        },
        {
          "name": "setCurrentRow",
          "alias": "设置选中",
          "type": "Complex",
          "readonly": true,
          "attributes": [
            {
              "name": "functionName",
              "alias": "方法名称",
              "type": "String",
              "default": "setCurrentRow"
            },
            {
              "name": "description",
              "alias": "方法描述",
              "type": "String",
              "editor": "code",
              "default": "通过行号选中对应行"
            },
            {
              "name": "payload",
              "alias": "参数",
              "type": "Complex[1]",
              "inputVisible": false,
              "attributes": "smartAttrs.payload",
              "default": [
                {
                  "name": "row",
                  "alias": "行号"
                }
              ]
            }
          ]
        },
        {
          "name": "setSelectionKeys",
          "alias": "设置选中项",
          "type": "Complex",
          "readonly": true,
          "attributes": [
            {
              "name": "functionName",
              "alias": "方法名称",
              "type": "String",
              "default": "setSelectionKeys"
            },
            {
              "name": "description",
              "alias": "方法描述",
              "type": "String",
              "editor": "code",
              "default": "通过[selectKey]设置选中"
            },
            {
              "name": "payload",
              "alias": "参数",
              "type": "Complex[1]",
              "inputVisible": false,
              "attributes": "smartAttrs.payload",
              "default": [
                {
                  "name": "keys",
                  "alias": "选择依赖属性数组"
                }
              ]
            }
          ]
        },
        {
          "name": "getSelection",
          "alias": "获取选中项",
          "type": "Complex",
          "readonly": true,
          "returnValue": true,
          "attributes": [
            {
              "name": "functionName",
              "alias": "方法名称",
              "type": "String",
              "default": "getSelection"
            },
            {
              "name": "description",
              "alias": "方法描述",
              "type": "String",
              "editor": "code",
              "default": "获取表格当前选中项"
            },
            {
              "name": "output",
              "alias": "返回值",
              "type": "String",
              "description": "选中项"
            }
          ]
        },
        {
          "name": "setColumnColor",
          "alias": "列颜色标记",
          "type": "Complex",
          "readonly": true,
          "attributes": [
            {
              "name": "functionName",
              "alias": "方法名称",
              "type": "String",
              "default": "setColumnColor"
            },
            {
              "name": "description",
              "alias": "方法描述",
              "type": "String",
              "editor": "code",
              "default": "对某些特殊列进行颜色标记。"
            },
            {
              "name": "payload",
              "alias": "参数",
              "type": "Complex[1]",
              "inputVisible": false,
              "attributes": "smartAttrs.payload",
              "default": [
                {
                  "name": "columns",
                  "alias": "列属性数组",
                  "editor": "variable"
                },
                {
                  "name": "color",
                  "type": "Enum(\"'':默认\",\"primary:主要(primary)\",\"success:成功(success)\", \"warning:警告(warning)\",\"danger:危险(danger)\",\"info:信息(info)\")",
                  "default": "warning",
                  "alias": "列属性颜色设置"
                }
              ]
            }
          ]
        },
        {
          "name": "addTableRow",
          "alias": "新增表格行",
          "type": "Complex",
          "readonly": true,
          "attributes": [
            {
              "name": "functionName",
              "alias": "方法名称",
              "type": "String",
              "default": "addTableRow"
            },
            {
              "name": "description",
              "alias": "方法描述",
              "type": "String",
              "editor": "code",
              "default": "新增表格行"
            },
            {
              "name": "payload",
              "alias": "参数",
              "type": "Complex[1]",
              "inputVisible": false,
              "attributes": "smartAttrs.payload",
              "default": [
                {
                  "name": "rowNumber",
                  "alias": "增加的行数",
                  "type": "Number",
                  "max": 100,
                  "min": 1,
                  "default": 1
                },
                {
                  "name": "isAfter",
                  "alias": "是否加在尾部",
                  "type": "Boolean",
                  "default": true
                },
                {
                  "name": "rowData",
                  "alias": "初始化数据",
                  "editor": "variable",
                  "default": {}
                }
              ]
            }
          ]
        },
        {
          "name": "getValidateResult",
          "alias": "获取校验结果",
          "type": "Complex",
          "readonly": true,
          "returnValue": true,
          "attributes": [
            {
              "name": "functionName",
              "alias": "方法名称",
              "type": "String",
              "default": "getValidateResult"
            },
            {
              "name": "description",
              "alias": "方法描述",
              "type": "String",
              "editor": "code",
              "default": "获取表格输入型内容校验结果"
            },
            {
              "name": "payload",
              "alias": "参数",
              "type": "Complex[1]",
              "inputVisible": false,
              "attributes": "smartAttrs.payload",
              "default": [
                {
                  "name": "params",
                  "alias": "查询参数",
                  "editor": "variable"
                }
              ]
            },
            {
              "name": "output",
              "alias": "返回值",
              "type": "String",
              "description": "校验结果"
            }
          ]
        },
        {
          "name": "validate",
          "alias": "表单校验",
          "type": "Complex",
          "readonly": true,
          "returnValue": true,
          "attributes": [
            {
              "name": "functionName",
              "alias": "方法名称",
              "type": "String",
              "default": "validate"
            },
            {
              "name": "description",
              "alias": "方法描述",
              "type": "String",
              "default": "表单内所有表单校验"
            }
          ]
        },
        {
          "name": "setAllTreeExpand",
          "alias": "展开全部",
          "type": "Complex",
          "readonly": true,
          "attributes": [
            {
              "name": "functionName",
              "alias": "方法名称",
              "type": "String",
              "default": "setAllTreeExpand"
            },
            {
              "name": "description",
              "alias": "方法描述",
              "type": "String",
              "editor": "code",
              "default": "展开全部"
            },
            {
              "name": "payload",
              "alias": "参数",
              "type": "Complex[1]",
              "inputVisible": false,
              "attributes": "smartAttrs.payload",
              "default": []
            }
          ]
        },
        {
          "name": "clearTreeExpand",
          "alias": "树结构收起全部",
          "type": "Complex",
          "readonly": true,
          "attributes": [
            {
              "name": "functionName",
              "alias": "方法名称",
              "type": "String",
              "default": "clearTreeExpand"
            },
            {
              "name": "description",
              "alias": "方法描述",
              "type": "String",
              "editor": "code",
              "default": "树结构收起全部"
            },
            {
              "name": "payload",
              "alias": "参数",
              "type": "Complex[1]",
              "inputVisible": false,
              "attributes": "smartAttrs.payload",
              "default": []
            }
          ]
        }
      ]
    }
  ]
}