{
  "name": "Mobiletab",
  "alias": "移动标签",
  "version": "1.0.6",
  "author": "10002548",
  "groupAlias": "布局",
  "groupName": "layout",
  "type": "vue",
  "description": "",
  "order": 1005,
  "attributes": [{
      "name": "appearance",
      "alias": "外观",
      "attributes": [
        { "name": "font-size", "visible": false },
        { "name": "color", "visible": false },
        { "name": "font-weight", "visible": false },
        { "name": "font-style", "visible": false },
        { "name": "line-height", "visible": false },
        { "name": "text-align", "visible": false },
        { "name": "letter-spacing", "visible": false},
        { "name": "text-decoration", "visible": false }
      ]
    },
    {
    "name": "layout",
    "alias": "布局",
    "attributes": [
      { "name": "span", "default": 24},
      { "name": "height", "default": "300px"},

      { "name": "padding", "visible": false},
      { "name": "borderVisible", "visible": false},
      { "name": "border-style", "visible": true},
      { "name": "border-color", "visible": true},
      { "name": "isBorderRadius", "visible": true},
      { "name": "box-shadow", "visible": true},
      { "name": "blockTitle", "visible": true},
      { "name": "blockTitleFontSize", "visible": true},
      { "name": "blockTitleColor", "visible": true},
      { "name": "blockTitleMargin", "visible": true},
      { "name": "blockTitlePadding", "visible": true},
      { "name": "blockTitleHeight", "visible": true},
      { "name": "blockTitleIcon", "visible": true},
      { "name": "blockToolbarShowType", "visible": true}
    ]
  },
    {
    "name": "others",
    "alias": "其它",
    "attributes": [
      {
        "name": "dynamic",
        "alias": "动态数据",
        "type": "Boolean",
        "linkable": true,
        "default": false
      },
      {
        "name": "data",
        "alias": "动态数据绑定",
        "type": "Complex[*]",
        "editor": "code",
        "linkable": true,
        "default": "[{\"name\":\"选项1\",\"visible\":true},{\"name\":\"选项2\",\"visible\":true}]"
      },
      {
        "name": "tabEnName",
        "type": "String",
        "alias": "标签名称",
        "default": "name",
        "tips": "展示的标签名称将根据本配置字段名生成"
      },
      {
        "name": "tabVisibleName",
        "type": "String",
        "alias": "可见标识",
        "default": "visible",
        "tips": "数据源中该字段可控制tab标签可见性,true/false"
      },
      { "name": "tabNameConfig", "alias": "标签名配置", "type": "Complex[20]", "inputVisible": false,  "attributes": [
        { "name": "tabId", "alias": "标签标识", "type": "String", "default": "", "visible": false},
        { "name": "tabName", "alias": "标签名称", "type": "String", "default": "", "titleVisible": true, "minlength": 0,
          "maxlength": 10},
        { "name": "tabVisible", "alias": "是否可见", "type": "Boolean", "default": true}
      ]},
      { "name": "tabType", "alias": "标签类型", "type": "Enum(\"line:下划线\", \"card:卡片\")", "default": "line"},
      { "name": "activedName", "alias": "当前标签序号", "type": "Number", "default": 1, "min":  1, "max":  3},
      { "name": "animated", "alias": "开启转场动画", "type": "Boolean", "default": false},
      { "name": "tabHeight", "alias": "标签名高度", "type": "Number", "default": 44, "min": 12, "customGroupName": "tabHeight", "visible": false},
      { "name": "tabOverflow", "alias": "内容溢出", "type": "Enum(\"visible:可见\", \"hidden:隐藏\", \"auto:自动滚动\")", "default": "auto"},
      { "name": "gutter", "alias": "内容栅格间隔", "type": "Number", "default": 10, "min":  0, "max": 100, "visible": false},
      { "name": "layoutType", "alias": "内容布局模式", "type": "Enum(\"none:普通布局\", \"flex:flex布局\")", "default": "none", "visible": false},
      { "name": "justify", "alias": "内容水平排列方式", "type": "Enum(\"start:start\", \"end:end\", \"center:center\", \"space-around:space-around\", \"space-between:space-between\")", "default": "start", "visible": false},
      { "name": "align", "alias": "内容垂直排列方式", "type": "Enum(\"top:top\", \"middle:middle\", \"bottom:bottom\")", "default": "top", "visible": false}
    ]
  },{
      "name": "events",
      "alias": "事件",
      "attributes": [
        {
          "name": "tabClick",
          "alias": "页签点击",
          "type": "Complex",
          "attributes": [
            {
              "name": "content",
              "alias": "事件执行内容",
              "type": "Complex[*]",
              "inputVisible": false,
              "attributes": "smartAttrs.eventContent"
            },
            {
              "name": "description",
              "alias": "事件描述",
              "type": "String",
              "default": "点击按钮触发的动作",
              "readonly": true
            },
            { "name": "payload", "alias": "参数", "type": "Complex[2]", "readonly":true, "inputVisible": false, "attributes": "smartAttrs.payload",
              "default":[
                {"name": "tabName", "alias": "标签名称"},
                {"name": "tabIndex", "alias": "点击顺号"}
              ]
            }
          ]
        }
      ]
    },{
      "name": "foreach",
      "alias": "循环",
      "sort": 700,
      "visible": false,
      "attributes": []
    },
    {
      "name": "methods",
      "visible": false,
      "alias": "方法",
      "attributes": [
        {
          "name": "show",
          "visible": false,
          "alias": "显示",
          "type": "Complex",
          "readonly": true,
          "attributes": []
        },
        {
          "name": "hide",
          "visible": false,
          "alias": "隐藏",
          "type": "Complex",
          "readonly": true,
          "attributes": []
        }
      ]
    }
  ]
}
