{
  "name": "Checkbox",
  "alias": "多选框",
  "version": "1.5.0",
  "author": "10002215",
  "groupAlias": "表单组件",
  "groupName": "form",
  "type": "vue",
  "active": true,
  "order": 4002,
  "attributes": [
    {
      "name": "appearance",
      "alias": "外观",
      "visible": false
    },
    {
      "name": "base",
      "alias": "基础",
      "attributes": [
        {
          "name": "type",
          "type": "Enum(\"checkbox:多选框\", \"checkbutton:多选按钮\")",
          "alias": "类型",
          "default": "checkbox",
          "changeHandler": "handleBaseTypeChange"
        },
        {
          "name": "size",
          "type": "Enum(\"large:大\", \"medium:中（默认）\", \"small:小\", \"mini:迷你\")",
          "alias": "尺寸",
          "visible": true,
          "default": "medium",
          "customGroupName": "base",
          "tips": "若类型为多选框，仅在边框勾选时生效。"
        }
      ]
    },
    {
      "name": "toolbar",
      "alias": "工具",
      "attributes": [
        {
          "name": "disabled",
          "type": "Boolean",
          "alias": "禁用",
          "default": false,
          "linkable": true
        },
        {
          "name": "border",
          "type": "Boolean",
          "alias": "边框",
          "default": false,
          "tips": "边框仅对类型为多选框时生效",
          "visible": true
        },
        {
          "name": "title",
          "type": "String",
          "alias": "名称",
          "default": "选项",
          "visible": false
        },
        {
          "name": "label",
          "type": "String",
          "alias": "选中值",
          "default": "选项",
          "visible": false
        },
        {
          "name": "indeterminate",
          "type": "Boolean",
          "alias": "全选",
          "default": false,
          "tips": "",
          "visible": true
        },
        {
          "name": "inlineIndeterminate",
          "type": "Boolean",
          "alias": "同行展示全选",
          "default": false,
          "tips": "同行展示全选/跨行展示全选",
          "visible": true
        },
        {
          "name": "hasSpacing",
          "type": "Boolean",
          "alias": "开启间隔",
          "default": false,
          "tips": "多选按钮状态时生效"
        },
        {
          "name": "spacingNum",
          "type": "String",
          "alias": "间隔设置",
          "default": "",
          "tips":"开启间隔后支持设置此属性。允许设置字符串像素的 50px 和 百分比方式的 50% 。",
          "rules": [{
            "pattern": "/^(__quote:percentage__|(^\\d+(px)$))$/",
            "message": "请输入百分比或者非负整数像素(px)"
          }],
          "visible":false
        },
        {
          "name": "min",
          "type": "Number",
          "alias": "最小数量",
          "min": 0,
          "max": 100,
          "step": 1,
          "precision": 0,
          "default": 0
        },
        {
          "name": "max",
          "type": "Number",
          "alias": "最大数量",
          "default": 5,
          "min": 0,
          "max": 100,
          "step": 1,
          "precision": 0
        }
      ]
    },
    {
      "name": "checkGroup",
      "alias": "选项配置",
      "attributes": [
        {
          "name": "dynamic",
          "alias": "动态数据",
          "type": "Boolean",
          "default": false,
          "changeHandler": "handleRemoteSourceChange"
        },
        {
          "name": "dataSource",
          "alias": "动态数据绑定",
          "type": "Complex[*]",
          "editor": "code",
          "default": [
            {
              "title": "项名",
              "label": "格式示例",
              "disabled": false,
              "border": false
            }
          ],
          "visible": false,
          "customGroupName": "dataSourceConfig"
        },
        {
          "name": "titleName",
          "type": "String",
          "alias": "名称字段",
          "minlength": 0,
          "maxlength": 50,
          "visible": false,
          "default": "title",
          "tips": "指定名称的字段",
          "customGroupName": "dataSourceConfig"
        },
        {
          "name": "disabledName",
          "type": "String",
          "alias": "禁用字段",
          "visible": false,
          "default": "disabled",
          "tips": "指定禁用的字段",
          "customGroupName": "dataSourceConfig"
        },
        {
          "name": "labelName",
          "type": "String",
          "alias": "选中值字段",
          "minlength": 0,
          "maxlength": 50,
          "visible": false,
          "default": "label",
          "tips": "指定选中值的字段",
          "customGroupName": "dataSourceConfig"
        },
        {
          "name": "borderName",
          "type": "String",
          "alias": "边框字段1",
          "default": "border",
          "tips": "指定边框属性的字段，边框仅对类型为多选框时生效",
          "customGroupName": "dataSourceConfig",
          "visible": false
        },
        {
          "name": "checkGroup",
          "type": "Complex[*]",
          "alias": "选项",
          "max": 5,
          "visible": true,
          "inputVisible": false,
          "customGroupName": "dataSourceConfig",
          "attributes": [
            {
              "name": "title",
              "type": "String",
              "alias": "名称",
              "minlength": 0,
              "maxlength": 50,
              "titleVisible": true,
              "default": "选项"
            },
            {
              "name": "disabled",
              "type": "Boolean",
              "alias": "禁用",
              "default": false
            },
            {
              "name": "label",
              "type": "String",
              "alias": "选中值",
              "minlength": 0,
              "maxlength": 50,
              "default": "选项"
            },
            {
              "name": "border",
              "type": "Boolean",
              "alias": "边框",
              "default": false,
              "visible": false,
              "tips": "边框仅对类型为多选框时生效"
            }
          ]
        }
      ]
    },
    {
      "name": "data",
      "alias": "数据",
      "attributes": [
        {
          "name": "value",
          "type": "string",
          "alias": "绑定值"
        },
        {
          "name": "dataType",
          "type": "Boolean",
          "alias": "字符串格式",
          "default": true,
          "tips": "字符串格式：'1,2,3,4' 数组格式: [1, 2, 3]"
        }
      ]
    },
    {
      "name": "events",
      "alias": "事件",
      "attributes": [
        {
          "alias": "组件值改变",
          "name": "change",
          "type": "Complex",
          "attributes": [
            {
              "name": "content",
              "alias": "执行内容",
              "type": "Complex[*]",
              "inputVisible": false,
              "attributes": "smartAttrs.eventContent"
            },
            {
              "name": "description",
              "alias": "事件描述",
              "type": "String",
              "readonly": true,
              "default": "组件值变化会触发该事件"
            },
            {
              "name": "payload",
              "alias": "参数",
              "type": "Complex[1]",
              "readonly": true,
              "inputVisible": false,
              "attributes": "smartAttrs.payload",
              "default": [
                {
                  "name": "value",
                  "alias": "绑定值"
                }
              ]
            }
          ]
        }
      ]
    }
  ]
}