{
  "name": "Chart3DPie",
  "alias": "3D饼图",
  "version": "1.1.4",
  "author": "10005881zx",
  "groupName": "chart",
  "groupAlias": "图表",
  "description": "",
  "type": "vue",
  "order": 3014,
  "attributes": [
    {
      "name": "appearance",
      "alias": "外观",
      "attributes": "smartAttrs.chartAppearance"
    },
    {
      "name": "layout",
      "alias": "布局",
      "expandable": true,
      "attributes": "smartAttrs.chartLayout"
    },
    {
      "name": "title",
      "alias": "标题",
      "expandable": true,
      "attributes": "smartAttrs.chartTitle"
    },
    {
      "name": "tooltip",
      "alias": "提示框",
      "expandable": true,
      "attributes": "smartAttrs.chartTooltip"
    },
    {
      "name": "legend",
      "alias": "图例分组",
      "expandable": true,
      "attributes": "smartAttrs.chartLegend"
    },
    {
      "name": "series",
      "alias": "系列",
      "expandable": true,
      "attributes": [
        {
          "name": "series",
          "alias": "系列",
          "type": "Complex",
          "attributes": [
            {
              "name": "series.data",
              "alias": "系列.关联数据",
              "type": "Complex[*]",
              "default": [
                {
                  "name": "001",
                  "value": 3
                }, {
                  "name": "002",
                  "value": 1
                }, {
                  "name": "003",
                  "value": 1.6
                }, {
                  "name": "004",
                  "value": 2
                }, {
                  "name": "005",
                  "value": 4
                }
              ],
              "editor": "code",
              "linkable": true,
              "customGroupName": "linkable"
            },
            {
              "name": "series.fixedHeight",
              "alias": "系列.固定高度",
              "type": "Boolean",
              "default": true
            },
            {
              "name": "series.height",
              "alias": "系列.高度.高度固定时生效",
              "type": "Number",
              "default": 3,
              "min": 0
            }
          ]
        }
      ]
    },
    {
      "name": "grid3D",
      "alias": "三维笛卡尔坐标系",
      "expandable": true,
      "attributes": [
        {
          "name": "grid3D",
          "alias": "三维笛卡尔坐标系",
          "type": "Complex",
          "attributes": [
            {
              "name": "grid3D.show",
              "alias": "显示坐标系",
              "type": "Boolean",
              "default": false,
              "visible": false
            },
            {
              "name": "grid3D.environment",
              "alias": "坐标系.环境色",
              "type": "String",
              "default": null,
              "editor": "color"
            },
            {
              "name": "grid3D.viewControl.distance",
              "alias": "坐标系.视角.离主体的距离",
              "type": "Number",
              "default": 400,
              "min": 0
            },
            {
              "name": "grid3D.boxHeight",
              "alias": "坐标系.饼图基础高度",
              "type": "Number",
              "default": 10,
              "min": 0
            },
            {
              "name": "grid3D.viewControl.alpha",
              "alias": "坐标系.视角.上下旋转的角度",
              "type": "Number",
              "default": 35,
              "min": -90,
              "max": 90
            },
            {
              "name": "grid3D.viewControl.beta",
              "alias": "坐标系.视角.左右旋转的角度",
              "type": "Number",
              "default": 180,
              "min": 0,
              "max": 360
            },
            {
              "name": "grid3D.viewControl.minBeta",
              "alias": "坐标系.视角.左右旋转的角度的最小值",
              "type": "Number",
              "default": -360,
              "visible": false
            },
            {
              "name": "grid3D.viewControl.maxBeta",
              "alias": "坐标系.视角.左右旋转的角度的最大值",
              "type": "Number",
              "default": 360,
              "visible": false
            },
            {
              "name": "grid3D.viewControl.minDistance",
              "alias": "坐标系.视角.缩放的最小值",
              "type": "Number",
              "default": 20,
              "precision": 1,
              "min": 0
            },
            {
              "name": "grid3D.viewControl.maxDistance",
              "alias": "坐标系.视角.缩放的最大值",
              "type": "Number",
              "default": 400,
              "precision": 1,
              "min": 0
            },
            {
              "name": "grid3D.left",
              "alias": "坐标系.左边距",
              "type": "String",
              "default": "auto",
              "tips": "允许六种值：1.自动:auto；2.靠左:left；3.靠右:right；4.居中:center；5.数字+px:300px；6.百分比:50%",
              "rules": [{
                "pattern": "/^(__quote:percentage__|([1-9]?[0-9]{0,3}px)|(left)|(right)|(center)|(auto))$/",
                "message": "请输入正整数或百分比或字符串"
              }]
            },
            {
              "name": "grid3D.top",
              "alias": "坐标系.上边距",
              "type": "String",
              "default": "auto",
              "tips": "允许六种值：1.自动:auto；2.靠上:top；3.靠下:bottom；4.居中:middle；5.数字+px:300px；6.百分比:50%",
              "rules": [{
                "pattern": "/^(__quote:percentage__|([1-9]?[0-9]{0,3}px)|(top)|(middle)|(bottom)|(auto))$/",
                "message": "请输入正整数或百分比或字符串"
              }]
            },
            {
              "name": "grid3D.width",
              "alias": "坐标系.视图宽度",
              "type": "String",
              "default": "auto",
              "tips": "允许三种值：1.自动:auto；2.数字+px:300px；3.百分比:50%",
              "rules": [{
                "pattern": "/^(__quote:percentage__|([1-9]?[0-9]{0,3}px)|(auto))$/",
                "message": "请输入正整数或百分比或字符串"
              }]
            },
            {
              "name": "grid3D.height",
              "alias": "坐标系.视图高度",
              "type": "String",
              "default": "auto",
              "tips": "允许三种值：1.自动:auto；2.数字+px:300px；3.百分比:50%",
              "rules": [{
                "pattern": "/^(__quote:percentage__|([1-9]?[0-9]{0,3}px)|(auto))$/",
                "message": "请输入正整数或百分比或字符串"
              }]
            }
          ]
        }
      ]
    },
    {
      "name": "methods",
      "alias": "方法",
      "attributes": [
        {
          "name": "refresh",
          "alias": "刷新数据",
          "type": "Complex",
          "attributes": [
            { "name": "functionName", "alias": "方法名称", "type": "String", "readonly": true, "default": "refresh" },
            { "name": "description", "alias": "方法描述", "type": "String", "readonly": true, "default": "此方法用于刷新图表关联数据" }
          ]
        }
      ]
    }
  ]
}
