{
  "name": "ChartGauge",
  "alias": "仪表盘",
  "version": "1.1.2",
  "author": "10002236",
  "groupName": "chart",
  "groupAlias": "图表",
  "type": "vue",
  "description": "",
  "order": 3007,
  "attributes": [
    {
      "name": "appearance",
      "alias": "外观",
      "attributes": "smartAttrs.chartAppearance"
    },
    {
      "name": "layout",
      "alias": "布局",
      "expandable": true,
      "attributes": "smartAttrs.chartLayout"
    },
    {
      "name": "title",
      "alias": "标题",
      "expandable": true,
      "attributes": "smartAttrs.chartTitle"
    },
    {
      "name": "legend",
      "alias": "图例分组",
      "expandable": true,
      "attributes": "smartAttrs.chartLegend"
    },
    {
      "name": "series",
      "alias": "系列分组",
      "expandable": true,
      "attributes": [
        {
          "name": "series",
          "alias": "系列",
          "type": "Complex[*]",
          "inputVisible": false,
          "attributes": [
            {
              "name": "series.type",
              "alias": "系列.类型",
              "type": "Enum(\"gauge:仪表盘\")",
              "default": "gauge"
            },
            {
              "name": "series.name",
              "alias": "系列.系列名称",
              "type": "String",
              "minlength": 0,
              "maxlength": 20,
              "default": "图例名"
            },
            {
              "name": "series.z",
              "alias": "系列.深度顺序",
              "type": "Number",
              "default": 2,
              "min": 0
            },
            {
              "name": "series.center",
              "alias": "系列.中心坐标",
              "type": "String[2]",
              "default": ["50%" ,"50%"],
              "primitiveLabels": ["横坐标", "纵坐标"],
              "rules": [{
                "pattern": "/^(\\-?(__quote:percentage__|([1-9]?[0-9]{0,3})))$/",
                "message": "请输入数值百分比"
              }]
            },
            {
              "name": "series.radius",
              "alias": "系列.半径",
              "type": "String",
              "default": "75%",
              "rules": [{
                "pattern": "/^(__quote:percentage__|([1-9]?[0-9]{0,3}))$/",
                "message": "请输入数值或百分比"
              }]
            },{
              "name": "series.legendHoverLink",
              "alias": "系列.联动高亮",
              "type": "Boolean",
              "default": true
            },
            {
              "name": "series.startAngle",
              "alias": "系列.起始角度",
              "type": "Number",
              "default": 225,
              "min": -360,
              "max": 360,
              "step": 1
            },
            {
              "name": "series.endAngle",
              "alias": "系列.结束角度",
              "type": "Number",
              "default": -45,
              "min": -360,
              "max": 360,
              "step": 1
            },
            {
              "name": "series.clockwise",
              "alias": "系列.顺时针增长",
              "type": "Boolean",
              "default": true
            },
            {
              "name": "series.min",
              "alias": "系列.最小数值",
              "type": "Number",
              "default": 0,
              "min": -99999
            },
            {
              "name": "series.max",
              "alias": "系列.最大数值",
              "type": "Number",
              "default": 100,
              "min": -99999
            },
            {
              "name": "series.splitNumber",
              "alias": "系列.分割段数",
              "type": "Number",
              "default": 10,
              "min": 1,
              "max": 1000
            },{
              "name": "series.axisLine.show",
              "alias": "系列.轴线.显示",
              "type": "Boolean",
              "default": true
            },{
              "name": "series.axisLine.lineStyle.color",
              "alias": "系列.轴线.样式.颜色",
              "type": "Complex[*]",
              "editor": "code",
              "default": [[1, "#E6EBF8"]]
            },{
              "name": "series.axisLine.lineStyle.width",
              "alias": "系列.轴线.样式.宽度",
              "type": "Number",
              "default": 10
            },{
              "name": "series.axisLine.lineStyle.opacity",
              "alias": "系列.轴线.样式.透明度",
              "type": "Number",
              "default": 1,
              "min": 0,
              "max": 1,
              "precision": 2,
              "step": 0.01
            },{
              "name": "series.progress.show",
              "alias": "系列.进度条.显示",
              "type": "Boolean",
              "default": false
            },{
              "name": "series.splitLine.show",
              "alias": "系列.分割线.显示",
              "type": "Boolean",
              "default": true
            },{
              "name": "series.axisTick.show",
              "alias": "系列.刻度.显示",
              "type": "Boolean",
              "default": true
            },{
              "name": "series.axisTick.splitNumber",
              "alias": "系列.刻度.分割刻度数",
              "type": "Number",
              "default": 5,
              "min": 1,
              "max": 50
            },{
              "name": "series.axisTick.length",
              "alias": "系列.刻度.刻度线长",
              "type": "Number",
              "default": 6,
              "min": 0,
              "rules": [{
                "pattern": "/^(__quote:percentage__|([1-9]?[0-9]{0,3}))$/",
                "message": "请输入数值百分比"
              }]
            },{
              "name": "series.axisTick.distance",
              "alias": "系列.刻度.距离轴线",
              "type": "Number",
              "default": 10
            },{
              "name": "series.axisTick.lineStyle.color",
              "alias": "系列.刻度.轴线颜色",
              "type": "String",
              "editor": "color",
              "default": "#63677A"
            },{
              "name": "series.axisTick.lineStyle.width",
              "alias": "系列.刻度.轴线宽度",
              "type": "Number",
              "default": 1,
              "min": 0
            },
            {
              "name": "series.axisLabel.show",
              "alias": "系列.刻度标签.显示",
              "type": "Boolean",
              "default": true
            },
            {
              "name": "series.axisLabel.distance",
              "alias": "系列.刻度标签.距离刻度",
              "type": "Number",
              "default": 15
            },
            {
              "name": "series.axisLabel.formatter",
              "alias": "系列.刻度标签.格式器",
              "type": "String",
              "default": "{value}",
              "tips": "此处设置比较复杂，请参照echarts官方文档,具体参数进行设置"
            },
            {
              "name": "series.axisLabel.color",
              "alias": "系列.刻度标签.颜色",
              "type": "String",
              "editor": "color",
              "default": "#464646"
            },
            {
              "name": "series.axisLabel.fontSize",
              "alias": "系列.刻度标签.字号",
              "type": "Number",
              "default": 12,
              "min": 8,
              "max": 100
            },
            {
              "name": "series.pointer.show",
              "alias": "系列.指针.显示",
              "type": "Boolean",
              "default": true
            },
            {
              "name": "series.pointer.icon",
              "alias": "系列.指针.图标",
              "type": "Enum(''':默认','circle:圆形', 'rect:方形', 'roundRect:圆角', 'triangle:三角', 'diamond:菱形', 'pin:针', 'arrow:箭头', 'none:无')",
              "default": ""
            },
            {
              "name": "series.pointer.offsetCenter",
              "alias": "系列.指针.偏移",
              "type": "String[2]",
              "default": [0, 0],
              "primitiveLabels": ["x", "y"],
              "required": true,
              "rules": [{
                "pattern": "/^(\\-?(__quote:percentage__|([1-9]?[0-9]{0,3})))$/",
                "message": "请输入数值百分比"
              }]
            },
            {
              "name": "series.pointer.length",
              "alias": "系列.指针.长度",
              "type": "String",
              "default": "60%",
              "required": true,
              "rules": [{
                "pattern": "/^(__quote:percentage__|([1-9]?[0-9]{0,3}))$/",
                "message": "请输入数值或百分比"
              }]
            },
            {
              "name": "series.pointer.width",
              "alias": "系列.指针.宽度",
              "type": "Number",
              "default": 6,
              "min": 0
            },
            {
              "name": "series.anchor.show",
              "alias": "系列.指针原点.显示",
              "type": "Boolean",
              "default": true
            },{
              "name": "series.anchor.showAbove",
              "alias": "系列.指针原点.位于上方",
              "type": "Boolean",
              "default": false
            },{
              "name": "series.anchor.size",
              "alias": "系列.指针原点.大小",
              "type": "Number",
              "default": 6,
              "min": 0
            },
            {
              "name": "series.anchor.icon",
              "alias": "系列.指针原点.图标",
              "type": "Enum('circle:圆形', 'rect:方形', 'roundRect:圆角', 'triangle:三角', 'diamond:菱形', 'pin:针', 'arrow:箭头', 'none:无')",
              "default": "circle"
            },
            {
              "name": "series.itemStyle.borderWidth",
              "alias": "系列.边线宽度",
              "type": "Number",
              "default": 0,
              "min": 0
            },
            {
              "name": "series.itemStyle.borderColor",
              "alias": "系列.边线颜色",
              "type": "String",
              "default": "#000",
              "editor": "color"
            },
            {
              "name": "series.itemStyle.borderType",
              "alias": "系列.边线样式",
              "type": "Enum(\"dashed:虚线\",\"solid:实线\",\"dotted:点线\")",
              "default": "solid"
            },
            {
              "name": "series.itemStyle.shadowBlur",
              "alias": "系列.阴影模糊",
              "type": "Number",
              "default": 10,
              "min": 0
            },
            {
              "name": "series.itemStyle.shadowColor",
              "alias": "系列.阴影颜色",
              "type": "String",
              "default": null,
              "editor": "color"
            },
            {
              "name": "series.itemStyle.shadowOffsetX",
              "alias": "系列.阴影偏移X",
              "type": "Number",
              "default": 0,
              "min":-99999
            },
            {
              "name": "series.itemStyle.shadowOffsetY",
              "alias": "系列.阴影偏移Y",
              "type": "Number",
              "default": 0,
              "min":-99999
            },
            {
              "name": "series.itemStyle.color",
              "alias": "系列.图形颜色",
              "type": "String",
              "default": null,
              "editor": "color"
            },
            {
              "name": "series.itemStyle.opacity",
              "alias": "系列.图形透明",
              "type": "Number",
              "default": 1,
              "min": 0,
              "max": 1,
              "precision": 2,
              "step": 0.01
            },
            {
              "name": "series.title.show",
              "alias": "系列.标题.显示",
              "type": "Boolean",
              "default": false
            },
            {
              "name": "series.title.offsetCenter",
              "alias": "系列.标题.偏移",
              "type": "String[2]",
              "default": ["0", "20%"],
              "primitiveLabels": ["x", "y"],
              "rules": [{
                "pattern": "/^(\\-?(__quote:percentage__|([1-9]?[0-9]{0,3})))$/",
                "message": "请输入数值百分比"
              }]
            },
            {
              "name": "series.title.color",
              "alias": "系列.标题.颜色",
              "type": "String",
              "editor": "color",
              "default": "#464646"
            },
            {
              "name": "series.title.fontSize",
              "alias": "系列.标题.字号",
              "type": "Number",
              "default": 16,
              "min": 8
            },
            {
              "name": "series.detail.show",
              "alias": "系列.详情.显示",
              "type": "Boolean",
              "default": true
            },
            {
              "name": "series.detail.color",
              "alias": "系列.详情.颜色",
              "type": "String",
              "editor": "color",
              "default": "#464646"
            },
            {
              "name": "series.detail.fontSize",
              "alias": "系列.详情.字体大小",
              "type": "Number",
              "default": 30,
              "min": 8
            },
            {
              "name": "series.markPoint.data",
              "alias": "系列.标注数据",
              "type": "Complex[*]",
              "editor": "code",
              "default": null
            },
            {
              "name": "series.markPoint.label.show",
              "alias": "系列.标注文字",
              "type": "Boolean",
              "default": true,
              "visible": false
            },
            {
              "name": "series.markPoint.label.formatter",
              "alias": "系列.标注格式器",
              "type": "String",
              "default": "",
              "visible": false
            },
            {
              "name": "series.markPoint.symbol",
              "alias": "系列.标注样式",
              "type": "Enum(\"pin:大头针\",\"circle:圆形\",\"rect:矩形\",\"roundRect:圆角矩形\",\"triangle:三角形\",\"diamond:菱形\",\"emptyCircle:空心圆\",\"none:无\")",
              "default": "pin"
            },
            {
              "name": "series.markPoint.symbolSize",
              "alias": "系列.标注尺寸",
              "type": "Number",
              "default": 50,
              "min": 0
            },
            {
              "name": "series.markPoint.symbolRotate",
              "alias": "系列.标注旋转",
              "type": "Number",
              "default": 0
            },
            {
              "name": "series.markPoint.symbolOffset",
              "alias": "系列.标注偏移",
              "type": "Number[2]",
              "default": [0, 0],
              "visible": false,
              "primitiveLabels": ["x", "y"]
            },
            {
              "name": "series.markPoint.silent",
              "alias": "系列.标注静默",
              "type": "Boolean",
              "default": false
            },
            {
              "name": "series.markPoint.itemStyle.color",
              "alias": "系列.标注颜色",
              "type": "String",
              "default": null,
              "editor": "color"
            },
            {
              "name": "series.markPoint.itemStyle.opacity",
              "alias": "系列.标注透明",
              "type": "Number",
              "default": 1,
              "min": 0,
              "max": 1,
              "precision": 2,
              "step": 0.01
            },
            {
              "name": "series.markPoint.itemStyle.borderColor",
              "alias": "系列.标注边色",
              "type": "String",
              "default": null,
              "editor": "color"
            },
            {
              "name": "series.markPoint.itemStyle.borderType",
              "alias": "系列.标注边型",
              "type": "Enum(\"solid:实线\",\"dashed:虚线\",\"dotted:点线\")",
              "default": "solid"
            },
            {
              "name": "series.markPoint.itemStyle.borderWidth",
              "alias": "系列.标注边宽",
              "type": "Number",
              "default": 0,
              "min": 0
            },
            {
              "name": "series.markLine.data",
              "alias": "系列.标线数据",
              "type": "Complex[*]",
              "editor": "code",
              "default": null
            },
            {
              "name": "series.markLine.symbol",
              "alias": "系列.标线标记",
              "type": "Enum(\"circle:圆形\",\"rect:矩形\",\"roundRect:圆角矩形\",\"triangle:三角形\",\"diamond:菱形\",\"pin:大头针\",\"arrow:箭头\",\"none:无\")[2]",
              "primitiveLabels": ["开端", "末端"],
              "default": ["circle","arrow"]
            },
            {
              "name": "series.markLine.symbolSize",
              "alias": "系列.标线尺寸",
              "type": "Number",
              "default": null,
              "min": 0
            },
            {
              "name": "series.markLine.precision",
              "alias": "系列.标线精度",
              "type": "Number",
              "default": 2,
              "min": 0
            },
            {
              "name": "series.markLine.silent",
              "alias": "系列.标线静默",
              "type": "Boolean",
              "default": false
            },
            {
              "name": "series.markLine.lineStyle.color",
              "alias": "系列.标线颜色",
              "type": "String",
              "default": null,
              "editor": "color"
            },
            {
              "name": "series.markLine.lineStyle.opacity",
              "alias": "系列.标线透明",
              "type": "Number",
              "default": 1,
              "min": 0,
              "max": 1,
              "precision": 2,
              "step": 0.01
            },
            {
              "name": "series.markLine.lineStyle.type",
              "alias": "系列.标线线型",
              "type": "Enum(\"solid:实线\",\"dashed:虚线\",\"dotted:点线\")",
              "default": "solid"
            },
            {
              "name": "series.markLine.lineStyle.width",
              "alias": "系列.标线线宽",
              "type": "Number",
              "default": 1,
              "min": 0
            },
            {
              "name": "series.markLine.lineStyle.curveness",
              "alias": "系列.标线曲度",
              "type": "Number",
              "default": 0,
              "min": 0,
              "max": 1,
              "precision": 1,
              "step": 0.1
            },
            {
              "name": "series.markLine.label.show",
              "alias": "系列.标线标签",
              "type": "Boolean",
              "default": true
            },
            {
              "name": "series.markLine.label.position",
              "alias": "系列.标线签位",
              "type": "Enum(\"start:线的起始点\",\"end:线的结束点\",\"middle:线的中点\")",
              "default": "end"
            },
            {
              "name": "series.markLine.label.formatter",
              "alias": "系列.标线格式",
              "type": "String",
              "default": null,
              "visible": false
            },
            {
              "name": "series.data",
              "alias": "系列.关联数据",
              "type": "Complex[*]",
              "editor": "code",
              "default": [20],
              "linkable": true,
              "customGroupName": "linkable"
            },
            {
              "name": "series.dataField",
              "alias": "系列.关联数据字段名",
              "type": "String",
              "default": "",
              "visible": false
            },
            {
              "name": "series.nameField",
              "alias": "系列.数据项名称字段名",
              "type": "String",
              "default": "",
              "visible": false
            }
          ]
        }
      ]
    },
    {
      "name": "methods",
      "alias": "方法",
      "attributes": "smartAttrs.chartMethods"
    }
  ]
}
