{
  "name":"ContainerObject",
  "alias":"对象容器",
  "version":"1.5.6",
  "author":"10026318",
  "groupAlias":"数据容器",
  "groupName":"dataContainer",
  "type":"vue",
  "description": "",
  "order": 4001,
  "attributes":[
    {
      "name": "appearance",
      "alias": "外观",
      "visible": false
    },
    {
      "name": "layout",
      "alias": "布局",
      "sort": 300,
      "visible": false,
      "attributes": [
        { "name": "lg", "alias": "栅格数量", "type": "Number", "default": 24, "min": 1, "max": 24, "precision":0, "tips": "屏幕分辨率中，宽度≥1200px 响应式栅格数，栅格布局将一行分为24列，栅格数量则为栅格占据的列数", "sort": 3001 },
        { "name": "span", "alias": "栅格数量md", "type": "Number", "default": 24, "min": 1, "max": 24, "precision":0, "tips": "屏幕分辨率中，992px≤宽度<1200px 响应式栅格数，栅格布局将一行分为24列，栅格数量则为栅格占据的列数", "sort": 3002 },
        { "name": "sm", "alias": "栅格数量sm", "type": "Number", "default": 24, "min": 1, "max": 24, "precision":0, "tips": "屏幕分辨率中，768px≤宽度<992px 响应式栅格数，栅格布局将一行分为24列，栅格数量则为栅格占据的列数", "sort": 3003 },
        { "name": "xs", "alias": "栅格数量xs", "type": "Number", "default": 24, "min": 1, "max": 24, "precision":0, "tips": "屏幕分辨率中,宽度<768px 响应式栅格数，栅格布局将一行分为24列，栅格数量则为栅格占据的列数", "sort": 3004 },
        { "name": "width", "alias": "宽度", "type": "String", "default": "100%", "visible": false, "tips": "允许四种值：1.自动:auto；2.数字+px:300px；3.百分比:50%；4.表达式:calc(100% - 140px)", "sort": 3200},
        { "name": "height", "alias": "高度", "type": "String", "default": "auto" , "tips": "允许四种值：1.自动:auto；2.数字+px:300px；3.百分比:50%；4.表达式:calc(100% - 140px)", "sort": 3203, "customGroupName":"filledHeight"}
      ]
    },
    {
      "name":"data",
      "alias":"数据",
      "attributes":[
        {
          "name": "name",
          "alias": "数据模型名称",
          "type": "String",
          "inputVisible": false,
          "visible": false,
          "default": "default"
        },
        {
          "name": "value",
          "alias": "数据模型",
          "type": "Complex",
          "default": {},
          "editor": "data-source",
          "editorParams": {
            "autoFillComponents": true,
            "getDefaultCompsFn": "getDefaultComps",
            "getDefaultTypesFn": "getDefaultTypes"
          },
          "dataLinkMountedHandler": "dataLinkMounted",
          "hideLink": true,
          "linkable": true
        },
        {
          "name": "keepValue",
          "alias": "保留数据模型",
          "type": "Boolean",
          "visible": false,
          "default": false,
          "linkable": false
        },
        {
          "alias":"数据校验",
          "name":"dataValidation",
          "type":"Complex[*]",
          "inputVisible": false,
          "visible": false,
          "attributes": "smartAttrs.validation"
        }
      ]
    },
    {
      "name": "variable",
      "alias": "变量",
      "sort": 500,
      "attributes": [
        { "name": "scopedVariable",
          "alias": "局部变量",
          "type": "Complex[*]",
          "readonly": false,
          "editable": false,
          "inputVisible": false,
          "attributes": "smartAttrs.scopedVariable",
          "default": [{"name": "default", "alias": "对象容器变量", "isObject": true, "type": "Complex","description": "对象容器变量", "objectAttr": [{"name": "", "alias": "", "type": ""}]}
          ]
        }
      ]
    },
    {
      "name": "foreach",
      "alias": "循环",
      "visible": false
    },
    {
      "name":"events",
      "alias":"事件",
      "attributes":[{
        "name":"onResolved",
        "alias":"数据加载完毕",
        "type":"Complex",
        "attributes": [
          {
            "name": "content",
            "alias": "事件执行内容",
            "type": "Complex[*]",
            "inputVisible": false,
            "attributes": "smartAttrs.eventContent"
          },
          {
            "name": "description",
            "alias": "事件描述",
            "type": "String",
            "default": "数据加载完毕",
            "readonly": true
          },
          {
            "name": "payload",
            "alias": "参数",
            "type": "Complex[1]",
            "readonly": true,
            "inputVisible": false,
            "attributes": "smartAttrs.payload",
            "default": [
              {
                "name": "status",
                "alias": "状态"
              }
            ]
          }]
      },{
        "name":"onCommitted",
        "alias":"提交完成",
        "type":"Complex",
        "visible": false,
        "attributes": [
          {
            "name": "content",
            "alias": "事件执行内容",
            "type": "Complex[*]",
            "inputVisible": false,
            "attributes": "smartAttrs.eventContent"
          },
          {
            "name": "description",
            "alias": "事件描述",
            "type": "String",
            "default": "数据提交完成",
            "readonly": true
          }]
      },{
        "name":"onDeleted",
        "alias":"删除完成",
        "type":"Complex",
        "visible": false,
        "attributes": [
          {
            "name": "content",
            "alias": "事件执行内容",
            "type": "Complex[*]",
            "inputVisible": false,
            "attributes": "smartAttrs.eventContent"
          },
          {
            "name": "description",
            "alias": "事件描述",
            "type": "String",
            "default": "数据删除完成",
            "readonly": true
          }]
      }
      ]
    },
    {
      "name":"methods",
      "alias":"方法",
      "attributes":[{ "name": "show",
        "alias": "显示组件",
        "type": "Complex",
        "readonly": true,
        "visible": false,
        "sort": 9001,
        "attributes": [
          { "name": "functionName", "alias": "方法名称", "type": "String", "default": "show" },
          { "name": "description", "alias": "方法描述", "type": "String", "default": "显示组件" }
        ]
      },
        { "name": "hide",
          "alias": "隐藏组件",
          "type": "Complex",
          "readonly": true,
          "visible": false,
          "sort": 9002,
          "attributes": [
            { "name": "functionName", "alias": "方法名称", "type": "String", "default": "hide" },
            { "name": "description", "alias": "方法描述", "type": "String", "default": "隐藏组件" },
            { "name": "payload", "alias": "参数", "type": "Complex[1]", "inputVisible": false, "attributes": "smartAttrs.payload", "default":[
              {"name": "placeholder", "alias": "是否占位", "type": "Boolean", "default": false}
            ]}
          ]
        },{
          "name": "refresh",
          "alias": "刷新",
          "type": "Complex",
          "readonly": true,
          "attributes": [
            {
              "name": "functionName",
              "alias": "方法名称",
              "type": "String",
              "default": "refreshData"
            },
            {
              "name": "description",
              "alias": "方法描述",
              "type": "String",
              "default": "刷新数据"
            }
          ]
        },{
        "name": "commit",
        "alias": "提交",
        "type": "Complex",
        "readonly": true,
        "visible": false,
        "attributes": [
          {
            "name": "functionName",
            "alias": "方法名称",
            "type": "String",
            "default": "commitData"
          },
          {
            "name": "description",
            "alias": "方法描述",
            "type": "String",
            "default": "提交数据"
          },
          { "name": "payload", "alias": "参数", "type": "Complex[2]", "inputVisible": false, "attributes": "smartAttrs.payload", "default":[
            {"name": "form", "alias": "表单数据", "tips": "标识字段为空时代表新增", "editor": "variable"}
          ]}
        ]
      },{
        "name": "delete",
        "alias": "删除",
        "type": "Complex",
        "readonly": true,
        "visible": false,
        "attributes": [
          {
            "name": "functionName",
            "alias": "方法名称",
            "type": "String",
            "default": "deleteData"
          },
          {
            "name": "description",
            "alias": "方法描述",
            "type": "String",
            "default": "删除数据"
          },
          { "name": "payload", "alias": "参数", "type": "Complex[1]", "inputVisible": false, "attributes": "smartAttrs.payload", "default":[
            {"name": "id", "alias": "标识", "tips": "数据唯一标识", "editor": "variable"}
          ]}
        ]
      }
      ]
    }
  ]
}
