{
  "name":"Label",
  "alias":"Label标签",
  "version": "1.4.2",
  "author": "10002548",
  "groupAlias": "基础组件",
  "groupName": "basic",
  "type": "vue",
  "description": "",
  "order": 2005,
  "attributes":[
    {
      "name":"base",
      "alias":"基础",
      "sort": 1,
      "attributes":[
        {
          "name":"label",
          "alias":"标签内容",
          "type":"String",
          "linkable":true,
          "default":"文本内容",
          "minlength": 0,
          "maxlength": 99999,
          "tips": "空格符为\\s, 换行符为\\n; 注意:字母小写, 不支持其他换行或空格符号；"
        },
        { "name": "labelOverflow", "alias": "内容溢出", "type": "Enum(\"wrap:自动换行\", \"clip:不换行并展示省略号\")", "default": "wrap", "changeHandler":  "labelOverflowHandler"},
        { "name": "openDelay", "alias": "延迟出现(ms)", "type": "Number", "min": 0, "max": 100000, "default": 0, "customGroupName":  "labelOverflow", "visible":  false},
        {
          "name": "labelStyle",
          "alias": "样式自定义",
          "type": "Complex[*]",
          "editor": "code",
          "default" : "{\"text-align\": \"left\"}",
          "tips": "自定义个性化样式会覆盖其他配置的标题样式"
        },
        {
          "name":"labelFor",
          "alias":"关联元素ID",
          "type":"String",
          "default":"",
          "minlength": 0,
          "maxlength": 50,
          "visible": false
        },
        {
          "name":"bindVal",
          "alias":"额外绑定变量",
          "type":"String",
          "linkable":true,
          "default":"",
          "tips": "触发点击事件时，会抛出这个变量"
        },
        {
          "name":"globalReact",
          "alias":"全域响应",
          "type":"Boolean",
          "linkable":true,
          "default": false,
          "tips": "点击整个label区域，都响应点击事件"
        },
        {
          "name":"noParse",
          "alias":"原样展示",
          "type":"Boolean",
          "linkable":true,
          "default": false,
          "tips": "开启后，不特殊解析标签内容，原样展示内容；不开启，则将按照html规则来解析标签内容"
        }
      ]
    },
    {
      "name": "labelPre",
      "alias": "前置标签",
      "sort": 2,
      "attributes": [
        {
          "name": "enableLabel",
          "alias": "开启",
          "type": "Boolean",
          "default": false
        },
        {
          "name": "labelContent",
          "alias": "标签文本",
          "type": "String",
          "linkable":true,
          "default":"标签名称",
          "visible": true,
          "minlength": 0,
          "maxlength": 50
        },
        {
          "alias": "字体颜色",
          "name": "fontColor",
          "type": "String",
          "colorFormat": "hex",
          "editor": "color",
          "default": "#606266"
        },
        {
          "name": "labelWidth",
          "alias": "标签宽度",
          "type": "Number",
          "default": 80,
          "min": 0,
          "max": 9999,
          "visible": true
        },
        {
          "name":"labelPosition",
          "alias":"标签文本对齐方式",
          "type":"Enum(\"left:左对齐\",\"right:右对齐\",\"top:顶部对齐\")",
          "default":"right",
          "visible": true
        },
        {
          "name": "labelNoWrap",
          "alias": "超出宽度换行",
          "type": "Boolean",
          "default": false,
          "visible": true,
          "tips": "默认当字符数大于标签宽度时，不会自动换行，系统将字符进行截取处理。如果开启本配置，会自动换行"
        }
      ]
    },
    {
      "name": "appearance",
      "alias": "外观",
      "attributes": [
        { "name": "line-height", "default": 36 },
        { "name": "background-image", "visible": false },
        { "name": "background-repeat", "visible": false },
        { "name": "background-size", "visible": false },
        { "name": "background-position", "visible": false }
      ]
    },
    {
      "name": "layout",
      "alias": "布局",
      "sort": 300,
      "attributes": [
        {
          "name": "isBorderRadius",
          "alias": "边框圆角",
          "type": "Boolean",
          "default": false,
          "visible": true
        },
        {
          "name": "border-radius",
          "alias": "边框圆角大小",
          "type": "Number[4]",
          "min": 0,
          "precision":0,
          "customGroupName":"borderRadiusRelated",
          "primitiveLabels": ["左上角", "右上角", "右下角", "左下角"],
          "visible": false
        },
        {
          "name": "box-shadow",
          "alias": "边框阴影",
          "type": "Boolean",
          "default": false,
          "visible": true
        },
        { "name": "height", "alias": "高度", "type": "String", "default": "auto" , "visible": false}
      ]
    },
    {
      "name": "events",
      "alias": "事件",
      "attributes": [
        {
          "name": "labelClick",
          "alias": "点击标签",
          "type": "Complex",
          "attributes": [
            {
              "name": "content",
              "alias": "执行内容",
              "type": "Complex[*]",
              "inputVisible": false,
              "attributes": "smartAttrs.eventContent"
            },
            {
              "name": "description",
              "alias": "事件描述",
              "type": "String",
              "readonly": true,
              "default": "点击事件"
            },
            {
              "name": "payload",
              "alias": "参数",
              "type": "Complex[1]",
              "readonly":true,
              "inputVisible": false,
              "attributes": "smartAttrs.payload",
              "default":[
                {"name": "value", "alias": "额外绑定变量的值"},
                {"name": "label", "alias": "节点内容"}
              ]
            }
          ]
        }
      ]
    },
    {
      "name":"methods",
      "alias":"方法",
      "attributes":[{
        "name": "setValue",
        "alias": "设置值",
        "type": "Complex",
        "readonly": true,
        "attributes": [
          {
            "name": "functionName",
            "alias": "方法名称",
            "type": "String",
            "default": "setValue"
          },
          {
            "name": "description",
            "alias": "方法描述",
            "type": "String",
            "default": "设置标签内容"
          },
          {
            "name": "payload",
            "alias": "参数",
            "type": "Complex[1]",
            "inputVisible": false,
            "attributes": "smartAttrs.payload",
            "default":[
              {"name": "value", "alias": "绑定值", "editor": "variable"}
            ]
          }
        ]
      },
        {
          "name": "getValue",
          "alias": "获取当前值",
          "type": "Complex",
          "returnValue": true,
          "readonly": true,
          "attributes": [
            {
              "name": "functionName",
              "alias": "方法名称",
              "type": "String",
              "default": "getValue"
            },
            {
              "name": "description",
              "alias": "方法描述",
              "type": "String",
              "default": "获取当前值"
            },
            { "name": "output", "alias": "返回值", "type": "String", "description": "返回当前的值"
            }
          ]
        }
      ]
    }
  ]
}
