{
  "name": "Chart3DLine",
  "alias": "3D折线图",
  "version": "1.1.1",
  "author": "10005881zx",
  "groupName": "chart",
  "groupAlias": "图表",
  "description": "",
  "type": "vue",
  "order": 3011,
  "attributes": [
    {
      "name": "appearance",
      "alias": "外观",
      "attributes": "smartAttrs.chartAppearance"
    },
    {
      "name": "layout",
      "alias": "布局",
      "expandable": true,
      "attributes": "smartAttrs.chartLayout"
    },
    {
      "name": "title",
      "alias": "标题",
      "expandable": true,
      "attributes": "smartAttrs.chartTitle"
    },
    {
      "name": "tooltip",
      "alias": "提示框",
      "expandable": true,
      "attributes": "smartAttrs.chartTooltip"
    },
    {
      "name": "tooltip",
      "alias": "提示框",
      "expandable": true,
      "attributes": [
        {
          "name": "tooltip",
          "alias": "提示框",
          "type": "Complex",
          "attributes": [
            {
              "name": "tooltip.show",
              "alias": "提示框.是否显示",
              "type": "Boolean",
              "default": true
            },
            {
              "name": "tooltip.trigger",
              "alias": "提示框.触发类型",
              "type": "String",
              "default": "item",
              "visible":false
            },
            {
              "name": "tooltip.showContent",
              "alias": "提示框.浮层显示",
              "type": "Boolean",
              "default": true,
              "visible":false
            },
            {
              "name": "tooltip.triggerOn",
              "alias": "提示框.触发条件",
              "type": "String",
              "default": "mousemove|click",
              "visible":false
            }
          ]
        }
      ]
    },
    {
      "name": "series",
      "alias": "系列",
      "expandable": true,
      "attributes": [
        {
          "name": "series",
          "alias": "系列",
          "type": "Complex[*]",
          "inputVisible": false,
          "attributes": [
            {
              "name": "series.type",
              "alias": "系列.类型",
              "type": "Enum('line3D:3D折线图')",
              "default": "line3D",
              "visible": false
            },
            {
              "name": "series.coordinateSystem",
              "alias": "系列.坐标系",
              "type": "Enum('cartesian3D:三维笛卡尔坐标系')",
              "default": "cartesian3D"
            },
            {
              "name": "series.name",
              "alias": "系列.名称",
              "type": "String",
              "default": ""
            },
            {
              "name": "series.data",
              "alias": "系列.关联数据",
              "type": "Complex[*]",
              "default": [[1,1,1],[1,2,1],[2,2,1],[2,1,1],[1,1,1],[1,1,2],[1,2,2],[2,2,2],[2,1,2],[1,1,2]],
              "editor": "code",
              "linkable": true,
              "customGroupName": "linkable"
            },
            {
              "name": "series.lineStyle.color",
              "alias": "系列.线条颜色",
              "type": "String",
              "default": null,
              "editor": "color",
              "tips": "会被视觉映射组件中的图元颜色覆盖"
            },
            {
              "name": "series.lineStyle.opacity",
              "alias": "系列.线条透明度",
              "type": "Number",
              "default": 1,
              "min": 0,
              "max": 1,
              "precision": 2,
              "step": 0.1,
              "tips": "会被视觉映射组件中的透明度覆盖"
            },
            {
              "name": "series.lineStyle.width",
              "alias": "系列.线条宽度",
              "type": "Number",
              "default": 10,
              "min": 0
            }
          ]
        }
      ]
    },
    {
      "name": "visualMap",
      "alias": "视觉映射组件",
      "expandable": true,
      "attributes": "smartAttrs.chartVisualMap"
    },
    {
      "name": "grid3D",
      "alias": "三维笛卡尔坐标系",
      "expandable": true,
      "attributes": "smartAttrs.chartGrid3D"
    },
    {
      "name": "xAxis3D",
      "alias": "X轴",
      "expandable": true,
      "attributes": "smartAttrs.chartXAxis3D"
    },
    {
      "name": "yAxis3D",
      "alias": "Y轴",
      "expandable": true,
      "attributes": "smartAttrs.chartYAxis3D"
    },
    {
      "name": "zAxis3D",
      "alias": "Z轴",
      "expandable": true,
      "attributes": "smartAttrs.chartZAxis3D"
    },
    {
      "name": "methods",
      "alias": "方法",
      "attributes": "smartAttrs.chartMethods"
    }
  ]
}
