{
    "name": "Cell",
    "alias": "Cell组件",
    "version": "1.0.2",
    "author": "吴世冬(2236)",
    "groupAlias": "移动端组件",
    "groupName": "mobile",
    "type": "vue",
    "description": "",
    "order": 5406,
    "attributes": [
        {
            "name": "appearance",
            "visible": false,
            "alias": "外观",
            "attributes": [
                {
                    "name": "font-size",
                    "visible": false
                },
                {
                    "name": "color",
                    "visible": false
                },
                {
                    "name": "font-weight",
                    "visible": false
                },
                {
                    "name": "font-style",
                    "visible": false
                },
                {
                    "name": "line-height",
                    "visible": false
                },
                {
                    "name": "text-align",
                    "visible": false
                },
                {
                    "name": "letter-spacing",
                    "visible": false
                },
                {
                    "name": "text-decoration",
                    "visible": false
                }
            ]
        },
        {
            "name": "layout",
            "alias": "布局",
            "attributes": [
                {
                    "name": "span",
                    "default": 24
                },
                {
                    "name": "height",
                    "value": "auto",
                    "default": "auto"
                },
                {
                    "name": "borderVisible",
                    "visible": false,
                    "alias": "边框显示",
                    "type": "Boolean",
                    "default": false,
                    "changeHandler":"basicChangeHandler"
                }
            ]
        },
        {
            "name": "base",
            "alias": "基础",
            "attributes": [
                {
                    "alias": "标题",
                    "name": "title",
                    "type": "String",
                    "minlength": 0,
                    "maxlength": 10,
                    "readonly": false,
                    "default": "标题"
                },
                {
                    "alias": "描述信息",
                    "name": "label",
                    "type": "String",
                    "minlength": 0,
                    "maxlength": 10,
                    "readonly": false,
                    "default": "描述信息"
                },
                {
                    "alias": "内容",
                    "name": "value",
                    "type": "String",
                    "minlength": 0,
                    "maxlength": 10,
                    "readonly": false,
                    "default": "内容"
                },
                {
                    "alias": "是否展示箭头",
                    "name": "isLink",
                    "type": "Boolean",
                    "readonly": false,
                    "default": true
                }
            ]
        },
        {
            "name": "foreach",
            "alias": "循环",
            "sort": 700,
            "visible": false,
            "attributes": []
        },
        {
            "name": "events",
            "alias": "事件",
            "attributes": [
                {
                    "name": "onClick",
                    "alias": "点击",
                    "type": "Complex",
                    "attributes": [
                        {
                            "name": "content",
                            "alias": "事件执行内容",
                            "type": "Complex[*]",
                            "inputVisible": false,
                            "attributes": "smartAttrs.eventContent"
                        },
                        {
                            "name": "description",
                            "alias": "事件描述",
                            "type": "String",
                            "default": "点击触发的动作",
                            "readonly": true
                        }
                    ]
                }
            ]
        },
        {
            "name": "methods",
            "visible": false,
            "alias": "方法",
            "attributes": [
                {
                    "name": "show",
                    "visible": false,
                    "alias": "显示",
                    "type": "Complex",
                    "readonly": true,
                    "attributes": []
                },
                {
                    "name": "hide",
                    "visible": false,
                    "alias": "隐藏",
                    "type": "Complex",
                    "readonly": true,
                    "attributes": []
                }
            ]
        }
    ]
}
