{
  "name": "NavTabs",
  "alias": "导航标签页",
  "version": "1.0.7",
  "author": "10007406",
  "groupAlias": "基础组件",
  "groupName": "basic",
  "type": "vue",
  "description": "",
  "order": 1050,
  "attributes": [
    {
      "name": "appearance",
      "alias": "外观",
      "attributes": [
        {
          "name": "font-size",
          "visible": false
        },
        {
          "name": "color",
          "visible": false
        },
        {
          "name": "font-weight",
          "visible": false
        },
        {
          "name": "font-style",
          "visible": false
        },
        {
          "name": "line-height",
          "visible": false
        },
        {
          "name": "text-align",
          "visible": false
        },
        {
          "name": "letter-spacing",
          "visible": false
        },
        {
          "name": "text-decoration",
          "visible": false
        }
      ]
    },
    {
      "name": "layout",
      "alias": "布局",
      "attributes": [
        {
          "name": "lg",
          "default": 24
        },
        {
          "name": "span",
          "default": 24
        },
        {
          "name": "height",
          "value": "auto"
        },
        {
          "name": "padding",
          "visible": false
        },
        {
          "name": "borderVisible",
          "visible": true,
          "default": false
        },
        {
          "name": "border-style",
          "visible": true
        },
        {
          "name": "border-color",
          "visible": true
        },
        {
          "name": "isBorderRadius",
          "visible": true
        },
        {
          "name": "box-shadow",
          "visible": true
        },
        {
          "name": "blockTitle",
          "visible": false
        },
        {
          "name": "blockTitleFontSize",
          "visible": false
        },
        {
          "name": "blockTitleColor",
          "visible": false
        },
        {
          "name": "blockTitleMargin",
          "visible": false
        },
        {
          "name": "blockTitlePadding",
          "visible": false
        },
        {
          "name": "blockTitleHeight",
          "visible": false
        },
        {
          "name": "blockTitleIcon",
          "visible": false
        },
        {
          "name": "blockToolbarShowType",
          "visible": false
        }
      ]
    },
    {
      "name": "others",
      "alias": "其它",
      "attributes": [
        {
          "name": "iterate",
          "alias": "动态数据",
          "type": "Boolean",
          "default": false,
          "changeHandler": "changeHandler"
        },
        {
          "name": "tabName",
          "alias": "标签名称",
          "type": "String[*]",
          "default": [
            "name1",
            "name2",
            "name3"
          ],
          "min": 1,
          "changeHandler": "changeHandler",
          "visible": false
        },
        {
          "name": "tabNameConfig",
          "alias": "标签名配置",
          "type": "Complex[*]",
          "customGroupName": "iterationModeFalse",
          "inputVisible": false,
          "attributes": [
            {
              "name": "tabId",
              "alias": "标签标识",
              "type": "String",
              "default": "",
              "visible": false
            },
            {
              "name": "tabName",
              "alias": "标签名称",
              "type": "String",
              "default": "",
              "titleVisible": true,
              "linkable": "true"
            },
            {
              "name": "tabVisible",
              "alias": "是否可见",
              "type": "Boolean",
              "default": true
            }
          ]
        },
        {
          "name": "iterateData",
          "alias": "数据",
          "type": "Complex[*]",
          "linkable": "true",
          "editor": "code",
          "customGroupName": "iterationModeTrue",
          "default": "[{\"name\": \"123\"},{\"name\": \"456\"}]",
          "visible": false
        },
        {
          "name": "tabNameCol",
          "alias": "标签名称字段",
          "type": "String",
          "linkable": "true",
          "customGroupName": "iterationModeTrue",
          "default": "name",
          "visible": false
        },
        {
          "name": "tabVisibleCol",
          "alias": "标签可见字段",
          "type": "String",
          "linkable": "true",
          "customGroupName": "iterationModeTrue",
          "default": "",
          "visible": false
        },
        {
          "name": "tabType",
          "alias": "标签风格",
          "type": "Enum(\"card:选项卡\", \"line:下划线\")",
          "default": "card",
          "visible": true
        },
        {
          "name": "tabBorder",
          "alias": "标签边框显示",
          "type": "Boolean",
          "default": true
        },
        {
          "name": "closeable",
          "alias": "可以关闭标签",
          "type": "Boolean",
          "default": false
        },
        {
          "name": "activedName",
          "alias": "当前标签序号",
          "type": "Number",
          "default": 1,
          "min": 1,
          "max": 3
        },
        {
          "name": "activeColor",
          "alias": "当前标签颜色",
          "type": "String",
          "editor": "color"
        },
        {
          "name": "activeBackgroundColor",
          "alias": "当前标签背景色",
          "type": "String",
          "editor": "color"
        },
        {
          "name": "tabFontSize",
          "alias": "标签名字体大小",
          "type": "Number",
          "default": 12,
          "min": 12,
          "max": 99,
          "precision": 0,
          "step": 1,
          "changeHandler": "changeHandler"
        },
        {
          "name": "tabHeight",
          "alias": "标签名高度",
          "type": "Number",
          "default": 40,
          "min": 12,
          "customGroupName": "tabHeight",
          "visible": false
        },
        {
          "name": "tabStretch",
          "alias": "标签名是否自动撑开",
          "type": "Boolean",
          "default": false,
          "min": 1
        },
        {
          "name": "tabPosition",
          "alias": "标签位置",
          "type": "Enum(\"top:顶部\", \"right:居右\", \"bottom:底部\", \"left:居左\")",
          "default": "top",
          "visible": false
        },
        {
          "name": "gutter",
          "alias": "内容栅格间隔",
          "type": "Number",
          "default": 10,
          "min": 0,
          "max": 100,
          "visible": false
        },
        {
          "name": "layoutType",
          "alias": "内容布局模式",
          "type": "Enum(\"none:普通布局\", \"flex:flex布局\")",
          "default": "none",
          "visible": false
        },
        {
          "name": "justify",
          "alias": "内容水平排列方式",
          "type": "Enum(\"start:start\", \"end:end\", \"center:center\", \"space-around:space-around\", \"space-between:space-between\")",
          "default": "start",
          "visible": false
        },
        {
          "name": "align",
          "alias": "内容垂直排列方式",
          "type": "Enum(\"top:top\", \"middle:middle\", \"bottom:bottom\")",
          "default": "top",
          "visible": false
        }
      ]
    },
    {
      "name": "events",
      "alias": "事件",
      "attributes": [
        {
          "name": "tabClick",
          "alias": "页签点击",
          "type": "Complex",
          "attributes": [
            {
              "name": "content",
              "alias": "事件执行内容",
              "type": "Complex[*]",
              "inputVisible": false,
              "attributes": "smartAttrs.eventContent"
            },
            {
              "name": "description",
              "alias": "事件描述",
              "type": "String",
              "default": "点击按钮触发的动作",
              "readonly": true
            },
            {
              "name": "payload",
              "alias": "参数",
              "type": "Complex[2]",
              "readonly": true,
              "inputVisible": false,
              "attributes": "smartAttrs.payload",
              "default": [
                {
                  "name": "tabName",
                  "alias": "标签名称"
                },
                {
                  "name": "tabIndex",
                  "alias": "点击顺号"
                }
              ]
            }
          ]
        },
        {
          "name": "clickClose",
          "alias": "点击关闭按钮",
          "type": "Complex",
          "attributes": [
            {
              "name": "content",
              "alias": "事件执行内容",
              "type": "Complex[*]",
              "inputVisible": false,
              "attributes": "smartAttrs.eventContent"
            },
            {
              "name": "description",
              "alias": "事件描述",
              "type": "String",
              "default": "点击按钮触发的动作",
              "readonly": true
            },
            {
              "name": "payload",
              "alias": "参数",
              "type": "Complex[1]",
              "readonly": true,
              "inputVisible": false,
              "attributes": "smartAttrs.payload",
              "default": [
                {
                  "name": "index",
                  "alias": "标签名称"
                }
              ]
            }
          ]
        }
      ]
    },
    {
      "name": "methods",
      "alias": "方法",
      "attributes": [
        {
          "name": "setActiveTab",
          "alias": "设置激活页",
          "type": "Complex",
          "readonly": true,
          "attributes": [
            {
              "name": "functionName",
              "alias": "方法名称",
              "type": "String",
              "default": "setActiveTab"
            },
            {
              "name": "description",
              "alias": "方法描述",
              "type": "String",
              "default": "设置激活页"
            },
            {
              "name": "payload",
              "alias": "参数",
              "type": "Number",
              "readonly": true,
              "inputVisible": false,
              "attributes": "smartAttrs.payload",
              "default": [
                {
                  "name": "index",
                  "alias": "标签序号",
                  "editor": "variable"
                }
              ]
            }
          ]
        }
      ]
    }
  ]
}
