{
  "name": "ChartFunnel",
  "alias": "漏斗图",
  "version": "1.1.2",
  "author": "10002236",
  "groupName": "chart",
  "groupAlias": "图表",
  "type": "vue",
  "description": "",
  "order": 3008,
  "attributes": [
    {
      "name": "appearance",
      "alias": "外观",
      "attributes": "smartAttrs.chartAppearance"
    },
    {
      "name": "layout",
      "alias": "布局",
      "expandable": true,
      "attributes": "smartAttrs.chartLayout"
    },
    {
      "name": "title",
      "alias": "标题",
      "expandable": true,
      "attributes": "smartAttrs.chartTitle"
    },
    {
      "name": "tooltip",
      "alias": "提示框",
      "expandable": true,
      "attributes": "smartAttrs.chartTooltip"
    },
    {
      "name": "legend",
      "alias": "图例分组",
      "expandable": true,
      "attributes": "smartAttrs.chartLegend"
    },
    {
      "name": "series",
      "alias": "系列分组",
      "expandable": true,
      "attributes": [
        {
          "name": "series",
          "alias": "系列",
          "type": "Complex[*]",
          "inputVisible": false,
          "attributes": [
            {
              "name": "series.type",
              "alias": "系列.类型",
              "type": "Enum(\"funnel:漏斗图\")",
              "readonly": true,
              "default": "funnel"
            },
            {
              "name": "series.name",
              "alias": "系列.系列名称",
              "type": "String",
              "minlength": 0,
              "maxlength": 20,
              "default": "漏斗图"
            },
            {
              "name": "series.min",
              "alias": "系列.最小值",
              "type": "Number",
              "default": 0,
              "min": 0
            },
            {
              "name": "series.max",
              "alias": "系列.最大值",
              "type": "Number",
              "default": 100,
              "min": 0
            },
            {
              "name": "series.minSize",
              "alias": "系列.最小值映射",
              "type": "String",
              "default": "0%",
              "tips": "只能输入数字和百分比",
              "rules": [{
                "pattern": "/^(__quote:percentage__|([1-9]?[0-9]{0,3}))$/",
                "message": "只能输入数字和百分比"
              }]
            },
            {
              "name": "series.maxSize",
              "alias": "系列.最大值映射",
              "type": "String",
              "default": "100%",
              "tips": "只能输入数字和百分比",
              "rules": [{
                "pattern": "/^(__quote:percentage__|([1-9]?[0-9]{0,3}))$/",
                "message": "只能输入数字和百分比"
              }]
            },
            {
              "name": "series.orient",
              "alias": "系列.漏斗朝向",
              "type": "Enum(\"vertical:垂直\",\"horizontal:水平\")",
              "default": "vertical"
            },
            {
              "name": "series.sort",
              "alias": "系列.数据排序",
              "type": "Enum(\"ascending:上升\",\"descending:下降\",\"none:无\")",
              "default": "descending"
            },
            {
              "name": "series.gap",
              "alias": "系列.图形间距",
              "type": "Number",
              "default": 0,
              "min": 0
            },
            {
              "name": "series.legendHoverLink",
              "alias": "系列.联动高亮",
              "type": "Boolean",
              "default": true
            },
            {
              "name": "series.funnelAlign",
              "alias": "系列.水平对齐类型",
              "type": "Enum(\"left:上升\",\"right:下降\",\"center:无\")",
              "default": "center"
            },
            {
              "name": "series.label.show",
              "alias": "系列.标签显示",
              "type": "Boolean",
              "default": false
            },
            {
              "name": "series.label.formatter",
              "alias": "系列.标签格式",
              "type": "String",
              "default": null
            },
            {
              "name": "series.label.color",
              "alias": "系列.文字颜色",
              "type": "String",
              "default": "#000",
              "editor": "color"
            },
            {
              "name": "series.label.fontSize",
              "alias": "系列.文字字号",
              "type": "Number",
              "default": 12,
              "min": 8
            },
            {
              "name": "series.label.backgroundColor",
              "alias": "系列.标签底色",
              "type": "String",
              "default": "rgba(255,255,255,1)",
              "editor": "color"
            },
            {
              "name": "series.label.position",
              "alias": "系列.标签位置",
              "type": "Enum(\"top:顶部\",\"left:左侧\",\"right:右侧\",\"bottom:底部\",\"inside:内部\",\"outside:外部\")",
              "default": "outside"
            },
            {
              "name": "series.label.align",
              "alias": "系列.水平对齐",
              "type": "Enum(\"left:向左对齐\",\"right:向右对齐\",\"center:居中对齐\")",
              "default": "center",
              "visible": false
            },
            {
              "name": "series.label.verticalAlign",
              "alias": "系列.垂直对齐",
              "type": "Enum(\"top:顶端对齐\",\"middle:垂直居中\",\"bottom:底端对齐\")",
              "default": "middle",
              "visible": false
            },
            {
              "name": "series.itemStyle.color",
              "alias": "系列.图形颜色",
              "type": "String",
              "default": null,
              "editor": "color"
            },
            {
              "name": "series.itemStyle.opacity",
              "alias": "系列.图形透明",
              "type": "Number",
              "default": 1,
              "min": 0,
              "max": 1,
              "precision": 2,
              "step": 0.01
            },
            {
              "name": "series.itemStyle.borderWidth",
              "alias": "系列.边线宽度",
              "type": "Number",
              "default": 0,
              "min": 0
            },
            {
              "name": "series.itemStyle.borderColor",
              "alias": "系列.边线颜色",
              "type": "String",
              "default": null,
              "editor": "color"
            },
            {
              "name": "series.itemStyle.borderType",
              "alias": "系列.边线样式",
              "type": "Enum(\"dashed:虚线\",\"solid:实线\",\"dotted:点线\")",
              "default": "solid"
            },
            {
              "name": "series.itemStyle.shadowBlur",
              "alias": "系列.阴影模糊",
              "type": "Number",
              "default": null,
              "min": 0
            },
            {
              "name": "series.itemStyle.shadowColor",
              "alias": "系列.阴影颜色",
              "type": "String",
              "default": null,
              "editor": "color"
            },
            {
              "name": "series.itemStyle.shadowOffsetX",
              "alias": "系列.阴影偏移X",
              "type": "Number",
              "default": 0,
              "min":-99999
            },
            {
              "name": "series.itemStyle.shadowOffsetY",
              "alias": "系列.阴影偏移Y",
              "type": "Number",
              "default": 0,
              "min":-99999
            },
            {
              "name": "series.z",
              "alias": "系列.系列顺序",
              "type": "Number",
              "default": 2,
              "min": 0
            },
            {
              "name": "series.left",
              "alias": "系列.左间距",
              "type": "Number",
              "default": 80
            },
            {
              "name": "series.top",
              "alias": "系列.上间距",
              "type": "Number",
              "default": 60
            },
            {
              "name": "series.right",
              "alias": "系列.右间距",
              "type": "Number",
              "default": 80
            },
            {
              "name": "series.bottom",
              "alias": "系列.下间距",
              "type": "Number",
              "default": 60
            },
            {
              "name": "series.markPoint.data",
              "alias": "系列.标注数据",
              "type": "Complex[*]",
              "editor": "code",
              "default": null
            },
            {
              "name": "series.markPoint.label.show",
              "alias": "系列.标注文字",
              "type": "Boolean",
              "default": true,
              "visible": false
            },
            {
              "name": "series.markPoint.label.formatter",
              "alias": "系列.标注格式器",
              "type": "String",
              "default": "",
              "visible": false
            },
            {
              "name": "series.markPoint.symbol",
              "alias": "系列.标注样式",
              "type": "Enum(\"pin:大头针\",\"circle:圆形\",\"rect:矩形\",\"roundRect:圆角矩形\",\"triangle:三角形\",\"diamond:菱形\",\"emptyCircle:空心圆\",\"none:无\")",
              "default": "pin"
            },
            {
              "name": "series.markPoint.symbolSize",
              "alias": "系列.标注尺寸",
              "type": "Number",
              "default": 50,
              "min": 0
            },
            {
              "name": "series.markPoint.symbolRotate",
              "alias": "系列.标注旋转",
              "type": "Number",
              "default": 0
            },
            {
              "name": "series.markPoint.symbolOffset",
              "alias": "系列.标注偏移",
              "type": "Number[2]",
              "default": [0, 0],
              "visible": false,
              "primitiveLabels": ["x", "y"]
            },
            {
              "name": "series.markPoint.silent",
              "alias": "系列.标注静默",
              "type": "Boolean",
              "default": false
            },
            {
              "name": "series.markPoint.itemStyle.color",
              "alias": "系列.标注颜色",
              "type": "String",
              "default": null,
              "editor": "color"
            },
            {
              "name": "series.markPoint.itemStyle.opacity",
              "alias": "系列.标注透明",
              "type": "Number",
              "default": 1,
              "min": 0,
              "max": 1,
              "precision": 2,
              "step": 0.01
            },
            {
              "name": "series.markPoint.itemStyle.borderColor",
              "alias": "系列.标注边色",
              "type": "String",
              "default": null,
              "editor": "color"
            },
            {
              "name": "series.markPoint.itemStyle.borderType",
              "alias": "系列.标注边型",
              "type": "Enum(\"solid:实线\",\"dashed:虚线\",\"dotted:点线\")",
              "default": "solid"
            },
            {
              "name": "series.markPoint.itemStyle.borderWidth",
              "alias": "系列.标注边宽",
              "type": "Number",
              "default": 0,
              "min": 0
            },
            {
              "name": "series.markLine.data",
              "alias": "系列.标线数据",
              "type": "Complex[*]",
              "editor": "code",
              "default": null
            },
            {
              "name": "series.markLine.symbol",
              "alias": "系列.标线标记",
              "type": "Enum(\"circle:圆形\",\"rect:矩形\",\"roundRect:圆角矩形\",\"triangle:三角形\",\"diamond:菱形\",\"pin:大头针\",\"arrow:箭头\",\"none:无\")[2]",
              "primitiveLabels": ["开端", "末端"],
              "default": ["circle","arrow"]
            },
            {
              "name": "series.markLine.symbolSize",
              "alias": "系列.标线尺寸",
              "type": "Number",
              "default": null,
              "min": 0
            },
            {
              "name": "series.markLine.precision",
              "alias": "系列.标线精度",
              "type": "Number",
              "default": 2,
              "min": 0
            },
            {
              "name": "series.markLine.silent",
              "alias": "系列.标线静默",
              "type": "Boolean",
              "default": false
            },
            {
              "name": "series.markLine.lineStyle.color",
              "alias": "系列.标线颜色",
              "type": "String",
              "default": null,
              "editor": "color"
            },
            {
              "name": "series.markLine.lineStyle.opacity",
              "alias": "系列.标线透明",
              "type": "Number",
              "default": 1,
              "min": 0,
              "max": 1,
              "precision": 2,
              "step": 0.01
            },
            {
              "name": "series.markLine.lineStyle.type",
              "alias": "系列.标线线型",
              "type": "Enum(\"solid:实线\",\"dashed:虚线\",\"dotted:点线\")",
              "default": "solid"
            },
            {
              "name": "series.markLine.lineStyle.width",
              "alias": "系列.标线线宽",
              "type": "Number",
              "default": 1,
              "min": 0
            },
            {
              "name": "series.markLine.lineStyle.curveness",
              "alias": "系列.标线曲度",
              "type": "Number",
              "default": 0,
              "min": 0,
              "max": 1,
              "precision": 1,
              "step": 0.1
            },
            {
              "name": "series.markLine.label.show",
              "alias": "系列.标线标签",
              "type": "Boolean",
              "default": true
            },
            {
              "name": "series.markLine.label.position",
              "alias": "系列.标线签位",
              "type": "Enum(\"start:线的起始点\",\"end:线的结束点\",\"middle:线的中点\")",
              "default": "end"
            },
            {
              "name": "series.markLine.label.formatter",
              "alias": "系列.标线格式",
              "type": "String",
              "default": null
            },
            {
              "name": "series.markArea.data",
              "alias": "系列.标域数据",
              "type": "Complex[*]",
              "editor": "code",
              "visible": false,
              "default": null
            },
            {
              "name": "series.markArea.itemStyle.color",
              "alias": "系列.标域颜色",
              "type": "String",
              "default": null,
              "editor": "color",
              "visible": false
            },
            {
              "name": "series.markArea.itemStyle.opacity",
              "alias": "系列.标域透明",
              "type": "Number",
              "default": 1,
              "min": 0,
              "max": 1,
              "precision": 2,
              "step": 0.01,
              "visible": false
            },
            {
              "name": "series.markArea.itemStyle.borderColor",
              "alias": "系列.标域边色",
              "type": "String",
              "default": null,
              "editor": "color",
              "visible": false
            },
            {
              "name": "series.markArea.itemStyle.borderType",
              "alias": "系列.标域边型",
              "type": "Enum(\"solid:实线\",\"dashed:虚线\",\"dotted:点线\")",
              "default": "solid",
              "visible": false
            },
            {
              "name": "series.markArea.itemStyle.borderWidth",
              "alias": "系列.标域边宽",
              "type": "Number",
              "default": 0,
              "min": 0,
              "visible": false
            },
            {
              "name": "series.markArea.label.show",
              "alias": "系列.标域标签",
              "type": "Boolean",
              "default": false,
              "visible": false
            },
            {
              "name": "series.markArea.label.position",
              "alias": "系列.标域签位",
              "type": "Enum(\"top:顶端\",\"left:左侧\",\"right:右侧\",\"bottom:底端\",\"inside:内部\")",
              "default": "inside",
              "visible": false
            },
            {
              "name": "series.data",
              "alias": "系列.关联数据",
              "type": "Complex[*]",
              "editor": "code",
              "default": [60, 40, 20, 80, 100],
              "linkable": true,
              "customGroupName": "linkable"
            },
            {
              "name": "series.dataField",
              "alias": "系列.关联数据字段名",
              "type": "String",
              "default": "",
              "visible": false
            },
            {
              "name": "series.nameField",
              "alias": "系列.数据项名称字段名",
              "type": "String",
              "default": "",
              "visible": false
            }
          ]
        }
      ]
    },
    {
      "name": "methods",
      "alias": "方法",
      "attributes": "smartAttrs.chartMethods"
    }
  ]
}
