{
    "name": "ColorPicker",
    "alias": "颜色选择器",
    "version": "1.4.0",
    "author": "10007406",
    "groupAlias": "表单组件",
    "groupName": "form",
    "type": "vue",
    "description": "",
    "order": 2008,
    "attributes": [
        {
            "name": "appearance",
            "alias": "外观",
            "visible": false
        },
        {
            "name": "base",
            "alias": "基本属性",
            "attributes": [
                {
                    "name": "preSetColorList",
                    "alias": "预置颜色列表",
                    "type": "String[*]",
                    "default": [
                        "#ffffff",
                        "#111111",
                        "#dd22ee"
                    ],
                    "editor": "color"
                },
                {
                    "name": "containsTheme",
                    "alias": "可选主题色",
                    "type": "Boolean",
                    "default": true
                }
            ]
        },
        {
            "name": "dataSource",
            "alias": "数据",
            "attributes": [
                {
                    "name": "dataType",
                    "alias": "颜色数据类型",
                    "type": "Enum(\"theme:主题颜色\", \"custom:自定义颜色\")",
                    "default": "custom",
                    "changeHandler": "changeHandler"
                },
                {
                    "name": "customColor",
                    "alias": "自定义颜色",
                    "type": "String",
                    "default": "#ffffff",
                    "customGroupName": "customColor"
                },
                {
                    "name": "themeName",
                    "alias": "主题名称",
                    "type": "String",
                    "default": "primary",
                    "customGroupName": "themeName",
                    "visible": false
                },
                {
                    "alias": "数据校验",
                    "name": "dataValidation",
                    "type": "Complex[*]",
                    "inputVisible": false,
                    "attributes": "smartAttrs.validation"
                }
            ]
        },
        {
            "name": "events",
            "alias": "事件",
            "attributes": [
                {
                    "name": "onChange",
                    "alias": "改变内容",
                    "type": "Complex",
                    "attributes": [
                        {
                            "name": "content",
                            "alias": "执行内容",
                            "type": "Complex[*]",
                            "inputVisible": false,
                            "attributes": "smartAttrs.eventContent"
                        },
                        {
                            "name": "description",
                            "alias": "事件描述",
                            "type": "String",
                            "readonly": true,
                            "default": "当颜色选择器内容改变时会触发该事件"
                        },
                        {
                            "name": "payload",
                            "alias": "参数",
                            "type": "Complex[4]",
                            "readonly": true,
                            "inputVisible": false,
                            "attributes": "smartAttrs.payload",
                            "default": [
                                {
                                    "name": "dataType",
                                    "alias": "类型"
                                },
                                {
                                    "name": "customColor",
                                    "alias": "自定义颜色值"
                                },
                                {
                                    "name": "themeName",
                                    "alias": "主题色名称"
                                }
                            ]
                        }
                    ]
                }
            ]
        },
        {
            "name": "methods",
            "alias": "方法",
            "attributes": [
                {
                    "name": "setValue",
                    "alias": "设置内容",
                    "type": "Complex",
                    "readonly": true,
                    "attributes": [
                        {
                            "name": "functionName",
                            "alias": "方法名称",
                            "type": "String",
                            "default": "setValue",
                            "readonly": true
                        },
                        {
                            "name": "description",
                            "alias": "方法描述",
                            "type": "String",
                            "default": "设置颜色选择器的内容",
                            "readonly": true
                        },
                        {
                            "name": "payload",
                            "alias": "参数",
                            "type": "Complex[1]",
                            "inputVisible": false,
                            "attributes": "smartAttrs.payload",
                            "default": [
                                {
                                    "name": "dataType",
                                    "alias": "类型",
                                    "editor": "variable"
                                },
                                {
                                    "name": "customColor",
                                    "alias": "自定义颜色值",
                                    "editor": "variable"
                                },
                                {
                                    "name": "themeName",
                                    "alias": "主题色名称",
                                    "editor": "variable"
                                }
                            ]
                        }
                    ]
                },
                {
                    "name": "getValue",
                    "alias": "获取内容",
                    "type": "Complex",
                    "readonly": true,
                    "returnValue": true,
                    "attributes": [
                        {
                            "name": "functionName",
                            "alias": "方法名称",
                            "type": "String",
                            "default": "getValue",
                            "readonly": true
                        },
                        {
                            "name": "description",
                            "alias": "方法描述",
                            "type": "String",
                            "default": "获取颜色选择器中现选内容",
                            "readonly": true
                        },
                        {
                            "name": "output",
                            "alias": "返回值",
                            "type": "Complex[2]",
                            "description": "获取内容",
                            "default": [{
                                "name": "dataType",
                                "alias": "数据类型",
                                "type": "Boolean"
                            }, {
                                "name": "customColor",
                                "alias": "颜色变量",
                                "type": "String"
                            }, {
                                "name": "themeName",
                                "alias": "主题标识",
                                "type": "String"
                            }
                        ] }
                    ]
                }
            ]
        }
    ]
}
