{
  "name": "Step",
  "alias": "步骤条",
  "version": "1.4.0",
  "author": "Cenghouqi",
  "groupAlias": "基础组件",
  "groupName": "basic",
  "type": "vue",
  "description": "",
  "order": 2010,
  "attributes": [
    {
      "name": "appearance",
      "alias": "外观",
      "visible": false
    },
    {
      "name": "layout",
      "alias": "布局",
      "attributes": [
        {
          "name": "height",
          "visible": true,
          "default": "100%"
        },
        {
          "name": "width",
          "visible": true,
          "default": "100%"
        }
      ]
    },
    {
      "name": "base",
      "alias": "基础",
      "attributes": [
        {
          "name": "direction",
          "alias": "步骤条方向",
          "type": "Enum(\"horizontal:水平方向\",\"vertical:竖直方向\")",
          "default": "horizontal",
          "changeHandler": "directionChange"
        },
        {
          "name": "processStatus",
          "alias": "当前步骤状态",
          "type": "Enum(\"wait:wait\",\"success:success\",\"process:process\",\"finish:finish\",\"error:error\")",
          "default": "process",
          "changeHandler": "statusChange",
          "tips": "当前步骤的状态颜色选项"
        },
        {
          "name": "finishStatus",
          "alias": "结束步骤状态",
          "type": "Enum(\"wait:wait\",\"success:success\",\"process:process\",\"finish:finish\",\"error:error\")",
          "default": "finish",
          "changeHandler": "statusChange",
          "tips": "已结束步骤的状态颜色选项"
        },
        {
          "name": "isFollowStatus",
          "type": "Boolean",
          "alias": "默认文本颜色",
          "default": true,
          "tips": "文本颜色是否跟随当前步骤状态"
        }
      ]
    },
    {
      "name": "dataSourceConfig",
      "alias": "选项配置",
      "attributes": [
        {
          "name": "isDynamicData",
          "alias": "动态数据",
          "type": "Boolean",
          "default": false,
          "changeHandler": "dataTypeChange",
          "tips": "步骤条是否填充动态数据"
        },
        {
          "name": "stepData",
          "alias": "步骤条数据",
          "type": "Complex[*]",
          "editor": "code",
          "linkable": true,
          "customGroupName": "dataSourceConfig",
          "tips": "步骤条的动态数据列表",
          "visible": false,
          "default": [
            {
              "title": "标题",
              "text": "步骤文本",
              "description": "步骤说明",
              "value": "0",
              "icon": "",
              "isActive": false
            },
            {
              "title": "标题1",
              "text": "步骤文本",
              "description": "步骤说明",
              "value": "1",
              "icon": "",
              "isActive": false
            }
          ]
        },
        {
          "name": "stepProp",
          "alias": "数据字段名称",
          "type": "Complex",
          "customGroupName": "dataSourceConfig",
          "visible": false,
          "tips": "动态数据的字段名称，可修改",
          "attributes": [
            {
              "name": "title",
              "type": "String",
              "alias": "步骤标题",
              "default": "title",
              "tips": "默认值为：title",
              "maxlength": 50
            },
            {
              "name": "text",
              "type": "String",
              "alias": "步骤正文",
              "default": "text",
              "tips": "默认值为：text",
              "maxlength": 50
            },
            {
              "name": "description",
              "type": "String",
              "alias": "步骤说明",
              "default": "description",
              "tips": "默认值为：description",
              "maxlength": 50
            },
            {
              "name": "icon",
              "type": "String",
              "alias": "步骤图标",
              "default": "icon",
              "tips": "默认值为：icon",
              "maxlength": 50
            },
            {
              "name": "value",
              "type": "String",
              "alias": "步骤值",
              "default": "value",
              "tips": "默认值为：value",
              "maxlength": 50
            },
            {
              "name": "isActive",
              "type": "String",
              "alias": "步骤是否激活",
              "default": "isActive",
              "tips": "默认值为：isActive",
              "maxlength": 50
            }
          ]
        },
        {
          "name": "active",
          "alias": "当前步骤",
          "customGroupName": "dataStaticSourceConfig",
          "type": "String",
          "visible": true,
          "default": "0",
          "tips": "当前步骤的 value"
        },
        {
          "name": "stepDataStatic",
          "type": "Complex[*]",
          "alias": "静态数据选项",
          "max": 5,
          "min": 2,
          "visible": true,
          "inputVisible": false,
          "customGroupName": "dataStaticSourceConfig",
          "tips": "静态的步骤条数据，用户自己手动添加生成",
          "attributes": [
            {
              "name": "title",
              "type": "String",
              "alias": "步骤标题",
              "default": "title",
              "maxlength": 50
            },
            {
              "name": "text",
              "type": "String",
              "alias": "步骤正文",
              "default": "text",
              "maxlength": 50
            },
            {
              "name": "description",
              "type": "String",
              "alias": "步骤说明",
              "default": "description",
              "maxlength": 50
            },
            {
              "name": "icon",
              "type": "String",
              "alias": "步骤图标",
              "editor": "icon",
              "default": "",
              "maxlength": 50
            },
            {
              "name": "value",
              "type": "String",
              "alias": "步骤值",
              "default": "0",
              "visible": false
            }
          ]
        }
      ]
    },
    {
      "name": "events",
      "alias": "事件",
      "attributes": [
        {
          "name": "stepClick",
          "alias": "步骤点击事件",
          "type": "Complex",
          "tips": "步骤条点击事件",
          "attributes": [
            {
              "name": "content",
              "alias": "事件执行内容",
              "type": "Complex[*]",
              "inputVisible": false,
              "attributes": "smartAttrs.eventContent"
            },
            {
              "name": "description",
              "alias": "事件描述",
              "type": "String",
              "default": "点击触发的动作",
              "readonly": true
            },
            {
              "name": "payload",
              "alias": "参数",
              "type": "Complex[2]",
              "readonly": true,
              "inputVisible": false,
              "attributes": "smartAttrs.payload",
              "default": [
                {
                  "name": "stepData",
                  "alias": "当前步骤条"
                },
                {
                  "name": "stepIndex",
                  "alias": "下标"
                }
              ]
            }
          ]
        }
      ]
    },
    {
      "name": "methods",
      "alias": "方法",
      "attributes": [
        {
          "name": "refresh",
          "alias": "刷新步骤条",
          "type": "Complex",
          "readonly": true,
          "attributes": [
            {
              "name": "functionName",
              "alias": "方法名称",
              "type": "String",
              "default": "refresh"
            },
            {
              "name": "description",
              "alias": "方法描述",
              "type": "String",
              "editor": "code",
              "default": "刷新步骤条数据"
            },
            {
              "name": "payload",
              "alias": "参数",
              "type": "Complex[0]",
              "inputVisible": false,
              "attributes": "smartAttrs.payload"
            }
          ]
        }
      ]
    },
    {
      "name": "foreach",
      "alias": "循环",
      "visible": false
    }
  ]
}
