{
    "name": "AInputTable",
    "alias": "列表选择",
    "version": "1.5.23",
    "author": "10002215",
    "groupAlias": "表单组件",
    "groupName": "form",
    "type": "vue",
    "order": 4003,
    "description": "",
    "attributes": [
        {
            "name": "appearance",
            "alias": "外观",
            "visible": false
        },
        {
            "name": "base",
            "alias": "基础属性",
            "attributes": [
                {
                    "name": "dialogWidth",
                    "alias": "弹出宽度",
                    "type": "Number",
                    "min": 400,
                    "step": 1,
                    "precision": 0,
                    "max": 4800,
                    "default": 700
                },
                {
                    "name": "dialogHeight",
                    "alias": "弹出表格高度",
                    "type": "Number",
                    "min": 40,
                    "step": 1,
                    "precision": 0,
                    "max": 10000,
                    "default": 500
                },
                {
                    "name": "title",
                    "alias": "弹出标题",
                    "type": "String",
                    "default": "标题",
                    "minlength": 0,
                    "maxlength": 20
                },
                {
                    "name": "filterSpan",
                    "alias": "搜索项栅格",
                    "type": "Number",
                    "tips": "设置每个搜索项所占据的栅格数量",
                    "min": 0,
                    "step": 1,
                    "precision": 0,
                    "max": 24,
                    "default": 8
                }
            ]
        },
        {
            "name": "input",
            "alias": "输入框属性",
            "attributes": [
                {
                    "alias": "尺寸",
                    "name": "size",
                    "type": "Enum(\"medium:正常\", \"small:较小\", \"mini:迷你\")",
                    "default": "medium"
                },
                {
                    "alias": "提示文字",
                    "name": "placeholder",
                    "type": "String",
                    "minlength": 0,
                    "maxlength": 50,
                    "default": "请输入"
                },
                {
                    "alias": "禁用",
                    "name": "disabled",
                    "linkable": true,
                    "type": "Boolean",
                    "default": false
                },
                {
                    "alias": "多选",
                    "name": "multiple",
                    "type": "Boolean",
                    "default": false,
                    "changeHandler": "handleClickRowSelectShow"
                },
                {
                    "alias": "点击是否选中",
                    "name": "clickRowIsSelect",
                    "type": "Boolean",
                    "default": true,
                    "visible": false
                },
                {
                    "alias": "选择字段",
                    "name": "propsLabel",
                    "type": "String",
                    "default": "name",
                    "tips": "列属性",
                    "minlength": 0,
                    "maxlength": 20
                },
                {
                    "alias": "返回字段",
                    "name": "propsValue",
                    "type": "String",
                    "default": "address",
                    "tips": "列属性",
                    "minlength": 0,
                    "maxlength": 20
                },
                {
                    "alias": "返回显示统计",
                    "name": "displayNum",
                    "type": "Boolean",
                    "default": false,
                    "tips": "多选情况下，此选项用于精简信息内容，显示选择了多少项。"
                }
            ]
        },
        {
            "name": "list",
            "alias": "列表属性",
            "attributes": [
                {
                    "name": "border",
                    "alias": "表格边框",
                    "type": "Boolean",
                    "default": false
                },
                {
                    "name": "indent",
                    "alias": "展开缩进",
                    "type": "Number",
                    "min": 0,
                    "step": 1,
                    "precision": 0,
                    "max": 200,
                    "default": 16
                },
                {
                    "name": "emptyText",
                    "alias": "无数据显示",
                    "type": "String",
                    "default": "暂无数据"
                },
                {
                    "name": "pageTrans",
                    "alias": "当前页参数名",
                    "type": "String",
                    "default": "page"
                },
                {
                    "name": "pageSizeTrans",
                    "alias": "分页数参数名",
                    "type": "String",
                    "default": "pageSize"
                }
            ]
        },
        {
            "name": "cols",
            "alias": "列属性",
            "attributes": [
                {
                    "name": "columns",
                    "alias": "列",
                    "type": "Complex[*]",
                    "inputVisible": false,
                    "attributes": [
                        {
                            "name": "label",
                            "alias": "列名称",
                            "type": "String",
                            "minlength": 1,
                            "maxlength": 50,
                            "default": "姓名",
                            "titleVisible": true
                        },
                        {
                            "name": "type",
                            "alias": "类型",
                            "type": "Enum(\"text:文本\", \"enumeration:枚举\", \"operation:操作列\")",
                            "default": "text"
                        },
                        {
                            "name": "prop",
                            "alias": "属性",
                            "type": "String",
                            "default": "name"
                        },
                        {
                            "name": "width",
                            "alias": "宽度",
                            "type": "String",
                            "step": 1,
                            "precision": 0,
                            "min": 0,
                            "max": 10000,
                            "default": 150
                        },
                        {
                            "name": "isHide",
                            "alias": "是否隐藏",
                            "type": "Boolean",
                            "default": false
                        },
                        {
                            "name": "headAlign",
                            "alias": "列头对齐",
                            "type": "Enum(\"left:左对齐\", \"center:居中对齐\", \"right:右对齐\")",
                            "default": "center"
                        },
                        {
                            "name": "align",
                            "alias": "内容对齐",
                            "type": "Enum(\"left:左对齐\", \"center:居中对齐\", \"right:右对齐\")",
                            "default": "center"
                        },
                        {
                            "name": "enumeration",
                            "alias": "枚举数据配置",
                            "type": "String",
                            "default": "[{name:'启用',value:'1'}]",
                            "tips": "仅当该列设置为枚举类型时生效。格式例 ：[{name:'启用',value:'1'}]",
                            "visible": false,
                            "showCond": [
                                "enumeration"
                            ]
                        },
                        {
                            "name": "operationList",
                            "alias": "操作列按钮配置",
                            "type": "String",
                            "showCond": [],
                            "visible": false,
                            "default": "",
                            "tips": "仅当该列设置为操作类型时生效。格式例 ：[{label:'按钮1'}]"
                        },
                        {
                            "name": "operationEvents",
                            "alias": "操作列按钮配置",
                            "type": "Complex[*]",
                            "showCond": [
                                "operation"
                            ],
                            "inputVisible": false,
                            "attributes": [
                                {
                                    "name": "name",
                                    "alias": "按钮名称",
                                    "type": "String",
                                    "titleVisible": true
                                },
                                {
                                    "name": "isNameShow",
                                    "alias": "显示名称",
                                    "type": "Boolean",
                                    "default": true,
                                    "tips": "选中显示名称，否则隐藏名称，名称作为提示"
                                },
                                {
                                    "name": "btnType",
                                    "alias": "按钮类型",
                                    "type": "Enum(\"text:文字按钮\", \"primary:主要按钮\", \"success:成功按钮\", \"info:信息按钮\", \"warning:警告按钮\", \"danger:危险按钮\")",
                                    "default": "text",
                                    "tips": "操作按钮的类型"
                                },
                                {
                                    "name": "textBtnType",
                                    "alias": "文字按钮类型",
                                    "type": "Enum(\"primary:主要\", \"danger:危险\",  \"success:成功\", \"info:信息\", \"warning:警告\")",
                                    "default": "primary",
                                    "visible": true,
                                    "tips": "文字按钮的类型"
                                },
                                {
                                    "name": "icon",
                                    "alias": "图标",
                                    "type": "String",
                                    "default": "",
                                    "editor": "icon",
                                    "editorParams": {
                                        "withContent": false
                                    }
                                },
                                {
                                    "name": "permission",
                                    "alias": "权限",
                                    "type": "Complex",
                                    "attributes": [
                                        {
                                            "name": "permissionId",
                                            "alias": "关联权限",
                                            "type": "Complex",
                                            "editor": "permission",
                                            "editorParams": {
                                                "moduleType": 2,
                                                "key": "permissionIdentifier"
                                            }
                                        }
                                    ]
                                },
                                {
                                    "name": "isBtnShow",
                                    "alias": "隐藏条件",
                                    "type": "String",
                                    "default": false,
                                    "tips": "所配置表达式运行结果为true则隐藏，或者显示。如：row.status != 0"
                                },
                                {
                                    "name": "isBtnDisabled",
                                    "alias": "禁用条件",
                                    "type": "String",
                                    "default": false,
                                    "tips": "所配置表达式运行结果为true则禁用，或者正常。如：row.status == 0"
                                },
                                {
                                    "name": "content",
                                    "alias": "按钮点击事件",
                                    "type": "Complex[*]",
                                    "inputVisible": false,
                                    "attributes": "smartAttrs.eventContent"
                                },
                                {
                                    "name": "payload",
                                    "alias": "参数",
                                    "type": "Complex[2]",
                                    "readonly": true,
                                    "inputVisible": false,
                                    "visible": false,
                                    "attributes": "smartAttrs.payload",
                                    "default": [
                                        {
                                            "name": "btn",
                                            "alias": "当前按钮配置"
                                        },
                                        {
                                            "name": "row",
                                            "alias": "当前行"
                                        },
                                        {
                                            "name": "index",
                                            "alias": "当前行序号"
                                        }
                                    ]
                                }
                            ],
                            "tips": "仅当该列设置为操作类型时生效。格式例 ：[{label:'按钮1'}]",
                            "visible": false
                        },
                        {
                            "name": "downBtnNum",
                            "alias": "下拉按钮个数",
                            "type": "Number",
                            "min": 0,
                            "step": 1,
                            "max": 10,
                            "showCond": [
                                "operation"
                            ],
                            "default": 0,
                            "tips": "默认0时表示没有下拉，当值为n(n>0)时下拉展示后面n个按钮。",
                            "visible": false
                        },
                        {
                            "name": "moreDownText",
                            "alias": "下拉名称",
                            "type": "String",
                            "showCond": [
                                "operation"
                            ],
                            "tips": "有下拉按钮时，设置下拉名称",
                            "default": "更多",
                            "visible": false
                        },
                        {
                            "name": "sortable",
                            "alias": "排序",
                            "type": "Boolean",
                            "visible": true,
                            "default": false,
                            "showCond": [
                                "text"
                            ]
                        },
                        {
                            "name": "customSortable",
                            "alias": "是否远程排序",
                            "type": "Boolean",
                            "visible": false,
                            "default": false
                        }
                    ]
                }
            ]
        },
        {
            "name": "searchCols",
            "alias": "搜索属性",
            "attributes": [
                {
                    "name": "searchColumns",
                    "alias": "搜索项",
                    "type": "Complex[*]",
                    "inputVisible": false,
                    "attributes": [
                        {
                            "name": "label",
                            "alias": "名称",
                            "type": "String",
                            "minlength": 1,
                            "maxlength": 20,
                            "tips": "建议在五字以内",
                            "default": "姓名",
                            "titleVisible": true
                        },
                        {
                            "name": "placeholder",
                            "alias": "提示信息",
                            "type": "String",
                            "minlength": 1,
                            "maxlength": 20,
                            "tips": "建议在五字以内",
                            "default": "姓名"
                        },
                        {
                            "name": "labelWidth",
                            "alias": "标题宽度",
                            "type": "Number",
                            "step": 1,
                            "precision": 0,
                            "min": 0,
                            "default": 60,
                            "max": 10000
                        },
                        {
                            "name": "type",
                            "alias": "类型",
                            "type": "Enum(\"input:输入框\", \"select:下拉框\")",
                            "default": "input"
                        },
                        {
                            "name": "prop",
                            "alias": "属性",
                            "type": "String",
                            "default": "name"
                        },
                        {
                            "name": "options",
                            "alias": "下拉框内容",
                            "type": "String",
                            "tips": "请使用单引号",
                            "default": "[{label:'启用',value:'1'}]"
                        }
                    ]
                }
            ]
        },
        {
            "name": "data",
            "alias": "数据属性",
            "attributes": [
                {
                    "name": "tableData",
                    "alias": "行数据",
                    "type": "Complex[*]",
                    "linkable": true,
                    "editor": "code",
                    "default": [
                        {
                            "grade": "20",
                            "name": "王小虎",
                            "address": "上海市普陀区金沙江路 1518 弄"
                        },
                        {
                            "grade": "80",
                            "name": "王小虎",
                            "address": "上海市普陀区金沙江路 1517 弄"
                        },
                        {
                            "grade": "50",
                            "name": "王小虎",
                            "address": "上海市普陀区金沙江路 1519 弄"
                        },
                        {
                            "grade": "60",
                            "name": "王小虎",
                            "address": "上海市普陀区金沙江路 1516 弄"
                        }
                    ]
                },
                {
                    "alias": "输入框值",
                    "name": "inputValue",
                    "type": "string",
                    "linkable": true,
                    "default": "",
                    "tips": "若想保留选择数据，此项要求必须绑定变量"
                },
                {
                    "alias": "数据校验",
                    "name": "dataValidation",
                    "type": "Complex[*]",
                    "inputVisible": false,
                    "attributes": "smartAttrs.validation"
                }
            ]
        },
        {
            "name": "events",
            "alias": "事件",
            "attributes": [
                {
                    "alias": "列表选择",
                    "name": "selectChange",
                    "type": "Complex",
                    "attributes": [
                        {
                            "name": "content",
                            "alias": "执行内容",
                            "type": "Complex[*]",
                            "inputVisible": false,
                            "attributes": "smartAttrs.eventContent"
                        },
                        {
                            "name": "description",
                            "alias": "事件描述",
                            "type": "String",
                            "readonly": true,
                            "editor": "code",
                            "default": "当弹出列表点击选择按钮时触发事件"
                        },
                        {
                            "name": "payload",
                            "alias": "参数",
                            "type": "Complex[1]",
                            "readonly": true,
                            "inputVisible": false,
                            "attributes": "smartAttrs.payload",
                            "default": [
                                {
                                    "name": "row",
                                    "alias": "当前选择数据"
                                },
                                {
                                    "name": "valueKeys",
                                    "alias": "当前选择数据【返回字段】的集合"
                                },
                                {
                                    "name": "labelKeys",
                                    "alias": "当前选择数据【选择字段】的集合"
                                }
                            ]
                        }
                    ]
                },
                {
                    "alias": "操作列按钮点击事件",
                    "name": "btnsClick",
                    "type": "Complex",
                    "attributes": [
                        {
                            "name": "content",
                            "alias": "执行内容",
                            "type": "Complex[*]",
                            "inputVisible": false,
                            "attributes": "smartAttrs.eventContent"
                        },
                        {
                            "name": "description",
                            "alias": "事件描述",
                            "type": "String",
                            "readonly": true,
                            "editor": "code",
                            "default": "操作列按钮点击事件"
                        },
                        {
                            "name": "payload",
                            "alias": "参数",
                            "type": "Complex[1]",
                            "readonly": true,
                            "inputVisible": false,
                            "attributes": "smartAttrs.payload",
                            "default": [
                                {
                                    "name": "btn",
                                    "alias": "当前按钮配置"
                                },
                                {
                                    "name": "row",
                                    "alias": "当前行"
                                }
                            ]
                        }
                    ]
                },
                {
                    "alias": "格点击",
                    "name": "cellClick",
                    "type": "Complex",
                    "attributes": [
                        {
                            "name": "content",
                            "alias": "执行内容",
                            "type": "Complex[*]",
                            "inputVisible": false,
                            "attributes": "smartAttrs.eventContent"
                        },
                        {
                            "name": "description",
                            "alias": "事件描述",
                            "type": "String",
                            "readonly": true,
                            "editor": "code",
                            "default": "当某个单元格被点击时会触发该事件"
                        },
                        {
                            "name": "payload",
                            "alias": "参数",
                            "type": "Complex[4]",
                            "readonly": true,
                            "inputVisible": false,
                            "attributes": "smartAttrs.payload",
                            "default": [
                                {
                                    "name": "row",
                                    "alias": "当前行"
                                },
                                {
                                    "name": "column",
                                    "alias": "当前列"
                                },
                                {
                                    "name": "cell",
                                    "alias": "当前单元格"
                                },
                                {
                                    "name": "event",
                                    "alias": "event对象"
                                }
                            ]
                        }
                    ]
                },
                {
                    "alias": "勾选变化",
                    "name": "select",
                    "type": "Complex",
                    "attributes": [
                        {
                            "name": "content",
                            "alias": "执行内容",
                            "type": "Complex[*]",
                            "inputVisible": false,
                            "attributes": "smartAttrs.eventContent"
                        },
                        {
                            "name": "description",
                            "alias": "事件描述",
                            "type": "String",
                            "readonly": true,
                            "editor": "code",
                            "default": "当用户手动勾选数据行的 Checkbox 时触发的事件"
                        },
                        {
                            "name": "payload",
                            "alias": "参数",
                            "type": "Complex[1]",
                            "readonly": true,
                            "inputVisible": false,
                            "attributes": "smartAttrs.payload",
                            "default": [
                                {
                                    "name": "selection",
                                    "alias": "勾选项"
                                },
                                {
                                    "name": "row",
                                    "alias": "当前行"
                                }
                            ]
                        }
                    ]
                },
                {
                    "alias": "全勾选",
                    "name": "selectAll",
                    "type": "Complex",
                    "attributes": [
                        {
                            "name": "content",
                            "alias": "执行内容",
                            "type": "Complex[*]",
                            "inputVisible": false,
                            "attributes": "smartAttrs.eventContent"
                        },
                        {
                            "name": "description",
                            "alias": "事件描述",
                            "type": "String",
                            "readonly": true,
                            "editor": "code",
                            "default": "当用户手动勾选全选 Checkbox 时触发的事件"
                        },
                        {
                            "name": "payload",
                            "alias": "参数",
                            "type": "Complex[1]",
                            "readonly": true,
                            "inputVisible": false,
                            "attributes": "smartAttrs.payload",
                            "default": [
                                {
                                    "name": "selection",
                                    "alias": "勾选项"
                                }
                            ]
                        }
                    ]
                },
                {
                    "alias": "行点击",
                    "name": "rowClick",
                    "type": "Complex",
                    "attributes": [
                        {
                            "name": "content",
                            "alias": "执行内容",
                            "type": "Complex[*]",
                            "inputVisible": false,
                            "attributes": "smartAttrs.eventContent"
                        },
                        {
                            "name": "description",
                            "alias": "事件描述",
                            "type": "String",
                            "readonly": true,
                            "editor": "code",
                            "default": "当某一行被点击时会触发该事件"
                        },
                        {
                            "name": "payload",
                            "alias": "参数",
                            "type": "Complex[3]",
                            "readonly": true,
                            "inputVisible": false,
                            "attributes": "smartAttrs.payload",
                            "default": [
                                {
                                    "name": "row",
                                    "alias": "当前行"
                                },
                                {
                                    "name": "column",
                                    "alias": "当前列"
                                },
                                {
                                    "name": "event",
                                    "alias": "event对象"
                                }
                            ]
                        }
                    ]
                },
                {
                    "alias": "展开变化",
                    "name": "expandChange",
                    "type": "Complex",
                    "attributes": [
                        {
                            "name": "content",
                            "alias": "执行内容",
                            "type": "Complex[*]",
                            "inputVisible": false,
                            "attributes": "smartAttrs.eventContent"
                        },
                        {
                            "name": "description",
                            "alias": "事件描述",
                            "type": "String",
                            "editor": "code",
                            "readonly": true,
                            "default": "当用户对某一行展开或者关闭的时候会触发该事件"
                        },
                        {
                            "name": "payload",
                            "alias": "参数",
                            "type": "Complex[1]",
                            "readonly": true,
                            "inputVisible": false,
                            "attributes": "smartAttrs.payload",
                            "default": [
                                {
                                    "name": "row",
                                    "alias": "当前行"
                                }
                            ]
                        }
                    ]
                },
                {
                    "alias": "转换表格数据",
                    "name": "transformTableData",
                    "type": "Complex",
                    "visible": false,
                    "attributes": [
                        {
                            "name": "content",
                            "alias": "执行内容",
                            "type": "Complex[*]",
                            "inputVisible": false,
                            "attributes": "smartAttrs.eventContent"
                        },
                        {
                            "name": "description",
                            "alias": "事件描述",
                            "type": "String",
                            "editor": "code",
                            "readonly": true,
                            "default": "转换表格数据"
                        },
                        {
                            "name": "payload",
                            "alias": "参数",
                            "type": "Complex[1]",
                            "readonly": true,
                            "inputVisible": false,
                            "attributes": "smartAttrs.payload",
                            "default": [
                                {
                                    "name": "tableData",
                                    "alias": "表格数据"
                                },
                                {
                                    "name": "component",
                                    "alias": "表格组件"
                                }
                            ]
                        }
                    ]
                }
            ]
        },
        {
            "name": "methods",
            "alias": "方法",
            "visible": true,
            "attributes": [
                {
                    "name": "clearSelection",
                    "alias": "清空选项",
                    "type": "Complex",
                    "readonly": true,
                    "attributes": [
                        {
                            "name": "functionName",
                            "alias": "方法名称",
                            "type": "String",
                            "default": "clearSelection"
                        },
                        {
                            "name": "description",
                            "alias": "方法描述",
                            "type": "String",
                            "readonly": true,
                            "editor": "code",
                            "default": "清空表格所有勾选项"
                        },
                        {
                            "name": "payload",
                            "alias": "参数",
                            "type": "Complex[1]",
                            "inputVisible": false,
                            "attributes": "smartAttrs.payload",
                            "default": []
                        }
                    ]
                },
                {
                    "name": "disable",
                    "alias": "禁用",
                    "type": "Complex",
                    "attributes": [
                        {
                            "name": "functionName",
                            "alias": "方法名称",
                            "type": "String",
                            "default": "disable",
                            "readonly": true
                        },
                        {
                            "name": "description",
                            "alias": "方法描述",
                            "type": "String",
                            "editor": "code",
                            "default": " 设置组件为禁用状态",
                            "readonly": true
                        },
                        {
                            "name": "payload",
                            "alias": "参数",
                            "type": "Complex[1]",
                            "inputVisible": false,
                            "attributes": "smartAttrs.payload",
                            "default": [
                                {
                                    "name": "value",
                                    "alias": "参数值",
                                    "editor": "variable"
                                }
                            ]
                        }
                    ]
                },
                {
                    "name": "setCurrent",
                    "alias": "设置选中",
                    "type": "Complex",
                    "visible": false,
                    "readonly": true,
                    "attributes": [
                        {
                            "name": "functionName",
                            "alias": "方法名称",
                            "type": "String",
                            "default": "setCurrent"
                        },
                        {
                            "name": "description",
                            "alias": "方法描述",
                            "type": "String",
                            "editor": "code",
                            "default": "通过行号选中对应行"
                        },
                        {
                            "name": "payload",
                            "alias": "参数",
                            "type": "Complex[1]",
                            "inputVisible": false,
                            "attributes": "smartAttrs.payload",
                            "default": [
                                {
                                    "name": "params",
                                    "alias": "预选内容对象"
                                }
                            ]
                        }
                    ]
                },
                {
                    "name": "getSelection",
                    "alias": "获取选中项",
                    "type": "Complex",
                    "readonly": true,
                    "visible": false,
                    "attributes": [
                        {
                            "name": "functionName",
                            "alias": "方法名称",
                            "type": "String",
                            "default": "getSelection"
                        },
                        {
                            "name": "description",
                            "alias": "方法描述",
                            "type": "String",
                            "editor": "code",
                            "default": "获取表格当前选中项"
                        },
                        {
                            "name": "payload",
                            "alias": "参数",
                            "type": "Complex[1]",
                            "inputVisible": false,
                            "attributes": "smartAttrs.payload",
                            "default": [
                                {
                                    "name": "selection",
                                    "alias": "选中项"
                                },
                                {
                                    "name": "rows",
                                    "alias": "选中项数据"
                                }
                            ]
                        }
                    ]
                }
            ]
        }
    ]
}
