{
  "name": "AppLayout",
  "alias": "应用面板",
  "version": "1.0.18",
  "author": "10007194",
  "groupAlias": "专业组件",
  "groupName": "specialty",
  "type": "vue",
  "description": "应用面板是菜单的另一种展现形式",
  "order": 2024,
  "attributes":[
    {
      "name": "appearance",
      "alias": "外观",
      "attributes": [
        { "name": "line-height", "alias": "字体行高","visible": true },
        { "name": "font-size", "alias": "文字大小","visible": true ,"default": 12 },
        { "name": "text-align", "alias": "水平对齐", "visible": false ,"type": "Enum(\"left:居左\", \"center:居中\", \"right:居右\")", "default": "center" },
        { "name": "color", "alias": "字体颜色(含图标)", "visible": true },
        { "name": "font-weight", "alias": "字体粗细", "visible": true },
        { "name": "font-style", "alias": "字体风格", "visible": true },
        { "name": "text-decoration", "alias": "文本修饰","visible": false},
        { "name": "letter-spacing", "alias": "文字间距", "visible": false },
        { "name": "background-image", "alias": "背景图片","visible": false},
        { "name": "background-repeat", "alias": "背景图像重复","visible": false},
        { "name": "background-size", "alias": "背景图片尺寸","visible": false},
        { "name": "background-position", "alias": "背景图片定位","visible": false}
      ]
    },
    {
      "name": "layout",
      "alias": "布局",
      "attributes": [
       
      ]
    },
    {
      "name":"base",
      "alias":"基础",
      "attributes":[
        { "name": "iconSignleSize", "alias": "独立图标大小", "type": "Number", "default": 50 ,"min":0},
        { "name": "iconGroupSize", "alias": "群组图标大小", "type": "Number", "default": 20 ,"min":0},
        { "name": "groupBorderType", "alias": "分组边框类型","visible": true,"type": "Enum(\"solid:实线\", \"dashed:虚线\", \"dotted:点线\")", "default": "solid"},
        {
          "name": "mainBgColor",
          "alias": "主菜单群组背景色",
          "type": "String",
          "default": "",
          "editor": "color"
        },
        {
          "name": "mainfontsize",
          "alias": "主菜单群组标题字体大小",
          "type": "Number",
          "default": 14,
          "min":12
        },
        {
          "name": "dialogBgColor",
          "alias": "弹窗背景色",
          "type": "String",
          "default": "#fff",
          "editor": "color",
          "tips": "仅当容器未被标题和图片完全占据时，才能看到效果"
        },
        {
          "name":"isLink",
          "alias":"是否跳转",
          "type":"Enum(\"0:不跳转\",\"1:跳转\")",
          "default":"1"
        }
      ]
    },
    {
      "name": "foreach",
      "alias": "循环",
      "sort": 700,
      "visible": false
    }
  ]
}
