{
  "name": "DocPreview",
  "alias": "文档编排",
  "version": "1.0.0",
  "author": "10010647",
  "groupAlias": "自定义组件",
  "groupName": "custom",
  "type": "vue",
  "description": "",
  "order": 46,
  "attributes": [
    {
      "name": "appearance",
      "alias": "外观",
      "attributes": [
        {
          "name": "font-size",
          "visible": false
        },
        {
          "name": "color",
          "visible": false
        },
        {
          "name": "font-weight",
          "visible": false
        },
        {
          "name": "font-style",
          "visible": false
        },
        {
          "name": "line-height",
          "visible": false
        },
        {
          "name": "text-align",
          "visible": false
        },
        {
          "name": "letter-spacing",
          "visible": false
        },
        {
          "name": "text-decoration",
          "visible": false
        }
      ]
    },
    {
      "name": "layout",
      "alias": "布局",
      "attributes": [
        {
          "name": "span",
          "default": 24
        },
        {
          "name": "height",
          "default": "300px"
        }
      ]
    },
    {
      "name": "base",
      "alias": "基础属性",
      "attributes": [
        {
          "alias": "预览模式",
          "name": "isView",
          "type": "Boolean",
          "default": false,
          "visible": true
        }
      ]
    },
    {
      "name": "data",
      "alias": "数据",
      "attributes": [
        {
          "alias": "绑定值",
          "name": "value",
          "type": "Complex",
          "linkable": true,
          "default": ""
        },
        {
          "alias": "数据校验",
          "name": "dataValidation",
          "type": "Complex[*]",
          "inputVisible": false,
          "attributes": "smartAttrs.validation"
        }
      ]
    },
    {
      "name": "methods",
      "alias": "方法",
      "attributes": [
        {
          "name": "getValue",
          "alias": "获取当前值",
          "type": "Complex",
          "returnValue": true,
          "readonly": true,
          "attributes": [
            {
              "name": "functionName",
              "alias": "方法名称",
              "type": "String",
              "default": "getValue"
            },
            {
              "name": "description",
              "alias": "方法描述",
              "type": "String",
              "default": "获取当前值"
            }
          ]
        },
        {
          "name": "clearCheck",
          "alias": "清空当前值",
          "type": "Complex",
          "returnValue": true,
          "readonly": true,
          "attributes": [
            {
              "name": "functionName",
              "alias": "方法名称",
              "type": "String",
              "default": "clearCheck"
            },
            {
              "name": "description",
              "alias": "方法描述",
              "type": "String",
              "default": "获取当前值"
            }
          ]
        }
      ]
    },
    {
      "name": "events",
      "alias": "事件",
      "attributes": []
    }
  ]
}