{
  "name":"Report",
  "alias":"报表",
  "version": "1.0.11",
  "author": "朱珊珊(2797)",
  "groupAlias": "专业组件",
  "groupName": "specialty",
  "type": "vue",
  "description": "",
  "order": 5001,
  "attributes":[
    {
      "name": "appearance",
      "alias": "外观",
      "visible": false
    },
    {
      "name": "layout",
      "alias": "布局",
      "attributes": [
        { "name": "height", "alias": "高度", "type": "String", "default": "350px" }
      ]
    },
    {
      "name":"base",
      "alias":"基础",
      "attributes":[
        {
          "name":"reportData",
          "alias":"关联报表",
          "type":"String",
          "editor": "report",
          "default":""
        },
        {
          "name":"reportParam",
          "alias":"报表参数",
          "type":"Complex[*]",
          "inputVisible": false,
          "attributes": [{
            "name": "paramName",
            "alias": "参数名称",
            "type": "String",
            "default": "",
            "maxlength": 50,
            "titleVisible": true
          }, {
            "name": "paramValue",
            "alias": "参数值",
            "type": "String",
            "default": "",
            "maxlength": 50
          }]
        }]
    },
    {
      "name": "methods",
      "alias": "方法",
      "attributes": [
        {
          "name": "refresh",
          "alias": "刷新数据",
          "type": "Complex",
          "attributes": [
            { "name": "functionName", "alias": "方法名称", "type": "String", "readonly": true, "default": "refresh" },
            { "name": "description", "alias": "方法描述", "type": "String", "readonly": true, "default": "此方法用于刷新报表" }
          ]
        },
        {
          "name": "download",
          "alias": "下载报表",
          "type": "Complex",
          "attributes": [
            { "name": "functionName", "alias": "方法名称", "type": "String", "readonly": true, "default": "download" },
            { "name": "description", "alias": "方法描述", "type": "String", "readonly": true, "default": "此方法用于下载报表" },
            { "name": "payload", "alias": "参数", "type": "Complex[1]", "inputVisible": false, "attributes": "smartAttrs.payload", "default":[
              {"name": "type", "alias": "类型", "type": "Enum(\"Excel:Excel\", \"PDF:PDF\", \"PDF图像:PDF图像\", \"图片:图片\")", "default": "Excel"}
            ]}
          ]
        }
      ]
    }
  ]
}
