{
    "name": "Breadcrumb",
    "alias": "面包屑",
    "version": "1.4.6",
    "author": "10001746",
    "groupAlias": "基础组件",
    "groupName": "basic",
    "type": "vue",
    "description": "",
    "order": 6003,
    "attributes": [
        {
            "name": "appearance",
            "alias": "外观",
            "attributes": [
                {
                    "name": "color",
                    "visible": false
                },
                {
                    "name": "background-color",
                    "visible": false
                },
                {
                    "name": "background-image",
                    "visible": false
                },
                {
                    "name": "font-weight",
                    "visible": false
                },
                {
                    "name": "font-style",
                    "visible": false
                },
                {
                    "name": "line-height",
                    "visible": false
                },
                {
                    "name": "letter-spacing",
                    "visible": false
                },
                {
                    "name": "text-decoration",
                    "visible": false
                },
                {
                    "name": "background-repeat",
                    "alias": "背景图像重复",
                    "visible": false
                },
                {
                    "name": "background-size",
                    "alias": "背景图片尺寸",
                    "visible": false
                },
                {
                    "name": "background-position",
                    "alias": "背景图片定位",
                    "visible": false
                },
                {
                    "name": "font-size",
                    "alias": "字体大小",
                    "type": "Number",
                    "default": 14,
                    "max": 1000,
                    "sort": 6000
                },
                {
                    "name": "text-align",
                    "alias": "水平对齐",
                    "default": "flex-start",
                    "type": "Enum(\"flex-start:居左\",\"center:居中\", \"flex-end:居右\")"
                }
            ]
        },
        {
            "name": "layout",
            "alias": "布局",
            "attributes": [
                {
                    "name": "height",
                    "default": "auto",
                    "value": "auto",
                    "visible": true
                }
            ]
        },
        {
            "name": "base",
            "alias": "基础",
            "attributes": [
                {
                    "name": "breadData",
                    "alias": "数据",
                    "type": "Complex[*]",
                    "editor": "code",
                    "default": "[{\"name\":\"pageId打开页面\",\"pageId\":\"页面Id\",\"openType\":\"_self\",\"query\":{\"searchName\":\"张三\",\"searchCode\":10010}},{\"name\":\"pagePath打开页面\",\"pagePath\":\"/页面名称全路径(/分组名称/.../页面名称)\"},{\"name\":\"url打开页面\",\"url\":\"https://www.baidu.com\",\"openType\":\"_blank\"},{\"name\":\"仅面包屑\"}]"
                },
                {
                    "name": "openType",
                    "alias": "页面打开方式",
                    "default": "_self",
                    "type": "Enum(\"_self:当前窗口\", \"_blank:新窗口\")"
                },
                {
                    "name": "separator",
                    "alias": "分隔符",
                    "type":"Enum(\"/:/\", \">:>\", \"•:•\",\"→:→\",\"iconSeparator:图标分隔符\",\"textSeparator:文本分隔符\")",
                    "maxlength": 50,
                    "changeHandler": "handleBreabcrumbSeparatorChange",
                    "default": ""
                },
                {
                    "name": "separatorText",
                    "alias": "文本分隔符",
                    "type": "String",
                    "maxlength": 50,
                    "default": "/",
                    "visible": false
                },
                {
                    "name": "separatorIcon",
                    "alias": "图标分隔符",
                    "type": "String",
                    "editor": "icon",
                    "default": "",
                    "visible": false
                },
                {
                    "name": "linkWeight",
                    "alias": "链接字体加粗",
                    "type": "Boolean",
                    "default": true
                }
            ]
        },
        {
            "name": "mapKeys",
            "alias": "字段映射",
            "attributes": [
                {
                    "name": "fieldKey",
                    "alias": "面包屑名称",
                    "type": "String",
                    "default": "name",
                    "rules": [{"maxlength": 50, "message": "最大长度支持50位"}]
                },
                {
                    "name": "pagePathKey",
                    "alias": "页面path",
                    "type": "String",
                    "default": "pagePath",
                    "rules": [{"maxlength": 50, "message": "最大长度支持50位"}]
                },
                {
                    "name": "pageIdKey",
                    "alias": "页面id",
                    "type": "String",
                    "default": "pageId",
                    "rules": [{"maxlength": 50, "message": "最大长度支持50位"}]
                },
                {
                    "name": "pageUrlKey",
                    "alias": "页面url",
                    "type": "String",
                    "default": "url",
                    "rules": [{"maxlength": 50, "message": "最大长度支持50位"}]
                },
                {
                    "name": "openTypeKey",
                    "alias": "页面打开方式",
                    "type": "String",
                    "default": "openType",
                    "rules": [{"maxlength": 50, "message": "最大长度支持50位"}]
                },
                {
                    "name": "paramKey",
                    "alias": "页面参数",
                    "type": "String",
                    "default": "query",
                    "rules": [{"maxlength": 50, "message": "最大长度支持50位"}]
                }
            ]
        },
        {
            "name": "events",
            "alias": "事件",
            "attributes": [
                {
                    "name": "click",
                    "alias": "鼠标点击图标",
                    "type": "Complex",
                    "attributes": [
                        {
                            "name": "content",
                            "alias": "事件执行内容",
                            "type": "Complex[*]",
                            "inputVisible": false,
                            "attributes": "smartAttrs.eventContent"
                        },
                        {
                            "name": "description",
                            "alias": "事件描述",
                            "type": "String",
                            "default": "点击图标触发的动作",
                            "readonly": true
                        },
                        {
                            "name": "payload",
                            "alias": "参数",
                            "type": "Complex[1]",
                            "readonly": true,
                            "inputVisible": false,
                            "attributes": "smartAttrs.payload",
                            "default": [
                                {
                                    "name": "node",
                                    "alias": "被点击面包屑的数据"
                                }
                            ]
                        }
                    ]
                }
            ]
        }
    ]
}
