{
  "name": "Chart3DBar",
  "alias": "3D柱状图",
  "version": "1.1.1",
  "author": "10005881zx",
  "groupName": "chart",
  "groupAlias": "图表",
  "type": "vue",
  "description": "",
  "order": 3012,
  "attributes": [
    {
      "name": "appearance",
      "alias": "外观",
      "attributes": "smartAttrs.chartAppearance"
    },
    {
      "name": "layout",
      "alias": "布局",
      "expandable": true,
      "attributes": "smartAttrs.chartLayout"
    },
    {
      "name": "title",
      "alias": "标题",
      "expandable": true,
      "attributes": "smartAttrs.chartTitle"
    },
    {
      "name": "tooltip",
      "alias": "提示框",
      "expandable": true,
      "attributes": "smartAttrs.chartTooltip"
    },
    {
      "name": "series",
      "alias": "系列",
      "expandable": true,
      "attributes": [
        {
          "name": "series",
          "alias": "系列",
          "type": "Complex[*]",
          "inputVisible": false,
          "attributes": [
            {
              "name": "series.coordinateSystem",
              "alias": "系列.坐标系",
              "type": "Enum('cartesian3D:三维笛卡尔坐标系')",
              "default": "cartesian3D"
            },
            {
              "name": "series.type",
              "alias": "系列.类型",
              "type": "Enum('bar3D:3D柱状图')",
              "default": "bar3D",
              "visible": false
            },
            {
              "name": "series.name",
              "alias": "系列.名称",
              "type": "String",
              "default": ""
            },
            {
              "name": "series.grid3DIndex",
              "alias": "系列.坐标系.索引",
              "type": "Number",
              "default": 0,
              "visible": false
            },
            {
              "name": "series.data",
              "alias": "系列.关联数据",
              "type": "Complex[*]",
              "default": [[0,0,5],[1,3,7],[2,4,5]],
              "editor": "code",
              "linkable": true,
              "customGroupName": "linkable"
            },
            {
              "name": "series.barSize",
              "alias": "系列.柱子粗细",
              "type": "String",
              "default": null,
              "tips": "允许两种值：1.自动:auto；2.其他数值",
              "rules": [{
                "pattern": "/^(([0-9]+\\.?[0-9]*|-[0-9]+\\.?[0-9]*)|(auto)|())$/",
                "message": "请输入数字或指定字符串"
              }]
            },
            {
              "name": "series.bevelSize",
              "alias": "系列.柱子倒角.尺寸",
              "type": "Number",
              "default": 0,
              "min": 0,
              "max": 1,
              "precision": 1,
              "step": 0.1,
              "tips": "支持设置为从 0 到 1 的值，默认为 0，即没有倒角。"
            },
            {
              "name": "series.bevelSmoothness",
              "alias": "系列.柱子倒角.光滑/圆润度",
              "type": "Number",
              "default": 2,
              "min": 0,
              "tips": "数值越大越光滑/圆润"
            },
            {
              "name": "series.stack",
              "alias": "系列.柱状图堆叠",
              "type": "String",
              "default": "",
              "tips": "相同值的柱状图系列数据会有叠加"
            },
            {
              "name": "series.itemStyle.color",
              "alias": "系列.样式.图形颜色",
              "type": "String",
              "default": null,
              "editor": "color",
              "visible": false
            },
            {
              "name": "series.itemStyle.opacity",
              "alias": "系列.样式.图形透明度",
              "type": "Number",
              "default": 1,
              "min": 0,
              "max": 1,
              "precision": 2,
              "step": 0.1,
              "visible": false
            },
            {
              "name": "series.label.show",
              "alias": "系列.标签.显示",
              "type": "Boolean",
              "default": false
            },
            {
              "name": "series.label.distance",
              "alias": "系列.标签.距离图形的距离",
              "type": "Number",
              "default": 2
            },
            {
              "name": "series.label.formatter",
              "alias": "系列.标签.内容格式器",
              "type": "input",
              "default": "{b}"
            },
            {
              "name": "series.label.textStyle.color",
              "alias": "系列.标签.字体样式.文字颜色",
              "type": "String",
              "default": "#fff",
              "editor": "color"
            },
            {
              "name": "series.label.textStyle.borderWidth",
              "alias": "系列.标签.字体样式.描边宽度",
              "type": "Number",
              "default": 1,
              "min": 0
            },
            {
              "name": "series.label.textStyle.borderColor",
              "alias": "系列.标签.字体样式.描边颜色",
              "type": "String",
              "default": "#fff",
              "editor": "color"
            },
            {
              "name": "series.label.textStyle.fontSize",
              "alias": "系列.标签.字体样式.字体大小",
              "type": "Number",
              "default": 20,
              "min": 8
            },
            {
              "name": "series.label.textStyle.fontWeight",
              "alias": "系列.标签.字体样式.字体粗细",
              "type": "Enum('normal:常规','bolder:加粗')",
              "default": "normal"
            },
            {
              "name": "series.emphasis.itemStyle.color",
              "alias": "系列.高亮状态.样式.图形颜色",
              "type": "String",
              "default": null,
              "editor": "color"
            },
            {
              "name": "series.emphasis.itemStyle.opacity",
              "alias": "系列.高亮状态.样式.图形透明度",
              "type": "Number",
              "default": 1,
              "min": 0,
              "max": 1,
              "precision": 2,
              "step": 0.1
            },
            {
              "name": "series.emphasis.label.show",
              "alias": "系列.高亮状态.标签.显示",
              "type": "Boolean",
              "default": true
            },
            {
              "name": "series.emphasis.label.formatter",
              "alias": "系列.高亮状态.标签.内容格式器",
              "type": "String",
              "default": "{c}"
            },
            {
              "name": "series.emphasis.label.distance",
              "alias": "系列.高亮状态.标签.距离图形的距离",
              "type": "Number",
              "default": 2
            },
            {
              "name": "series.emphasis.label.textStyle.color",
              "alias": "系列.高亮状态.标签.字体样式.文字颜色",
              "type": "String",
              "default": "#fff",
              "editor": "color"
            },
            {
              "name": "series.emphasis.label.textStyle.borderWidth",
              "alias": "系列.高亮状态.标签.字体样式.描边宽度",
              "type": "Number",
              "default": 1,
              "min": 0
            },
            {
              "name": "series.emphasis.label.textStyle.borderColor",
              "alias": "系列.高亮状态.标签.字体样式.描边颜色",
              "type": "String",
              "default": "#fff",
              "editor": "color"
            },
            {
              "name": "series.emphasis.label.textStyle.fontSize",
              "alias": "系列.高亮状态.标签.字体样式.字体大小",
              "type": "Number",
              "default": 20,
              "min": 8
            },
            {
              "name": "series.emphasis.label.textStyle.fontWeight",
              "alias": "系列.高亮状态.标签.字体样式.字体粗细",
              "type": "Enum('normal:常规','bolder:加粗')",
              "default": "normal"
            },
            {
              "name": "series.shading",
              "alias": "系列.着色效果",
              "type": "Enum('color:只显示颜色','lambert:表现光照','realistic:真实感渲染')",
              "default": "color"
            },
            {
              "name": "series.zlevel",
              "alias": "系列.层级",
              "type": "Number",
              "default": -10,
              "min": -99999
            }
          ]
        }
      ]
    },
    {
      "name": "visualMap",
      "alias": "视觉映射组件",
      "expandable": true,
      "attributes": "smartAttrs.chartVisualMap"
    },
    {
      "name": "grid3D",
      "alias": "三维笛卡尔坐标系",
      "expandable": true,
      "attributes": "smartAttrs.chartGrid3D"
    },
    {
      "name": "xAxis3D",
      "alias": "X轴",
      "expandable": true,
      "attributes": "smartAttrs.chartXAxis3D"
    },
    {
      "name": "yAxis3D",
      "alias": "Y轴",
      "expandable": true,
      "attributes": "smartAttrs.chartYAxis3D"
    },
    {
      "name": "zAxis3D",
      "alias": "Z轴",
      "expandable": true,
      "attributes": "smartAttrs.chartZAxis3D"
    },
    {
      "name": "methods",
      "alias": "方法",
      "attributes": "smartAttrs.chartMethods"
    }
  ]
}
