{
  "name": "ChartTree",
  "alias": "树图组件",
  "version": "1.4.1",
  "author": "10007194",
  "groupAlias": "图表",
  "groupName": "chart",
  "type": "vue",
  "description": "树图用于显示流程和管理",
  "order": 3018,
  "attributes": [
    {
      "name": "appearance",
      "alias": "外观",
      "attributes": [
        {
          "alias": "节点高度",
          "name": "labelHeight",
          "type": "String",
          "visible": true,
          "tips": "允许两种值：1.自动:auto；2.数字+px:300px；",
          "default": "auto",
          "rules": [{
            "pattern": "/^([1-9]?[0-9]{0,3}px)|(auto)/",
            "message": "请输入auto、数字+px中的一种"
          }]
        },
        {
          "alias": "节点宽度",
          "name": "labelWidth2",
          "visible": true,
          "type": "String",
          "tips": "允许两种值：1.自动:auto；2.数字+px:300px；",
          "default": "auto",
          "rules": [{
            "pattern": "/^([1-9]?[0-9]{0,3}px)|(auto)/",
            "message": "请输入auto、数字+px中的一种"
          }]
        },
        {
          "alias": "文字大小",
          "name": "font-size",
          "type": "Number",
          "visible": true,
          "tips": "文字大小",
          "max": 100,
          "default": true
        },
        {
          "alias": "是否可被展开",
          "name": "showCollapsable",
          "type": "Boolean",
          "visible": true,
          "tips": "是否可被展开",
          "default": true
        },
        {
          "alias": "节点边框",
          "name": "hasBorder",
          "type": "Boolean",
          "visible": true,
          "tips": "是否有节点边框",
          "default": false
        },
        {
          "name": "pageId",
          "alias": "自定义模板",
          "visible": true,
          "editor": "page", 
          "editorParams": {
            "hideSource": [2,3]
          }
        },
        {
          "alias": "方向",
          "name": "direction",
          "type": "Enum(\"horizontal:水平方向\",\"vertical:竖直方向\")",
          "visible": true,
          "tips": "方向",
          "default": "horizontal"
        },
        {
          "alias": "显示子节点数",
          "name": "showNodeNum",
          "type": "Boolean",
          "tips": "显示子节点数",
          "default": false
        },
        {
          "name": "font-size",
          "alias": "文字大小",
          "visible": true,
          "default": 16
        },
        {
          "name": "color",
          "alias": "字体颜色",
          "visible": true
        },
        {
          "name": "font-weight",
          "alias": "字体粗细",
          "visible": true
        },
        {
          "name": "font-style",
          "alias": "字体风格",
          "visible": true
        },
        {
          "name": "text-align",
          "alias": "水平对齐",
          "visible": false
        },
        {
          "name": "text-decoration",
          "alias": "文本修饰",
          "visible": false
        },
        {
          "name": "letter-spacing",
          "alias": "文字间距",
          "visible": false
        },
        {
          "name": "background-image",
          "alias": "背景图片",
          "visible": false
        },
        {
          "name": "background-repeat",
          "alias": "背景图像重复",
          "visible": false
        },
        {
          "name": "background-size",
          "alias": "背景图片尺寸",
          "visible": false
        },
        {
          "name": "background-position",
          "alias": "背景图片定位",
          "visible": false
        }
      ]
    },
    {
      "name": "data",
      "alias": "基础",
      "attributes": [
        {
          "name": "node",
          "alias": "节点数据",
          "type": "Complex",
          "attributes": [
            {
              "name": "renderContent",
              "alias": "树节点的内容区的渲染",
              "visible": true,
              "editor": "code",
              "type": "Complex[*]",
              "linkable": true,
              "default": "[{\"id\":1,\"label\":\"xxx科技有有限公司\",\"content\":\"这是一个有活力的公司\",\"children\":[{\"id\":2,\"label\":\"产品研发部\",\"content\":\"这是一个有活力的产品研发部\",\"children\":[{\"id\":3,\"label\":\"研发-前端\",\"content\":\"这是一个有活力的研发-前端\"},{\"id\":4,\"label\":\"研发-后端\",\"content\":\"这是一个有活力的研发-后端\"},{\"id\":5,\"label\":\"UI 设计\",\"content\":\"这是一个有活力的UI 设计\"}]},{\"id\":6,\"label\":\"销售部\",\"content\":\"这是一个有活力的销售部\",\"children\":[{\"id\":7,\"label\":\"销售一部\",\"content\":\"这是一个有活力的销售一部\"},{\"id\":8,\"label\":\"销售二部\",\"content\":\"这是一个有活力的销售二部\"}]},{\"id\":9,\"label\":\"财务部\",\"content\":\"这是一个有活力的务部\"}]}]"
            }
          ]
        }
      ]
    },
    {
      "name": "events",
      "alias": "事件",
      "attributes": [
        {
          "name": "nodeClick",
          "alias": "点击节点",
          "type": "Complex",
          "attributes": [
            {
              "name": "content",
              "alias": "事件执行内容",
              "type": "Complex[*]",
              "inputVisible": false,
              "attributes": "smartAttrs.eventContent"
            },
            {
              "name": "description",
              "alias": "事件描述",
              "type": "String",
              "default": "点击节点触发的动作",
              "readonly": true
            },
            {
              "name": "payload",
              "alias": "参数",
              "type": "Complex[1]",
              "readonly": true,
              "inputVisible": false,
              "attributes": "smartAttrs.payload",
              "default": [
                {
                  "name": "value",
                  "alias": "当前节点"
                }
              ]
            }
          ]
        },
        {
          "name": "nodeContextmenu",
          "alias": "右击节点触发",
          "type": "Complex",
          "attributes": [
            {
              "name": "content",
              "alias": "事件执行内容",
              "type": "Complex[*]",
              "inputVisible": false,
              "attributes": "smartAttrs.eventContent"
            },
            {
              "name": "description",
              "alias": "事件描述",
              "type": "String",
              "default": "右击节点触发",
              "readonly": true
            },
            {
              "name": "payload",
              "alias": "参数",
              "type": "Complex[1]",
              "readonly": true,
              "inputVisible": false,
              "attributes": "smartAttrs.payload",
              "default": [
                {
                  "name": "value",
                  "alias": "当前节点"
                }
              ]
            }
          ]
        },
        {
          "name": "nodeCollapse",
          "alias": "关闭节点触发",
          "type": "Complex",
          "attributes": [
            {
              "name": "content",
              "alias": "事件执行内容",
              "type": "Complex[*]",
              "inputVisible": false,
              "attributes": "smartAttrs.eventContent"
            },
            {
              "name": "description",
              "alias": "事件描述",
              "type": "String",
              "default": "关闭节点的动作",
              "readonly": true
            },
            {
              "name": "payload",
              "alias": "参数",
              "type": "Complex[1]",
              "readonly": true,
              "inputVisible": false,
              "attributes": "smartAttrs.payload",
              "default": [
                {
                  "name": "value",
                  "alias": "当前节点"
                }
              ]
            }
          ]
        },
        {
          "name": "nodeExpand",
          "alias": "打开节点触发",
          "type": "Complex",
          "attributes": [
            {
              "name": "content",
              "alias": "事件执行内容",
              "type": "Complex[*]",
              "inputVisible": false,
              "attributes": "smartAttrs.eventContent"
            },
            {
              "name": "description",
              "alias": "事件描述",
              "type": "String",
              "default": "打开节点触发",
              "readonly": true
            },
            {
              "name": "payload",
              "alias": "参数",
              "type": "Complex[1]",
              "readonly": true,
              "inputVisible": false,
              "attributes": "smartAttrs.payload",
              "default": [
                {
                  "name": "value",
                  "alias": "当前节点"
                }
              ]
            }
          ]
        }
      ]
    },
    {
      "name": "methods",
      "alias": "方法",
      "attributes": [
        {
          "name": "refresh",
          "alias": "刷新数据",
          "type": "Complex",
          "attributes": [
            { "name": "functionName", "alias": "方法名称", "type": "String", "readonly": true, "default": "refresh" },
            { "name": "description", "alias": "方法描述", "type": "String", "readonly": true, "default": "此方法用于刷新图表关联数据" }
          ]
        }
      ]
    }
  ]
}