{
  "name": "ImageComponent",
  "alias": "图片",
  "version": "1.4.3",
  "author": "10002236",
  "groupAlias": "基础组件",
  "groupName": "basic",
  "type": "vue",
  "description": "描述信息",
  "order": 2004,
  "attributes": [
    {
      "name": "appearance",
      "alias": "外观",
      "attributes": [
        { "name": "line-height", "alias": "字体行高","visible": false },
        { "name": "font-size", "alias": "文字大小","visible": false},
        { "name": "color", "alias": "字体颜色", "visible": false },
        { "name": "font-weight", "alias": "字体粗细", "visible": false },
        { "name": "font-style", "alias": "字体风格", "visible": false },
        { "name": "text-align", "alias": "水平对齐", "visible": false },
        { "name": "text-decoration", "alias": "文本修饰","visible": false},
        { "name": "letter-spacing", "alias": "文字间距", "visible": false },
        { "name": "background-image", "alias": "背景图片","visible": false},
        { "name": "background-repeat", "alias": "背景图像重复","visible": false},
        { "name": "background-size", "alias": "背景图片尺寸","visible": false},
        { "name": "background-position", "alias": "背景图片定位","visible": false}
      ]
    },
    {
      "name": "layout",
      "alias": "布局",
      "expandable": true,
      "attributes": [
        { "name": "height", "alias": "高度", "type": "String", "default": "300px" }
      ]
    },
    {
      "name":"base",
      "alias":"基础",
      "attributes":[
        {
          "alias":"类型",
          "name":"type",
          "type":"Enum(\"image:图片\")",
          "readonly": true,
          "default": "image"
        },
        {
          "alias":"图片源",
          "name":"src",
          "type":"String",
          "default": "",
          "editor": "file", "editorParams": {"type": "picture", "title": "选择图片"}
        },
        {
          "alias":"加载时显示类型",
          "name":"loading",
          "type":"Enum(\"text:文本\", \"icon:图标\")",
          "default": "text"
        },
        {
          "alias":"加载时显示文本",
          "name":"loadingText",
          "type":"String",
          "default": "加载中...",
          "visible": false
        },
        {
          "name": "loadingIcon",
          "alias": "加载时显示图标",
          "type": "String",
          "editor": "icon",
          "default": "",
          "visible": false
        },
        {
          "alias":"载入失败",
          "name":"srcError",
          "type":"String",
          "default": "",
          "editor": "file", "editorParams": {"type": "picture", "title": "选择图片"}
        },
        {
          "alias":"适应容器",
          "name":"fit",
          "type":"Enum(\"fill:充满\", \"contain:包含\", \"cover:覆盖\", \"scale-down:缩小\", \"none:无\")",
          "default": "fill"
        },
        {
          "alias":"原生alt",
          "name":"alt",
          "type":"String",
          "default": "",
          "visible": false
        },
        {
          "alias":"引荐来源政策",
          "name":"referrer-policy",
          "visible": false,
          "type":"String",
          "default": ""
        },
        {
          "alias":"开启懒加载",
          "name":"lazy",
          "type":"Boolean",
          "default": false
        },
        {
          "alias":"监听事件容器",
          "name":"scroll-container",
          "type":"String",
          "visible": false,
          "default": ""
        },
        {
          "alias":"图片预览列表",
          "name":"srcList",
          "type":"String[*]",
          "default":[],
          "visible": false
        },
        {
          "alias":"图片深度",
          "name":"zIndex",
          "type":"Number",
          "visible": false,
          "default": 2000
        }
      ]
    },
    {
      "name":"events",
      "alias":"事件",
      "attributes":[
        {
          "alias":"加载成功",
          "name":"load",
          "type":"Complex",
          "visible": false,
          "attributes": [
            {
              "alias":"加载成功.触发类型",
              "name":"load.type",
              "type":"Enum(\"api:API\",\"function:方法\",\"script:脚本\")",
              "default":"function"
            },
            {
              "alias":"加载成功.执行内容",
              "name":"load.value",
              "type":"String[*]",
              "default":"[]"
            },
            {
              "alias":"加载成功.输入参数",
              "name":"load.input",
              "type":"Complex",
              "default":""
            }
          ]
        },
        {
          "alias":"加载失败",
          "name":"error",
          "type":"Complex",
          "visible": false,
          "attributes": [
            {
              "alias":"加载失败.触发类型",
              "name":"error.type",
              "type":"Enum(\"api:API\",\"function:方法\",\"script:脚本\")",
              "default":"function"
            },
            {
              "alias":"加载失败.执行内容",
              "name":"error.value",
              "type":"String[*]",
              "default":"[]"
            },
            {
              "alias":"加载失败.输入参数",
              "name":"error.input",
              "type":"Complex",
              "default":""
            }
          ]
        },
        {
          "name": "imgClick",
          "alias": "点击图片",
          "type": "Complex",
          "attributes": [
            {
              "name": "content",
              "alias": "执行内容",
              "type": "Complex[*]",
              "inputVisible": false,
              "attributes": "smartAttrs.eventContent"
            },
            {
              "name": "description",
              "alias": "事件描述",
              "type": "String",
              "readonly": true,
              "default": "点击事件"
            },
            {
              "name": "payload",
              "alias": "参数",
              "type": "Complex[1]",
              "readonly":true,
              "inputVisible": false,
              "attributes": "smartAttrs.payload",
              "default":[
                {"name": "url", "alias": "图片链接"}
              ]
            }
          ]
        }
      ]
    },
    {
      "name":"methods",
      "alias":"方法",
      "attributes":[{
        "name": "setValue",
        "alias": "设置图片源",
        "type": "Complex",
        "readonly": true,
        "attributes": [
          {
            "name": "functionName",
            "alias": "方法名称",
            "type": "String",
            "default": "setValue"
          },
          {
            "name": "description",
            "alias": "方法描述",
            "type": "String",
            "default": "设置图片源"
          },
          {
            "name": "payload",
            "alias": "参数",
            "type": "Complex[1]",
            "inputVisible": false,
            "attributes": "smartAttrs.payload",
            "default":[
              {"name": "src", "alias": "绑定值", "editor": "variable"}
            ]
          }
        ]
      }
      ]
    }
  ]
}
