{
  "name": "Flow",
  "alias": "流式布局",
  "version": "1.4.1",
  "author": "2023",
  "groupAlias": "布局",
  "groupName": "layout",
  "type": "vue",
  "description": "",
  "order": 1002,
  "attributes": [
{
    "name": "appearance",
    "alias": "外观",
    "attributes": [
      { "name": "font-size", "visible": false },
      { "name": "color", "visible": false },
      { "name": "font-weight", "visible": false },
      { "name": "font-style", "visible": false },
      { "name": "line-height", "visible": false },
      { "name": "text-align", "visible": false },
      { "name": "letter-spacing", "visible": false },
      { "name": "text-decoration", "visible": false }
    ]
  },{
      "name": "layout",
      "alias": "布局",
      "attributes": [
        { "name": "lg", "default": 24},
        { "name": "span", "default": 24},
        { "name": "overflow", "alias": "内容溢出", "type": "Enum(\"visible:默认\", \"hidden:隐藏\", \"auto:自动\")", "default": "visible", "sort": 3007},
        { "name": "hasFold", "alias": "是否支持收起", "type": "Boolean", "default": false, "customGroupName": "iterationModeFalse", "visible": true, "changeHandler":"flowChangeHandler" },
        { "name": "isFold", "alias": "是否收起", "type": "Boolean", "default": false, "visible": false, "customGroupName": "hasFold" },
        { "name": "foldSize", "alias": "收起的尺寸", "editor": "variable", "default": "0", "visible": false },
        { "name": "foldPlacement", "alias": "图标位置", "type": "Enum(\"left-start:左上\", \"left:左\", \"left-end:左下\", \"right-start:右上\", \"right:右\", \"right-end:右下\")", "default": "right-start", "visible": false, "customGroupName": "hasFold" },
        { "name": "foldOffset", "alias": "位置偏移量", "type": "String", "default": "0", "visible": false, "customGroupName": "hasFold", "tips": "允许的三种格式：数字、数字+px、百分比，支持负数", "rules": [{
          "pattern": "/^$|^0$|^((-?(100|([1-9]?[0-9]((\\.[\\d]{0,4})?)))?%)|(-?[1-9]?[0-9]{0,3}((\\.[\\d]{0,2})?)(px)?))$/",
          "message": "请输入数字、数字+px、百分比，支持负数"
        }]},
        { "name": "foldDirection", "alias": "收起方向", "type": "Enum(\"rtl:向左\", \"ltr:向右\")", "default": "rtl", "visible": false },
        { "name": "height", "default": "300px"},

        { "name": "position", "visible": true},
        {
          "name": "stopPropagation",
          "alias": "点击事件穿透",
          "tips": "是否允许通过点击子组件触发点击事件",
          "type": "Boolean",
          "default": false
        },
        { "name": "padding", "visible": false},
        { "name": "borderVisible", "visible": true},
        { "name": "isBorderRadius", "visible": true},
        { "name": "box-shadow", "visible": true},
        { "name": "blockTitle", "visible": true},
        { "name": "blockTitleFontSize", "visible": true},
        { "name": "blockTitleColor", "visible": true},
        { "name": "blockTitleMargin", "visible": true},
        { "name": "blockTitlePadding", "visible": true},
        { "name": "blockTitleHeight", "visible": true},
        { "name": "blockTitleIcon", "visible": true},
        { "name": "blockToolbarShowType", "visible": true}
      ]
    },{
      "name": "events",
      "alias": "事件",
      "attributes": [
        {
          "name": "click",
          "alias": "点击事件",
          "type": "Complex",
          "attributes": [
            {
              "name": "content",
              "alias": "事件执行内容",
              "type": "Complex[*]",
              "inputVisible": false,
              "attributes": "smartAttrs.eventContent"
            },
            {
              "name": "description",
              "alias": "事件描述",
              "type": "String",
              "default": "点击触发的动作",
              "readonly": true
            }
          ]
        }
      ]
    }, {
      "name": "methods",
      "alias": "方法",
      "attributes": [
        { "name": "validate",
          "alias": "表单校验",
          "type": "Complex",
          "readonly": true,
          "returnValue": true,
          "attributes": [
            { "name": "functionName", "alias": "方法名称", "type": "String", "default": "validate" },
            { "name": "description", "alias": "方法描述", "type": "String", "default": "布局块内所有表单校验" },
            { "name": "output", "alias": "返回值", "type": "Boolean", "description": "校验是否通过"}
          ]
        },
        { "name": "clearValidate",
          "alias": "清除表单校验信息",
          "type": "Complex",
          "readonly": true,
          "attributes": [
            { "name": "functionName", "alias": "方法名称", "type": "String", "default": "clearValidate" },
            { "name": "description", "alias": "方法描述", "type": "String", "default": "清除布局块内所有表单校验信息" }
          ]
        }
      ]
    }
  ]
}
