{
  "name": "ChartGantt",
  "alias": "甘特图",
  "version": "1.0.14",
  "author": "10007630",
  "groupName": "chart",
  "groupAlias": "图表",
  "type": "vue",
  "description": "",
  "order": 3010,
  "attributes": [
    {
      "name": "layout",
      "alias": "布局",
      "expandable": true,
      "attributes": [
        {
          "name": "span",
          "alias": "栅格数量",
          "type": "Number",
          "default": 24,
          "min": 1,
          "max": 24,
          "tips": "栅格布局将一行分为24列，栅格数量则为栅格占据的列数。",
          "step": 1,
          "precision": 0
        },
        {
          "name": "width",
          "alias": "宽度",
          "type": "String",
          "default": "auto"
        },
        {
          "name": "height",
          "alias": "高度",
          "type": "String",
          "default": "auto"
        }
      ]
    },
    {
      "name": "appearance",
      "alias": "外观",
      "visible": false
    },
    {
      "name": "toolbar",
      "alias": "工具",
      "attributes": [
        {
          "alias": "",
          "name": "row",
          "type": "Complex",
          "attributes": [
            {
              "alias": "行高",
              "name": "height",
              "type": "Number",
              "default": 20
            }
          ]
        },
        {
          "alias": "头部控制",
          "name": "header",
          "type": "Complex",
          "attributes": [
            {
              "alias": "头部显示",
              "name": "display",
              "type": "Boolean",
              "default": false
            },
            {
              "alias": "标题",
              "name": "title",
              "type": "String",
              "default": "甘特图"
            },
            {
              "alias": "定位今天",
              "name": "toToday",
              "type": "Boolean",
              "default": true
            },
            {
              "alias": "横轴缩放",
              "name": "xScale",
              "type": "Boolean",
              "default": true
            },
            {
              "alias": "纵轴缩放",
              "name": "ycale",
              "type": "Boolean",
              "default": true
            },
            {
              "alias": "扩展",
              "name": "expand",
              "type": "Boolean",
              "default": true
            },
            {
              "alias": "列表宽度",
              "name": "listWidth",
              "type": "Boolean",
              "default": true
            },
            {
              "alias": "显示列表",
              "name": "listDisplay",
              "type": "Boolean",
              "default": true
            }
          ]
        },
        {
          "alias": "日历",
          "name": "calendar",
          "type": "Complex",
          "attributes": [
            {
              "alias": "是否显示",
              "name": "display",
              "type": "Boolean",
              "default": true
            },
            {
              "alias": "条图标题",
              "name": "chatTitle",
              "type": "String",
              "default": "瀑布流",
              "visible": false,
              "tips":"当不显示日历的时候，设置显示标题"
            }
          ]
        },
        {
          "alias": "左侧列表",
          "name": "taskList",
          "type": "Complex",
          "attributes": [
            {
              "alias": "是否显示",
              "name": "display",
              "type": "Boolean",
              "default": true
            }
          ]
        },
        {
          "name": "columns",
          "alias": "列项设置",
          "type": "Complex[*]",
          "inputVisible": false,
          "visible": true,
          "attributes": [
            {
              "name": "label",
              "alias": "列名称",
              "type": "String",
              "minlength": 1,
              "maxlength": 50,
              "default": "序号",
              "titleVisible": true
            },
            {
              "name": "value",
              "alias": "属性",
              "type": "String",
              "default": "index"
            },
            {
              "name": "width",
              "alias": "宽度",
              "type": "Number",
              "min": 0,
              "default": 50
            },
            {
              "name": "textAlign",
              "alias": "对齐",
              "type": "Enum(\"left:居左\", \"center:居中\", \"right:居右\")",
              "default": "left"
            },
            {
              "alias": "颜色",
              "name": "textColor",
              "type": "String",
              "colorFormat": "hex",
              "default": "",
              "editor": "color"
            },
            {
              "name": "eventsHander",
              "alias": "点击事件",
              "type": "Complex[*]",
              "inputVisible": false,
              "attributes": "smartAttrs.eventContent"
            },
            {
              "name": "payload",
              "alias": "参数",
              "type": "Complex[2]",
              "readonly": true,
              "inputVisible": false,
              "attributes": "smartAttrs.payload",
              "default": [
                {
                  "name": "data",
                  "alias": "当前行数据"
                },
                {
                  "name": "column",
                  "alias": "当前列配置"
                }
              ]
            }
          ]
        }
      ]
    },
    {
      "name": "chartset",
      "alias": "图数据",
      "attributes": [
        {
          "alias": "数据映射",
          "name": "dataMapping",
          "type": "String[7]",
          "required":true,
          "default": ["id", "label", "start", "duration", "progress", "dependentOn", "type"],
          "primitiveLabels": ["编号(唯一)", "描述", "开始时间", "持续时间", "进度(%)","依赖项", "类型"],
          "tips":"gantt图数据字段映射。编号对应的字段值不能重复。"
        },
        {
          "name": "timeUnit",
          "alias": "时间单位",
          "type": "Enum(\"d:天\", \"h:时\", \"m:分\", \"s:秒\", \"ms:毫秒\")",
          "default": "d",
          "tips": "持续时间单位"
        }
      ]
    },
    {
      "name": "data",
      "alias": "数据",
      "attributes": [
        {
          "alias": "绑定值",
          "name": "value",
          "type": "Complex[*]",
          "editor": "code",
          "linkable": true,
          "tips":"注意：事项编号对应的字段保持唯一。",
          "default": [
            {
              "id": 1,
              "label": "可视化任务开发",
              "user": "章三",
              "start": "2021-08-24",
              "duration": "20",
              "progress": 85,
              "type": "project",
              "style": {
                "base": {
                  "fill": "#fEBC61"
                }
              }
            },
            {
              "id": 2,
              "label": "菜单服务开发",
              "user": "里斯",
              "parentId": 1,
              "start": "2021-08-24",
              "duration": "6",
              "progress": 25,
              "type": "task"
            },
            {
              "id": 3,
              "label": "基础功能开发",
              "user": "王国",
              "parentId": 1,
              "start": "2021-08-31",
              "duration": "12",
              "progress": 35,
              "dependentOn": [
                2
              ],
              "type": "task"
            }
          ]
        }
      ]
    },
    {
      "name": "events",
      "alias": "事件",
      "attributes": [
        {
          "alias": "值改变",
          "name": "change",
          "type": "Complex",
          "attributes": [
            {
              "name": "content",
              "alias": "执行内容",
              "type": "Complex[*]",
              "inputVisible": false,
              "attributes": "smartAttrs.eventContent"
            },
            {
              "name": "description",
              "alias": "事件描述",
              "type": "String",
              "readonly": true,
              "default": "当某个节点被点击时会触发"
            },
            {
              "name": "payload",
              "alias": "参数",
              "type": "Complex[1]",
              "readonly": true,
              "inputVisible": false,
              "attributes": "smartAttrs.payload",
              "default": [
                {
                  "name": "value",
                  "alias": "甘特图值"
                }
              ]
            }
          ]
        },
        {
          "alias": "任务条点击",
          "name": "taskClick",
          "type": "Complex",
          "attributes": [
            {
              "name": "content",
              "alias": "执行内容",
              "type": "Complex[*]",
              "inputVisible": false,
              "attributes": "smartAttrs.eventContent"
            },
            {
              "name": "description",
              "alias": "事件描述",
              "type": "String",
              "readonly": true,
              "default": "当图像某任务被点击时会触发"
            },
            {
              "name": "payload",
              "alias": "参数",
              "type": "Complex[1]",
              "readonly": true,
              "inputVisible": false,
              "attributes": "smartAttrs.payload",
              "default": [
                {
                  "name": "data",
                  "alias": "当前任务值"
                }
              ]
            }
          ]
        }
      ]
    },
    {
      "name": "methods",
      "alias": "方法",
      "attributes": [
        {
          "name": "setValue",
          "alias": "设置值",
          "type": "Complex",
          "readonly": true,
          "attributes": [
            {
              "name": "functionName",
              "alias": "方法名称",
              "type": "String",
              "default": "setValue"
            },
            {
              "name": "description",
              "alias": "方法描述",
              "type": "String",
              "default": "设置甘特图数据"
            },
            {
              "name": "payload",
              "alias": "参数",
              "type": "Complex[1]",
              "inputVisible": false,
              "attributes": "smartAttrs.payload",
              "default": [
                {
                  "name": "value",
                  "alias": "绑定值",
                  "editor": "variable"
                }
              ]
            }
          ]
        },
        {
          "name": "getValue",
          "alias": "获取当前值",
          "type": "Complex",
          "readonly": true,
          "returnValue": true,
          "attributes": [
            { "name": "output", "alias": "返回值", "type": "Complex", "description": "返回当前值" },
            {
              "name": "functionName",
              "alias": "方法名称",
              "type": "String",
              "default": "getValue"
            },
            {
              "name": "description",
              "alias": "方法描述",
              "type": "String",
              "default": "获取当前值"
            }
          ]
        },
        {
          "name": "refresh",
          "alias": "刷新",
          "type": "Complex",
          "returnValue": false,
          "readonly": true,
          "attributes": [
            {
              "name": "functionName",
              "alias": "方法名称",
              "type": "String",
              "default": "refresh"
            },
            {
              "name": "description",
              "alias": "方法描述",
              "type": "String",
              "default": "刷新甘特图组件"
            }
          ]
        }
      ]
    }
  ]
}
