{
  "name": "ChartRadar",
  "alias": "雷达图",
  "version": "1.1.4",
  "author": "10002236",
  "groupName": "chart",
  "groupAlias": "图表",
  "description": "",
  "type": "vue",
  "order": 3005,
  "attributes": [
    {
      "name": "appearance",
      "alias": "外观",
      "attributes": "smartAttrs.chartAppearance"
    },
    {
      "name": "layout",
      "alias": "布局",
      "expandable": true,
      "attributes": "smartAttrs.chartLayout"
    },
    {
      "name": "title",
      "alias": "标题",
      "expandable": true,
      "attributes": "smartAttrs.chartTitle"
    },
    {
      "name": "tooltip",
      "alias": "提示框",
      "expandable": true,
      "attributes": "smartAttrs.chartTooltip"
    },
    {
      "name": "legend",
      "alias": "图例分组",
      "expandable": true,
      "attributes": "smartAttrs.chartLegend"
    },
    {
      "name": "radar",
      "alias": "雷达轴",
      "expandable": true,
      "attributes": [
        {
          "name": "radar",
          "alias": "雷达轴",
          "type": "Complex[*]",
          "inputVisible": false,
          "attributes": [
            {
              "name": "radar.z",
              "alias": "雷达轴.z值",
              "type": "Number",
              "default": 2,
              "min": 0
            },
            {
              "name": "radar.center",
              "alias": "雷达轴.中心坐标",
              "type": "String[2]",
              "default": ["50%", "50%"],
              "primitiveLabels": ["横向", "纵向"],
              "rules": [{
                "pattern": "/^(__quote:percentage__|([1-9]?[0-9]{0,3}))$/",
                "message": "请输入整数或者百分数"
              }]
            },
            {
              "name": "radar.radius",
              "alias": "雷达轴.半径",
              "type": "String",
              "default": "75%"
            },
            {
              "name": "radar.startAngle",
              "alias": "雷达轴.起始角度",
              "type": "Number",
              "default": 90
            },
            {
              "name": "radar.axisName.show",
              "alias": "雷达轴.指示器名.显示",
              "type": "Boolean",
              "default": true
            },
            {
              "name": "radar.axisName.formatter",
              "alias": "雷达轴.指示器名.格式器",
              "type": "String",
              "default": "{value}"
            },
            {
              "name": "radar.axisName.color",
              "alias": "雷达轴.指示器名.颜色",
              "type": "String",
              "editor": "color",
              "default": "#333"
            },
            {
              "name": "radar.axisName.fontSize",
              "alias": "雷达轴.指示器名.字号",
              "type": "Number",
              "default": 12,
              "min": 8
            },
            {
              "name": "radar.axisNameGap",
              "alias": "雷达轴.指示器轴距",
              "type": "Number",
              "default": 5,
              "min": 0
            },
            {
              "name": "radar.splitNumber",
              "alias": "雷达轴.指示分段数",
              "type": "Number",
              "default": 5,
              "min": 1
            },
            {
              "name": "radar.shape",
              "alias": "雷达轴.绘制类型",
              "type": "Enum(\"polygon:多边形\",\"circle:圆形\")",
              "default": "polygon"
            },
            {
              "name": "radar.scale",
              "alias": "雷达轴.脱离0值",
              "type": "Boolean",
              "default": false
            },
            {
              "name": "radar.silent",
              "alias": "雷达轴.禁止交互",
              "type": "Boolean",
              "default": false
            },
            {
              "name": "radar.triggerEvent",
              "alias": "雷达轴.响应事件",
              "type": "Boolean",
              "default": false
            },
            {
              "name": "radar.axisLine.show",
              "alias": "雷达轴.轴线.显示",
              "type": "Boolean",
              "default": true
            },
            {
              "name": "radar.axisTick.show",
              "alias": "雷达轴.刻度.显示",
              "type": "Boolean",
              "default": true
            },
            {
              "name": "radar.axisLabel.show",
              "alias": "雷达轴.刻度标签.显示",
              "type": "Boolean",
              "default": true
            },
            {
              "name": "radar.splitLine.show",
              "alias": "雷达轴.分割线.显示",
              "type": "Boolean",
              "default": true
            },
            {
              "name": "radar.splitArea.show",
              "alias": "雷达轴.分割区域.显示",
              "type": "Boolean",
              "default": true
            },
            {
              "name": "radar.indicator",
              "alias": "雷达轴.指示器",
              "type": "Complex[*]",
              "editor": "code",
              "default": [
                { "name": "A", "max": 6500},
                { "name": "B", "max": 16000},
                { "name": "C", "max": 30000}
              ]
            }
          ]
        }
      ]
    },
    {
      "name": "series",
      "alias": "系列分组",
      "expandable": true,
      "attributes": [
        {
          "name": "series",
          "alias": "系列",
          "type": "Complex[*]",
          "inputVisible": false,
          "attributes": [
            {
              "name": "series.type",
              "alias": "系列.类型",
              "type": "Enum(\"radar:雷达图\")",
              "default": "radar"
            },
            {
              "name": "series.name",
              "alias": "系列.名称",
              "type": "String",
              "minlength": 0,
              "maxlength": 20,
              "default": ""
            },
            {
              "name": "series.radarIndex",
              "alias": "系列.关联雷达轴",
              "type": "Number",
              "default": 0,
              "min": 0
            },
            {
              "name": "series.symbol",
              "alias": "系列.标记样式",
              "type": "Enum(\"circle:圆形\",\"rect:矩形\",\"roundRect:圆角矩形\",\"triangle:三角形\",\"diamond:菱形\",\"pin:针\",\"arrow:箭头\",\"none:无\")",
              "default": "circle"
            },
            {
              "name": "series.symbolSize",
              "alias": "系列.标记大小",
              "type": "Number",
              "default": 4,
              "min": 0
            },
            {
              "name": "series.symbolRotate",
              "alias": "系列.标记角度",
              "type": "Number",
              "default": null
            },
            {
              "name": "series.symbolOffset",
              "alias": "系列.标记偏移",
              "type": "Number[2]",
              "default": [0, 0],
              "primitiveLabels": ["x", "y"],
              "visible": false
            },
            {
              "name": "series.label.formatter",
              "alias": "系列.标签格式",
              "type": "String",
              "default": null
            },
            {
              "name": "series.label.show",
              "alias": "系列.标签显示",
              "type": "Boolean",
              "default": false
            },
            {
              "name": "series.label.color",
              "alias": "系列.文字颜色",
              "type": "String",
              "default": "#000",
              "editor": "color"
            },
            {
              "name": "series.label.fontSize",
              "alias": "系列.文字字号",
              "type": "Number",
              "default": 12,
              "min": 8
            },
            {
              "name": "series.label.backgroundColor",
              "alias": "系列.标签底色",
              "type": "String",
              "default": null,
              "editor": "color"
            },
            {
              "name": "series.label.distance",
              "alias": "系列.标签距离",
              "type": "Number",
              "default": 5
            },
            {
              "name": "series.label.position",
              "alias": "系列.标签位置",
              "type": "Enum(\"top:顶部\",\"left:左侧\",\"right:右侧\",\"bottom:底部\",\"inside:内部\")",
              "default": "bottom"
            },
            {
              "name": "series.label.align",
              "alias": "系列.水平对齐",
              "type": "Enum(\"left:向左对齐\",\"right:向右对齐\",\"center:居中对齐\")",
              "default": "center"
            },
            {
              "name": "series.label.verticalAlign",
              "alias": "系列.垂直对齐",
              "type": "Enum(\"top:顶端对齐\",\"middle:垂直居中\",\"bottom:底端对齐\")",
              "default": "middle"
            },
            {
              "name": "series.itemStyle.color",
              "alias": "系列.图形颜色",
              "type": "String",
              "default": null,
              "editor": "color"
            },
            {
              "name": "series.itemStyle.opacity",
              "alias": "系列.图形透明",
              "type": "Number",
              "default": 1,
              "min": 0,
              "max": 1,
              "precision": 2,
              "step": 0.01
            },
            {
              "name": "series.itemStyle.borderWidth",
              "alias": "系列.边线宽度",
              "type": "Number",
              "default": 0,
              "min": 0
            },
            {
              "name": "series.itemStyle.borderColor",
              "alias": "系列.边线颜色",
              "type": "String",
              "default": "#000",
              "editor": "color"
            },
            {
              "name": "series.itemStyle.borderType",
              "alias": "系列.边线样式",
              "type": "Enum(\"dashed:虚线\",\"solid:实线\",\"dotted:点线\")",
              "default": "solid"
            },
            {
              "name": "series.itemStyle.shadowBlur",
              "alias": "系列.阴影模糊",
              "type": "Number",
              "default": null,
              "min": 0
            },
            {
              "name": "series.itemStyle.shadowColor",
              "alias": "系列.阴影颜色",
              "type": "String",
              "default": null,
              "editor": "color"
            },
            {
              "name": "series.itemStyle.shadowOffsetX",
              "alias": "系列.阴影偏移X",
              "type": "Number",
              "default": 0,
              "min":-99999
            },
            {
              "name": "series.itemStyle.shadowOffsetY",
              "alias": "系列.阴影偏移Y",
              "type": "Number",
              "default": 0,
              "min":-99999
            },
            {
              "name": "series.lineStyle.color",
              "alias": "系列.线条颜色",
              "type": "String",
              "default": null,
              "editor": "color"
            },
            {
              "name": "series.lineStyle.opacity",
              "alias": "系列.线条透明",
              "type": "Number",
              "default": 1,
              "min": 0,
              "max": 1,
              "precision": 2,
              "step": 0.01
            },
            {
              "name": "series.lineStyle.type",
              "alias": "系列.线条样式",
              "type": "Enum(\"solid:实线\",\"dashed:虚线\",\"dotted:点线\")",
              "default": "solid"
            },
            {
              "name": "series.lineStyle.width",
              "alias": "系列.线条线宽",
              "type": "Number",
              "default": 2,
              "min": 0
            },
            {
              "name": "series.lineStyle.shadowBlur",
              "alias": "系列.线影模糊",
              "type": "Number",
              "default": null,
              "min": 0
            },
            {
              "name": "series.lineStyle.shadowColor",
              "alias": "系列.线影颜色",
              "type": "String",
              "default": null,
              "editor": "color"
            },
            {
              "name": "series.lineStyle.shadowOffsetX",
              "alias": "系列.线影偏移X",
              "type": "Number",
              "default": 0,
              "min":-99999
            },
            {
              "name": "series.lineStyle.shadowOffsetY",
              "alias": "系列.线影偏移Y",
              "type": "Number",
              "default": 0,
              "min":-99999
            },
            {
              "name": "series.areaStyle.color",
              "alias": "系列.区域颜色",
              "type": "String",
              "default": null,
              "editor": "color"
            },
            {
              "name": "series.areaStyle.opacity",
              "alias": "系列.区域透明",
              "type": "Number",
              "default": 0,
              "min": 0,
              "max": 1,
              "precision": 2,
              "step": 0.01
            },
            {
              "name": "series.areaStyle.shadowBlur",
              "alias": "系列.区影模糊",
              "type": "Number",
              "default": 0,
              "min": 0
            },
            {
              "name": "series.areaStyle.shadowColor",
              "alias": "系列.区影颜色",
              "type": "String",
              "default": null,
              "editor": "color"
            },
            {
              "name": "series.areaStyle.shadowOffsetX",
              "alias": "系列.区影偏移X",
              "type": "Number",
              "default": 0,
              "min":-99999
            },
            {
              "name": "series.areaStyle.shadowOffsetY",
              "alias": "系列.区影偏移Y",
              "type": "Number",
              "default": 0,
              "min":-99999
            },
            {
              "name": "series.z",
              "alias": "系列.系列顺序",
              "type": "Number",
              "default": 2,
              "min": 0
            },
            {
              "name": "series.data",
              "alias": "系列.关联数据",
              "type": "Complex[*]",
              "editor": "code",
              "default": [[4300, 10000, 28000]],
              "linkable": true,
              "customGroupName": "linkable"
            },
            {
              "name": "series.dataName",
              "alias": "系列.关联数据项名称",
              "type": "Complex[*]",
              "editor": "code",
              "default": ["数据项名称"],
              "linkable": true,
              "customGroupName": "linkable"
            },
            {
              "name": "series.dataField",
              "alias": "系列.关联数据字段名",
              "type": "String",
              "visible": false,
              "default": ""
            },
            {
              "name": "series.nameField",
              "alias": "系列.数据项名称字段名",
              "type": "String",
              "visible": false,
              "default": ""
            }
          ]
        }
      ]
    },
    {
      "name": "methods",
      "alias": "方法",
      "attributes": "smartAttrs.chartMethods"
    }
  ]
}
