{
  "name": "Iframe",
  "alias": "iframe组件",
  "version": "1.5.5",
  "author": "10002215",
  "groupAlias": "基础组件",
  "groupName": "basic",
  "type": "vue",
  "description": "支持自定义Iframe链接，支持自定义Iframe的显隐，适用于将网页嵌入大屏中进行显示。",
  "order": 2006,
  "attributes": [
    {
      "name": "appearance",
      "alias": "外观",
      "visible": false
    },
    {
      "name": "toolbar",
      "alias": "工具",
      "attributes": [
        {
          "alias": "允许滚动",
          "name": "scrolling",
          "type": "Enum(\"auto:自适应\", \"visible:显示\", \"hidden:隐藏\")",
          "default": "auto"
        }
      ]
    },
    {
      "name": "data",
      "alias": "数据",
      "attributes": [
        {
          "alias": "页面",
          "name": "value",
          "type": "string",
          "editor": "page",
          "linkable": true,
          "default": "",
          "editorParams": {
            "hideSource": [3]
          }
        },
        {
          "name": "defaultLoading",
          "alias": "禁用加载动画",
          "tips":"禁用加载动画开启时，不显示页面加载的loading",
          "type": "Boolean",
          "default": false,
          "visible": true
        },
        {
          "name": "pageVariable",
          "alias": "参数",
          "type": "Complex",
          "editor": "code",
          "visible": true,
          "tips":"仅在绑定值为选取页面时生效"
        },
        {
          "name": "defaultLoad",
          "alias": "初始加载",
          "tips":"Iframe加载时加载页面，开/关均可通过方法手动控制加载",
          "type": "Boolean",
          "default": true,
          "visible": true
        },
        {
          "name": "customEvents",
          "alias": "页面配置",
          "type": "Complex",
          "editor": "page-event",
          "visible": false,
          "tips":"配置绑定页面内事件"
        }
      ]
    },
    {
      "name": "events",
      "alias": "事件",
      "attributes": [
        {
          "alias": "加载完成",
          "name": "load",
          "type": "Complex",
          "attributes": [
            {
              "name": "content",
              "alias": "执行内容",
              "type": "Complex[*]",
              "inputVisible": false,
              "attributes": "smartAttrs.eventContent"
            },
            {
              "name": "description",
              "alias": "事件描述",
              "type": "String",
              "readonly": true,
              "editor": "code",
              "default": "组件加载内容完成"
            },
            {
              "name": "payload",
              "alias": "参数",
              "type": "Complex[1]",
              "readonly": true,
              "inputVisible": false,
              "attributes": "smartAttrs.payload",
              "default": [
                {
                  "name": "iframe",
                  "alias": "用ref获取，url加载为iframe的DOM，组件加载值为组件实例"
                }
              ]
            }
          ]
        }
      ]
    }, {
      "name": "methods",
      "alias": "方法",
      "attributes": [
        { "name": "loadPage",
          "alias": "加载页面",
          "type": "Complex",
          "readonly": true,
          "attributes": [
            { "name": "functionName", "alias": "方法名称", "type": "String", "default": "loadPage" },
            { "name": "description", "alias": "方法描述", "type": "String", "default": "加载Iframe绑定页面" }
          ]
        },
        { "name": "destroyPage",
          "alias": "卸载页面",
          "type": "Complex",
          "readonly": true,
          "attributes": [
            { "name": "functionName", "alias": "方法名称", "type": "String", "default": "destroyPage" },
            { "name": "description", "alias": "方法描述", "type": "String", "default": "卸载Iframe绑定页面" }
          ]
        },
        {
          "name": "refresh",
          "alias": "刷新页面",
          "type": "Complex",
          "returnValue": false,
          "readonly": true,
          "attributes": [
            { "name": "functionName", "alias": "方法名称", "type": "String", "default": "refresh" },
            { "name": "description", "alias": "方法描述", "type": "String", "default": "刷新Iframe绑定页面" }
          ]
        }
      ]
    }
  ]
}
