{
  "name": "ChartLine",
  "alias": "折线图",
  "version": "1.4.0",
  "author": "***",
  "groupName": "chart",
  "groupAlias": "图表",
  "description": "",
  "type": "vue",
  "order": 3001,
  "attributes": [
    {
      "name": "appearance",
      "alias": "外观",
      "attributes": "smartAttrs.chartAppearance"
    },
    {
      "name": "layout",
      "alias": "布局",
      "expandable": true,
      "attributes": "smartAttrs.chartLayout"
    },
    {
      "name": "title",
      "alias": "标题",
      "expandable": true,
      "attributes": "smartAttrs.chartTitle"
    },
    {
      "name": "tooltip",
      "alias": "提示框",
      "expandable": true,
      "attributes": "smartAttrs.chartTooltip"
    },
    {
      "name": "dataZoom",
      "alias": "区域缩放",
      "expandable": true,
      "attributes": "smartAttrs.chartDataZoom"
    },
    {
      "name": "legend",
      "alias": "图例分组",
      "expandable": true,
      "attributes": "smartAttrs.chartLegend"
    },
    {
      "name": "coordinateCartesian",
      "alias": "直角坐标系",
      "expandable": true,
      "attributes": "smartAttrs.chartCoordinateCartesian"
    },
    {
      "name": "coordinatePolar",
      "alias": "极坐标系",
      "expandable": true,
      "attributes": "smartAttrs.chartCoordinatePolar"
    },
    {
      "name": "series",
      "alias": "系列分组",
      "expandable": true,
      "attributes": [
        {
          "name": "series",
          "alias": "系列",
          "type": "Complex[*]",
          "inputVisible": false,
          "attributes": [
            {
              "name": "series.type",
              "alias": "系列.类型",
              "type": "Enum(\"line:折线\",\"bar:柱形\")",
              "default": "line",
              "changeHandler": "chartTypeChange"
            },
            {
              "name": "series.name",
              "alias": "系列.系列名称",
              "type": "String",
              "minlength": 0,
              "maxlength": 20,
              "default": "折线图",
              "customGroupName": "legendName"
            },
            {
              "name": "series.legendHoverLink",
              "alias": "系列.联动高亮",
              "type": "Boolean",
              "default": true
            },
            {
              "name": "series.coordinateSystem",
              "alias": "系列.坐标系",
              "type": "Enum(\"cartesian2d:直角坐标系\",\"polar:极坐标系\")",
              "default": "cartesian2d"
            },
            {
              "name": "series.xAxisIndex",
              "alias": "系列.关联x轴",
              "type": "Number",
              "default": 0,
              "min": 0
            },
            {
              "name": "series.yAxisIndex",
              "alias": "系列.关联y轴",
              "type": "Number",
              "default": 0,
              "min": 0
            },
            {
              "name": "series.polarIndex",
              "alias": "系列.关联极坐标",
              "type": "Number",
              "default": 0,
              "min": 0
            },
            {
              "name": "series.label.formatter",
              "alias": "系列.标签格式",
              "type": "String",
              "default": null
            },
            {
              "name": "series.label.show",
              "alias": "系列.标签显示",
              "type": "Boolean",
              "default": false
            },
            {
              "name": "series.label.color",
              "alias": "系列.文字颜色",
              "type": "String",
              "default": "#000",
              "editor": "color"
            },
            {
              "name": "series.label.fontSize",
              "alias": "系列.文字字号",
              "type": "Number",
              "default": 12,
              "min": 8
            },
            {
              "name": "series.label.backgroundColor",
              "alias": "系列.标签底色",
              "type": "String",
              "default": "rgba(255,255,255,1)",
              "editor": "color"
            },
            {
              "name": "series.label.distance",
              "alias": "系列.标签距离",
              "type": "Number",
              "default": 5
            },
            {
              "name": "series.label.position",
              "alias": "系列.标签位置",
              "type": "Enum(\"top:顶部\",\"left:左侧\",\"right:右侧\",\"bottom:底部\",\"inside:内部\")",
              "default": "inside"
            },
            {
              "name": "series.label.align",
              "alias": "系列.水平对齐",
              "type": "Enum(\"left:向左对齐\",\"right:向右对齐\",\"center:居中对齐\")",
              "default": "center"
            },
            {
              "name": "series.label.verticalAlign",
              "alias": "系列.垂直对齐",
              "type": "Enum(\"top:顶端对齐\",\"middle:垂直居中\",\"bottom:底端对齐\")",
              "default": "middle"
            },
            {
              "name": "series.itemStyle.color",
              "alias": "系列.图形颜色",
              "type": "String",
              "default": null,
              "editor": "color"
            },
            {
              "name": "series.itemStyle.opacity",
              "alias": "系列.图形透明",
              "type": "Number",
              "default": 1,
              "min": 0,
              "max": 1,
              "precision": 2,
              "step": 0.01
            },
            {
              "name": "series.itemStyle.borderWidth",
              "alias": "系列.边线宽度",
              "type": "Number",
              "default": 0,
              "min": 0
            },
            {
              "name": "series.itemStyle.borderColor",
              "alias": "系列.边线颜色",
              "type": "String",
              "default": null,
              "editor": "color"
            },
            {
              "name": "series.itemStyle.borderType",
              "alias": "系列.边线样式",
              "type": "Enum(\"dashed:虚线\",\"solid:实线\",\"dotted:点线\")",
              "default": "solid"
            },
            {
              "name": "series.itemStyle.shadowBlur",
              "alias": "系列.阴影模糊",
              "type": "Number",
              "default": null,
              "min": 0
            },
            {
              "name": "series.itemStyle.shadowColor",
              "alias": "系列.阴影颜色",
              "type": "String",
              "default": null,
              "editor": "color"
            },
            {
              "name": "series.itemStyle.shadowOffsetX",
              "alias": "系列.阴影偏移X",
              "type": "Number",
              "default": 0,
              "min":-99999
            },
            {
              "name": "series.itemStyle.shadowOffsetY",
              "alias": "系列.阴影偏移Y",
              "type": "Number",
              "default": 0,
              "min":-99999
            },
            {
              "name": "series.sampling",
              "alias": "系列.采样策略",
              "type": "Enum(\"min:取过滤点的最小值\",\"max:取过滤点的最大值\",\"sum:取过滤点的和\",\"average:取过滤点的平均值\",\"lttb:采用Largest-Triangle-Three-Bucket算法\")",
              "default": null
            },
            {
              "name": "series.cursor",
              "alias": "系列.光标样式",
              "type": "Enum(\"pointer\",\"auto\")",
              "default": "pointer"
            },
            {
              "name": "series.clip",
              "alias": "系列.超出裁剪",
              "type": "Boolean",
              "default": true
            },
            {
              "name": "series.z",
              "alias": "系列.系列顺序",
              "type": "Number",
              "default": 2,
              "min": 0
            },
            {
              "name": "series.showSymbol",
              "alias": "系列.显示标记",
              "type": "Boolean",
              "default": true,
              "visible": true,
              "customGroupName": "lineType"
            },
            {
              "name": "series.symbol",
              "alias": "系列.标记样式",
              "type": "Enum(\"circle:圆形\",\"rect:矩形\",\"roundRect:圆角矩形\",\"triangle:三角形\",\"diamond:菱形\",\"emptyCircle:空心圆\",\"none:无\")",
              "default": "emptyCircle",
              "visible": true,
              "customGroupName": "lineType"
            },
            {
              "name": "series.symbolSize",
              "alias": "系列.标记大小",
              "type": "Number",
              "default": 4,
              "min": 0,
              "visible": true,
              "customGroupName": "lineType"
            },
            {
              "name": "series.symbolRotate",
              "alias": "系列.标记角度",
              "type": "Number",
              "default": null,
              "visible": true,
              "customGroupName": "lineType"
            },
            {
              "name": "series.symbolOffset",
              "alias": "系列.标记偏移",
              "type": "Number[2]",
              "default": [0, 0],
              "primitiveLabels": ["x", "y"],
              "visible": true,
              "customGroupName": "lineType"
            },
            {
              "name": "series.connectNulls",
              "alias": "系列.连接空数",
              "type": "Boolean",
              "default": false,
              "visible": true,
              "customGroupName": "lineType"
            },
            {
              "name": "series.step",
              "alias": "系列.阶梯线图",
              "type": "Boolean",
              "default": false,
              "visible": true,
              "customGroupName": "lineType"
            },
            {
              "name": "series.lineStyle.color",
              "alias": "系列.线条颜色",
              "type": "String",
              "default": null,
              "editor": "color",
              "visible": true,
              "customGroupName": "lineType"
            },
            {
              "name": "series.lineStyle.opacity",
              "alias": "系列.线条透明",
              "type": "Number",
              "default": 1,
              "min": 0,
              "max": 1,
              "precision": 2,
              "step": 0.01,
              "visible": true,
              "customGroupName": "lineType"
            },
            {
              "name": "series.lineStyle.type",
              "alias": "系列.线条样式",
              "type": "Enum(\"solid:实线\",\"dashed:虚线\",\"dotted:点线\")",
              "default": "solid",
              "visible": true,
              "customGroupName": "lineType"
            },
            {
              "name": "series.lineStyle.width",
              "alias": "系列.线条线宽",
              "type": "Number",
              "default": 2,
              "min": 0,
              "visible": true,
              "customGroupName": "lineType"
            },
            {
              "name": "series.lineStyle.shadowBlur",
              "alias": "系列.线影模糊",
              "type": "Number",
              "min": 0,
              "default": null,
              "visible": true,
              "customGroupName": "lineType"
            },
            {
              "name": "series.lineStyle.shadowColor",
              "alias": "系列.线影颜色",
              "type": "String",
              "default": null,
              "editor": "color",
              "visible": true,
              "customGroupName": "lineType"
            },
            {
              "name": "series.lineStyle.shadowOffsetX",
              "alias": "系列.线影偏移X",
              "type": "Number",
              "default": 0,
              "min":-99999,
              "visible": true,
              "customGroupName": "lineType"
            },
            {
              "name": "series.lineStyle.shadowOffsetY",
              "alias": "系列.线影偏移Y",
              "type": "Number",
              "default": 0,
              "min":-99999,
              "visible": true,
              "customGroupName": "lineType"
            },
            {
              "name": "series.areaStyle.color",
              "alias": "系列.区域颜色",
              "type": "String",
              "default": null,
              "editor": "color",
              "visible": true,
              "customGroupName": "lineType"
            },
            {
              "name": "series.areaStyle.opacity",
              "alias": "系列.区域透明",
              "type": "Number",
              "default": 0,
              "min": 0,
              "max": 1,
              "precision": 2,
              "step": 0.01,
              "visible": true,
              "customGroupName": "lineType"
            },
            {
              "name": "series.areaStyle.origin",
              "alias": "系列.区域起点",
              "type": "Enum(\"start:填充坐标轴底部到数据间的区域\",\"end:填充坐标轴顶部到数据间的区域\",\"auto:填充坐标轴轴线到数据间的区域\")",
              "default": "auto",
              "visible": true,
              "customGroupName": "lineType"
            },
            {
              "name": "series.areaStyle.shadowBlur",
              "alias": "系列.区影模糊",
              "type": "Number",
              "default": 0,
              "min": 0,
              "visible": true,
              "customGroupName": "lineType"
            },
            {
              "name": "series.areaStyle.shadowColor",
              "alias": "系列.区影颜色",
              "type": "String",
              "default": null,
              "editor": "color",
              "visible": true,
              "customGroupName": "lineType"
            },
            {
              "name": "series.areaStyle.shadowOffsetX",
              "alias": "系列.区影偏移X",
              "type": "Number",
              "default": 0,
              "min":-99999,
              "visible": true,
              "customGroupName": "lineType"
            },
            {
              "name": "series.areaStyle.shadowOffsetY",
              "alias": "系列.区影偏移Y",
              "type": "Number",
              "default": 0,
              "min":-99999,
              "visible": true,
              "customGroupName": "lineType"
            },
            {
              "name": "series.smooth",
              "alias": "系列.曲线平滑",
              "type": "Boolean",
              "default": false,
              "visible": true,
              "customGroupName": "lineType"
            },
            {
              "name": "series.smoothMonotone",
              "alias": "系列.单调平滑",
              "type": "Enum(\"x\",\"y\")",
              "default": null,
              "visible": true,
              "customGroupName": "lineType"
            },
            {
              "name": "series.markPoint.data",
              "alias": "系列.标注数据",
              "type": "Complex[*]",
              "default": null,
              "editor": "code",
              "visible": true,
              "customGroupName": "lineType"
            },
            {
              "name": "series.markPoint.label.show",
              "alias": "系列.标注文字",
              "type": "Boolean",
              "default": true,
              "visible": false
            },
            {
              "name": "series.markPoint.label.formatter",
              "alias": "系列.标注格式器",
              "type": "String",
              "default": null,
              "visible": false
            },
            {
              "name": "series.markPoint.symbol",
              "alias": "系列.标注样式",
              "type": "Enum(\"pin:大头针\",\"circle:圆形\",\"rect:矩形\",\"roundRect:圆角矩形\",\"triangle:三角形\",\"diamond:菱形\",\"emptyCircle:空心圆\",\"none:无\")",
              "default": "pin",
              "visible": true,
              "customGroupName": "lineType"
            },
            {
              "name": "series.markPoint.symbolSize",
              "alias": "系列.标注尺寸",
              "type": "Number",
              "default": 50,
              "min": 0,
              "visible": true,
              "customGroupName": "lineType"
            },
            {
              "name": "series.markPoint.symbolRotate",
              "alias": "系列.标注旋转",
              "type": "Number",
              "default": 0,
              "visible": true,
              "customGroupName": "lineType"
            },
            {
              "name": "series.markPoint.symbolOffset",
              "alias": "系列.标注偏移",
              "type": "Number[2]",
              "default": [0, 0],
              "visible": false,
              "primitiveLabels": ["x", "y"]
            },
            {
              "name": "series.markPoint.silent",
              "alias": "系列.标注静默",
              "type": "Boolean",
              "default": false,
              "visible": true,
              "customGroupName": "lineType"
            },
            {
              "name": "series.markPoint.itemStyle.color",
              "alias": "系列.标注颜色",
              "type": "String",
              "default": null,
              "editor": "color",
              "visible": true,
              "customGroupName": "lineType"
            },
            {
              "name": "series.markPoint.itemStyle.opacity",
              "alias": "系列.标注透明",
              "type": "Number",
              "default": 1,
              "min": 0,
              "max": 1,
              "precision": 2,
              "step": 0.01,
              "visible": true,
              "customGroupName": "lineType"
            },
            {
              "name": "series.markPoint.itemStyle.borderColor",
              "alias": "系列.标注边色",
              "type": "String",
              "default": null,
              "editor": "color",
              "visible": true,
              "customGroupName": "lineType"
            },
            {
              "name": "series.markPoint.itemStyle.borderType",
              "alias": "系列.标注边型",
              "type": "Enum(\"solid:实线\",\"dashed:虚线\",\"dotted:点线\")",
              "default": "solid",
              "visible": true,
              "customGroupName": "lineType"
            },
            {
              "name": "series.markPoint.itemStyle.borderWidth",
              "alias": "系列.标注边宽",
              "type": "Number",
              "default": 0,
              "min": 0,
              "visible": true,
              "customGroupName": "lineType"
            },
            {
              "name": "series.markLine.data",
              "alias": "系列.标线数据",
              "type": "Complex[*]",
              "default": null,
              "editor": "code",
              "visible": true,
              "customGroupName": "lineType"
            },
            {
              "name": "series.markLine.symbol",
              "alias": "系列.标线标记",
              "type": "Enum(\"circle:圆形\",\"rect:矩形\",\"roundRect:圆角矩形\",\"triangle:三角形\",\"diamond:菱形\",\"pin:大头针\",\"arrow:箭头\",\"none:无\")[2]",
              "primitiveLabels": ["开端", "末端"],
              "default": ["circle","arrow"],
              "visible": true,
              "customGroupName": "lineType"
            },
            {
              "name": "series.markLine.symbolSize",
              "alias": "系列.标线尺寸",
              "type": "Number",
              "default": null,
              "min": 0,
              "visible": true,
              "customGroupName": "lineType"
            },
            {
              "name": "series.markLine.precision",
              "alias": "系列.标线精度",
              "type": "Number",
              "default": 2,
              "min": 0,
              "visible": true,
              "customGroupName": "lineType"
            },
            {
              "name": "series.markLine.silent",
              "alias": "系列.标线静默",
              "type": "Boolean",
              "default": false,
              "visible": true,
              "customGroupName": "lineType"
            },
            {
              "name": "series.markLine.lineStyle.color",
              "alias": "系列.标线颜色",
              "type": "String",
              "default": null,
              "editor": "color",
              "visible": true,
              "customGroupName": "lineType"
            },
            {
              "name": "series.markLine.lineStyle.opacity",
              "alias": "系列.标线透明",
              "type": "Number",
              "default": 1,
              "min": 0,
              "max": 1,
              "precision": 2,
              "step": 0.01,
              "visible": true,
              "customGroupName": "lineType"
            },
            {
              "name": "series.markLine.lineStyle.type",
              "alias": "系列.标线线型",
              "type": "Enum(\"solid:实线\",\"dashed:虚线\",\"dotted:点线\")",
              "default": "solid",
              "visible": true,
              "customGroupName": "lineType"
            },
            {
              "name": "series.markLine.lineStyle.width",
              "alias": "系列.标线线宽",
              "type": "Number",
              "default": 1,
              "min": 0,
              "visible": true,
              "customGroupName": "lineType"
            },
            {
              "name": "series.markLine.lineStyle.curveness",
              "alias": "系列.标线曲度",
              "type": "Number",
              "default": 0,
              "min": 0,
              "max": 1,
              "precision": 1,
              "step": 0.1,
              "visible": true,
              "customGroupName": "lineType"
            },
            {
              "name": "series.markLine.label.show",
              "alias": "系列.标线标签",
              "type": "Boolean",
              "default": true,
              "visible": true,
              "customGroupName": "lineType"
            },
            {
              "name": "series.markLine.label.position",
              "alias": "系列.标线签位",
              "type": "Enum(\"start:线的起始点\",\"end:线的结束点\",\"middle:线的中点\")",
              "default": "end",
              "visible": true,
              "customGroupName": "lineType"
            },
            {
              "name": "series.markLine.label.formatter",
              "alias": "系列.标线格式",
              "type": "String",
              "default": null,
              "visible": true,
              "customGroupName": "lineType"
            },
            {
              "name": "series.markArea.data",
              "alias": "系列.标域数据",
              "type": "Complex[*]",
              "default": null,
              "editor": "code",
              "visible": true,
              "customGroupName": "lineType"
            },
            {
              "name": "series.markArea.itemStyle.color",
              "alias": "系列.标域颜色",
              "type": "String",
              "default": null,
              "editor": "color",
              "visible": true,
              "customGroupName": "lineType"
            },
            {
              "name": "series.markArea.itemStyle.opacity",
              "alias": "系列.标域透明",
              "type": "Number",
              "default": 1,
              "min": 0,
              "max": 1,
              "precision": 2,
              "step": 0.01,
              "visible": true,
              "customGroupName": "lineType"
            },
            {
              "name": "series.markArea.itemStyle.borderColor",
              "alias": "系列.标域边色",
              "type": "String",
              "default": null,
              "editor": "color",
              "visible": true,
              "customGroupName": "lineType"
            },
            {
              "name": "series.markArea.itemStyle.borderType",
              "alias": "系列.标域边型",
              "type": "Enum(\"solid:实线\",\"dashed:虚线\",\"dotted:点线\")",
              "default": "solid",
              "visible": true,
              "customGroupName": "lineType"
            },
            {
              "name": "series.markArea.itemStyle.borderWidth",
              "alias": "系列.标域边宽",
              "type": "Number",
              "default": 0,
              "min": 0,
              "visible": true,
              "customGroupName": "lineType"
            },
            {
              "name": "series.markArea.label.show",
              "alias": "系列.标域标签",
              "type": "Boolean",
              "default": false,
              "visible": true,
              "customGroupName": "lineType"
            },
            {
              "name": "series.markArea.label.position",
              "alias": "系列.标域签位",
              "type": "Enum(\"top:顶端\",\"left:左侧\",\"right:右侧\",\"bottom:底端\",\"inside:内部\")",
              "default": "inside",
              "visible": true,
              "customGroupName": "lineType"
            },
            {
              "name": "series.stack",
              "alias": "系列.堆叠分组",
              "type": "String",
              "default": null
            },
            {
              "name": "series.barWidth",
              "alias": "系列.柱条宽度",
              "type": "String",
              "default": null,
              "min": 0,
              "visible": false,
              "customGroupName": "barType",
              "maxlength": "7",
              "rules": [{
                "pattern": "/^(__quote:percentage__|(^\\d+$))$/",
                "message": "请输入非负整数或百分比"
              }]
            },
            {
              "name": "series.barMinHeight",
              "alias": "系列.最小条高",
              "type": "Number",
              "default": null,
              "min": 0,
              "visible": false,
              "customGroupName": "barType"
            },
            {
              "name": "series.barCategoryGap",
              "alias": "系列.柱间距",
              "type": "String",
              "default": "20%",
              "visible": false,
              "customGroupName": "barType",
              "maxlength": "7",
              "rules": [{
                "pattern": "/^(__quote:percentage__|(^\\d+$))$/",
                "message": "请输入非负整数或百分比"
              }]
            },
            {
              "name": "series.data",
              "alias": "系列.关联数据",
              "type": "Complex[*]",
              "default": [["类目1",5],["类目2",20],["类目3",36],["类目4",10],["类目5",15],["类目6",20]],
              "editor": "code",
              "linkable": true,
              "customGroupName": "linkable"
            },
            {
              "name": "series.dataField",
              "alias": "系列.关联数据字段名",
              "type": "String",
              "visible": false,
              "default": ""
            },
            {
              "name": "series.nameField",
              "alias": "系列.数据项名称字段名",
              "type": "String",
              "visible": false,
              "default": ""
            }
          ]
        }
      ]
    },
    {
      "name":"commonLinkData",
      "alias":"数据",
      "visible": false,
      "attributes": "smartAttrs.chartCommonLinkData"
    },
    {
      "name":"events",
      "alias":"事件",
      "attributes": "smartAttrs.chartEvents"
    },
    {
      "name": "methods",
      "alias": "方法",
      "attributes": "smartAttrs.chartMethods"
    }
  ]
}
