{
  "name": "Gis",
  "alias": "GIS",
  "version": "1.0.13",
  "author": "10007630",
  "groupAlias": "专业组件",
  "groupName": "specialty",
  "type": "vue",
  "order": 5012,
  "attributes": [
    {
      "name": "appearance",
      "alias": "外观",
      "visible": false
    },
    {
      "name": "layout",
      "alias": "布局",
      "expandable": false,
      "attributes": [
        {
          "name": "width",
          "alias": "宽度",
          "type": "String",
          "default": "100%",
          "visible": false,
          "sort": 3004
        },
        {
          "name": "height",
          "alias": "高度",
          "type": "String",
          "default": "100%",
          "tips": "允许三种值：1.自动:auto；2.数字+单位:300px；3.百分比:50%(只在自由布局时生效)",
          "sort": 3005,
          "allowType": "percent||cssSize",
          "inputVisible": false,
          "visible": false
        },
        {
          "name": "blockToolbarShowType",
          "alias": "工具栏显示方式",
          "type": "Enum(\"none:不显示\", \"grid:网格\", \"list:列表\")",
          "default": "none",
          "changeHandler": "basicChangeHandler",
          "sort": 3021,
          "visible": false,
          "inputVisible": false
        }
      ]
    },
    {
      "name": "base",
      "alias": "基础",
      "expandable": false,
      "attributes": [
        {
          "alias": "高度",
          "name": "height",
          "type": "String",
          "default": "100%",
          "tips": "允许三种值：1.自动:auto；2.数字+单位:300px；3.百分比:50%(只在自由布局时生效)"
        },
        {
          "alias": "缩放级别",
          "name": "zoom",
          "type": "Number",
          "min": 0,
          "max": 20,
          "precision": "1",
          "default": 3
        },
        {
          "alias": "最小缩放",
          "name": "minZoom",
          "type": "Number",
          "min": 0,
          "default": 0
        },
        {
          "alias": "最大缩放",
          "name": "maxZoom",
          "type": "Number",
          "min": 0,
          "default": 20
        },
        {
          "alias": "旋转角度",
          "name": "rotation",
          "type": "Number",
          "min": -180,
          "max": 180,
          "default": 0,
          "tips": "范围-180～180，正值为顺时针，负值为逆时针。"
        },
        {
          "alias": "中心位置",
          "name": "center",
          "type": "Number[2]",
          "precision": "6",
          "default": [
            116.412893,
            39.94968
          ],
          "min": "-Infinity",
          "max": "Infinity",
          "primitiveLabels": [
            "经度",
            "纬度"
          ],
          "tips": "地图初始化中心经纬度, EPSG:4326 经纬度坐标。"
        },
        {
          "alias": "滤镜",
          "name": "filter",
          "type": "Complex",
          "attributes": [
            {
              "name": "isFilter",
              "alias": "滤镜开启",
              "type": "Boolean",
              "default": false
            },
            {
              "name": "filterType",
              "alias": "滤镜设置",
              "type": "Enum(\"deepBlue:深蓝\",\"techBlue:科技蓝\", \"black:极黑\", \"orange:橙色\", \"blue:单色蓝\")",
              "default": "deepBlue",
              "visible": false
            }
          ]
        }
      ]
    },
    {
      "name": "layerSet",
      "alias": "图层",
      "expandable": false,
      "attributes": [
        {
          "name": "layers",
          "alias": "图层设置",
          "type": "Complex[*]",
          "inputVisible": false,
          "visible": true,
          "attributes": [
            {
              "name": "title",
              "alias": "图层名称",
              "type": "String",
              "default": ""
            },
            {
              "name": "type",
              "alias": "类型",
              "type": "Enum(\"Tile:切片图层\",\"Vector:矢量图层\", \"HeatMap:热度图\", \"Image:图片图层\", \"WebGLPoints:海量点图\", \"Graticule:标尺图层\")",
              "default": "Tile",
              "titleVisible": true
            },
            {
              "alias": "来源",
              "name": "source",
              "type": "Enum(\"OSM:OSM\",\"XYZ:XYZ\",\"stamen:stamen\",\"label:label\")",
              "default": "OSM"
            },
            {
              "alias": "地图归属",
              "name": "attribution",
              "type": "String",
              "default": "",
              "visible": false
            },
            {
              "alias": "链接",
              "name": "url",
              "type": "String",
              "default": ""
            },
            {
              "name": "visible",
              "alias": "图层显示",
              "type": "Boolean",
              "default": true
            },
            {
              "alias": "点源集群",
              "name": "dotcluster",
              "type": "Boolean",
              "visible": false,
              "default": false,
              "tips": "只有点源才可以设置集群。"
            },
            {
              "alias": "样式模式",
              "name": "dotmodule",
              "type": "Enum(\"'icons':图标\", \"'triangles':三角形\", \"'triangles-latitude':三角形-经纬度\", \"'circles':圆形\", \"'circles-zoom':圆形-缩放\",\"'rotating-bars':矩形\")",
              "visible": false,
              "default": "circles"
            },
            {
              "alias": "要素样式",
              "name": "dotstyle",
              "visible": false,
              "type": "Complex[*]",
              "editor": "code",
              "linkable": true,
              "default": null
            },
            {
              "alias": "要素类型",
              "name": "dottype",
              "type": "Enum(\"Circle:圆形\", \"Text:文字\",\"FontSymbol:图标\")",
              "visible": false,
              "default": "Circle"
            },
            {
              "name": "doticon",
              "alias": "要素图标",
              "type": "String",
              "default": "",
              "visible": false,
              "editor": "icon",
              "editorParams": {
                "withContent": true
              }
            },
            {
              "name": "dottxt",
              "alias": "要素文字",
              "type": "String",
              "visible": false,
              "default": "P"
            },
            {
              "name": "fillcolor",
              "alias": "填充色",
              "type": "String",
              "default": "#f44",
              "visible": false,
              "editor": "color"
            },
            {
              "name": "strokecolor",
              "alias": "边框色",
              "type": "String",
              "default": "#ff4",
              "visible": false,
              "editor": "color"
            },
            {
              "name": "strokewidth",
              "alias": "边框宽度",
              "type": "Number",
              "visible": false,
              "min": 0,
              "default": 1
            },
            {
              "alias": "要素点击",
              "name": "dotclick",
              "type": "Complex",
              "visible": false,
              "attributes": [
                {
                  "name": "content",
                  "alias": "执行内容",
                  "type": "Complex[*]",
                  "inputVisible": false,
                  "attributes": "smartAttrs.eventContent"
                },
                {
                  "name": "description",
                  "alias": "事件描述",
                  "type": "String",
                  "readonly": true,
                  "default": "当要素点被点击时触发"
                },
                {
                  "name": "payload",
                  "alias": "参数",
                  "type": "Complex[2]",
                  "readonly": true,
                  "inputVisible": false,
                  "attributes": "smartAttrs.payload",
                  "default": [
                    {
                      "name": "coordinate",
                      "alias": "要素经纬度"
                    },
                    {
                      "name": "propertie",
                      "alias": "要素属性"
                    }
                  ]
                }
              ]
            }
          ]
        }
      ]
    },
    {
      "name": "controls",
      "alias": "控件",
      "expandable": false,
      "attributes": [
        {
          "alias": "全屏",
          "name": "fullscreencontrol",
          "type": "Boolean",
          "default": true
        },
        {
          "alias": "比例尺",
          "name": "scalelinecontrol",
          "type": "Boolean",
          "default": false
        },
        {
          "alias": "缩放",
          "name": "zoomcontrol",
          "type": "Boolean",
          "default": true
        },
        {
          "alias": "缩放条",
          "name": "zoomslidercontrol",
          "type": "Boolean",
          "default": false
        },
        {
          "alias": "全局控件",
          "name": "overviewmapcontrol",
          "type": "Boolean",
          "default": false
        },
        {
          "alias": "搜索",
          "name": "search",
          "type": "Boolean",
          "default": false
        },
        {
          "alias": "E回归",
          "name": "zoomtoextent",
          "type": "Boolean",
          "default": false,
          "tips": "点击E按钮回到设定位置"
        },
        {
          "alias": "设定位置",
          "name": "extentarea",
          "type": "Number[4]",
          "precision": "6",
          "default": [
            68.412893,
            53.94968,
            133.412893,
            17.94968
          ],
          "min": "-Infinity",
          "max": "Infinity",
          "primitiveLabels": [
            "左上  x1",
            "y1",
            "右下  x2",
            "y2"
          ],
          "tips": "E位置设定"
        },
        {
          "alias": "测量距离",
          "name": "drawLine",
          "type": "Boolean",
          "default": false
        },
        {
          "alias": "测量面积",
          "name": "drawPolygon",
          "type": "Boolean",
          "default": false
        },
        {
          "alias": "加载条",
          "name": "loadingbar",
          "type": "Boolean",
          "default": false
        },
        {
          "alias": "加载提示",
          "name": "loadingtext",
          "type": "String",
          "minlength": 0,
          "maxlength": 50,
          "default": "loading"
        },
        {
          "alias": "书签显示",
          "name": "bookmarkshow",
          "type": "Boolean",
          "default": false
        },
        {
          "alias": "书签编辑",
          "name": "bmarkeditable",
          "type": "Boolean",
          "default": false
        },
        {
          "alias": "图层切换",
          "name": "layerswitch",
          "type": "Boolean",
          "default": false
        },
        {
          "alias": "滑动分屏",
          "name": "swipe",
          "type": "Boolean",
          "visible": false,
          "default": false
        },
        {
          "alias": "分屏方位",
          "name": "swipeType",
          "type": "Enum(\"horizontal:横向\",\"vertical:垂直\")",
          "visible": false,
          "default": "horizontal"
        },
        {
          "name": "marks",
          "alias": "默认书签",
          "type": "Complex[*]",
          "inputVisible": false,
          "visible": false,
          "attributes": [
            {
              "name": "name",
              "alias": "名称",
              "type": "String",
              "titleVisible": true,
              "default": "北京"
            },
            {
              "alias": "经纬度",
              "name": "center",
              "type": "Number[2]",
              "precision": "6",
              "default": [
                116.412893,
                39.94968
              ],
              "min": "-Infinity",
              "max": "Infinity",
              "primitiveLabels": [
                "经度",
                "纬度"
              ],
              "tips": "EPSG:4326 经纬度坐标。"
            },
            {
              "alias": "缩放级别",
              "name": "zoom",
              "type": "Number",
              "precision": "1",
              "min": 0,
              "default": 12
            }
          ]
        }
      ]
    },
    {
      "name": "placemark",
      "alias": "地标设置",
      "expandable": false,
      "attributes": [
        {
          "name": "placemarks",
          "alias": "地标设置",
          "type": "Complex[*]",
          "inputVisible": false,
          "visible": true,
          "attributes": [
            {
              "name": "display",
              "alias": "显示",
              "type": "Boolean",
              "default": false
            },
            {
              "alias": "类型",
              "name": "class",
              "type": "Enum(\"'':默认\",\"pushpin:图钉\",\"needle:针\",\"flag:旗帜\",\"shield:盾\")",
              "default": ""
            },
            {
              "alias": "地标位置",
              "name": "position",
              "type": "Number[2]",
              "precision": "6",
              "default": [
                116.412893,
                39.94968
              ],
              "min": "-Infinity",
              "max": "Infinity",
              "primitiveLabels": [
                "经度",
                "纬度"
              ],
              "tips": "EPSG:4326 经纬度坐标。"
            },
            {
              "alias": "描述",
              "name": "desc",
              "type": "String",
              "default": "A",
              "titleVisible": true
            },
            {
              "alias": "内容",
              "name": "txt",
              "type": "String",
              "minlength": 0,
              "maxlength": 8,
              "default": "P"
            },
            {
              "name": "markicon",
              "alias": "地标图标",
              "type": "String",
              "default": "",
              "editor": "icon"
            },
            {
              "name": "markcolor",
              "alias": "地标颜色",
              "type": "String",
              "default": "#f44",
              "editor": "color"
            },
            {
              "name": "txtcolor",
              "alias": "内容颜色",
              "type": "String",
              "default": "#222",
              "editor": "color"
            }
          ]
        }
      ]
    },
    {
      "name": "events",
      "alias": "事件",
      "expandable": false,
      "attributes": [
        {
          "alias": "地图点击",
          "name": "mapclick",
          "type": "Complex",
          "attributes": [
            {
              "name": "content",
              "alias": "执行内容",
              "type": "Complex[*]",
              "inputVisible": false,
              "attributes": "smartAttrs.eventContent"
            },
            {
              "name": "description",
              "alias": "事件描述",
              "type": "String",
              "readonly": true,
              "default": "当地图被点击时会触发"
            },
            {
              "name": "payload",
              "alias": "参数",
              "type": "Complex[1]",
              "readonly": true,
              "inputVisible": false,
              "attributes": "smartAttrs.payload",
              "default": [
                {
                  "name": "point",
                  "alias": "点击位置信息"
                }
              ]
            }
          ]
        },
        {
          "alias": "地图移动事件",
          "name": "mapmoved",
          "type": "Complex",
          "attributes": [
            {
              "name": "content",
              "alias": "执行内容",
              "type": "Complex[*]",
              "inputVisible": false,
              "attributes": "smartAttrs.eventContent"
            },
            {
              "name": "description",
              "alias": "事件描述",
              "type": "String",
              "readonly": true,
              "default": "当地图移动时会触发"
            },
            {
              "name": "payload",
              "alias": "参数",
              "type": "Complex[1]",
              "readonly": true,
              "inputVisible": false,
              "attributes": "smartAttrs.payload",
              "default": [
                {
                  "name": "extent",
                  "alias": "移动后的范围信息"
                }
              ]
            }
          ]
        }
      ]
    },
    {
      "name": "methods",
      "alias": "方法",
      "expandable": false,
      "attributes": [
        {
          "name": "movePointAnimate",
          "alias": "移到某位置",
          "type": "Complex",
          "readonly": true,
          "attributes": [
            {
              "name": "functionName",
              "alias": "方法名称",
              "type": "String",
              "default": "movePointAnimate"
            },
            {
              "name": "description",
              "alias": "方法描述",
              "type": "String",
              "default": "移动到地图的某个位置"
            },
            {
              "name": "payload",
              "alias": "参数",
              "type": "Complex[1]",
              "inputVisible": false,
              "attributes": "smartAttrs.payload",
              "default": [
                {
                  "name": "value",
                  "alias": "对象集合",
                  "editor": "variable",
                  "objectAttr": [
                    {
                      "alias": "地标位置",
                      "name": "center",
                      "type": "Number[2]",
                      "precision": "6",
                      "default": [
                        116.412893,
                        39.94968
                      ],
                      "min": "-Infinity",
                      "max": "Infinity",
                      "primitiveLabels": [
                        "经度",
                        "纬度"
                      ],
                      "tips": "[经度,纬度]。"
                    },
                    {
                      "alias": "缩放级别",
                      "name": "zoom",
                      "type": "Number",
                      "precision": "1",
                      "min": 0,
                      "default": 8
                    },
                    {
                      "alias": "动画时间(毫秒)",
                      "name": "duration",
                      "type": "Number",
                      "default": 2000
                    }
                  ]
                }
              ]
            }
          ]
        },
        {
          "name": "addPlacemarks",
          "alias": "新增地标",
          "type": "Complex",
          "readonly": true,
          "visible":false,
          "attributes": [
            {
              "name": "functionName",
              "alias": "方法名称",
              "type": "String",
              "default": "addPlacemarks"
            },
            {
              "name": "description",
              "alias": "方法描述",
              "type": "String",
              "default": "新增地标数据"
            },
            {
              "name": "payload",
              "alias": "参数",
              "type": "Complex[1]",
              "inputVisible": false,
              "attributes": "smartAttrs.payload",
              "default": [
                {
                  "name": "options",
                  "alias": "对象集合",
                  "isObject": true,
                  "objectAttr": [
                    {"name": "value", "alias": "参数值","editor": "variable"}
                  ]
                }
              ]
            }
          ]
        },
        {
          "name": "getPlacemarks",
          "alias": "获取地标值",
          "type": "Complex",
          "readonly": true,
          "returnValue": true,
          "attributes": [
            {
              "name": "functionName",
              "alias": "方法名称",
              "type": "String",
              "default": "getPlacemarks"
            },
            {
              "name": "description",
              "alias": "方法描述",
              "type": "String",
              "default": "获取当前地标数据"
            }
          ]
        },
        {
          "name": "refresh",
          "alias": "刷新组件",
          "type": "Complex",
          "returnValue": false,
          "readonly": true,
          "attributes": [
            {
              "name": "functionName",
              "alias": "方法名称",
              "type": "String",
              "default": "refresh"
            },
            {
              "name": "description",
              "alias": "方法描述",
              "type": "String",
              "default": "刷新gis组件"
            }
          ]
        }
      ]
    }
  ]
}