{
  "name": "Weather",
  "alias": "实时天气",
  "version": "1.4.1",
  "author": "10007194",
  "groupAlias": "专业组件",
  "groupName": "specialty",
  "type": "vue",
  "description": "实时天气可以显示实时的天气状况",
  "order": 2019,
  "attributes": [
    {
      "name": "appearance",
      "alias": "外观",
      "attributes": [
        { "name": "line-height", "alias": "字体行高", "visible": true },
        {
          "name": "font-size",
          "alias": "文字大小",
          "visible": true,
          "default": 12
        },
        { "name": "color", "alias": "字体颜色", "visible": true },
        { "name": "font-weight", "alias": "字体粗细", "visible": true },
        { "name": "font-style", "alias": "字体风格", "visible": true },
        { "name": "text-align", "alias": "水平对齐", "visible": false },
        { "name": "text-decoration", "alias": "文本修饰", "visible": false },
        { "name": "letter-spacing", "alias": "文字间距", "visible": false },
        { "name": "background-image", "alias": "背景图片", "visible": false },
        {
          "name": "background-repeat",
          "alias": "背景图像重复",
          "visible": false
        },
        {
          "name": "background-size",
          "alias": "背景图片尺寸",
          "visible": false
        },
        {
          "name": "background-position",
          "alias": "背景图片定位",
          "visible": false
        }
      ]
    },
    {
      "name": "layout",
      "alias": "布局",
      "attributes": [
        {
          "name": "changeStyle",
          "alias": "选择样式",
          "type": "Enum(\"001:样式1\",\"002:样式2\",\"003:样式3\",\"004:样式4\")",
          "default": "002"
        },
        {
          "name": "showCity",
          "alias": "显示城市",
          "type": "Boolean",
          "visible": false,
          "default": true
        }
      ]
    },
    {
      "name": "methods",
      "alias": "方法",
      "attributes": [
        {
          "name": "refresh",
          "alias": "刷新实时天气组件",
          "type": "Complex",
          "readonly": true,
          "attributes": [
            {
              "name": "functionName",
              "alias": "方法名称",
              "type": "String",
              "default": "refresh"
            },
            {
              "name": "description",
              "alias": "方法描述",
              "type": "String",
              "editor": "code",
              "default": "刷新实时天气组件"
            }
          ]
        }
      ]
    }
  ]
}
