{
  "name": "SnippetView",
  "alias": "片段预览",
  "version": "1.0.1",
  "author": "10010647",
  "groupAlias": "自定义组件",
  "groupName": "custom",
  "type": "vue",
  "description": "",
  "order": 48,
  "attributes": [
    {
      "name": "appearance",
      "alias": "外观",
      "attributes": [
        {
          "name": "font-size",
          "visible": false
        },
        {
          "name": "color",
          "visible": false
        },
        {
          "name": "font-weight",
          "visible": false
        },
        {
          "name": "font-style",
          "visible": false
        },
        {
          "name": "line-height",
          "visible": false
        },
        {
          "name": "text-align",
          "visible": false
        },
        {
          "name": "letter-spacing",
          "visible": false
        },
        {
          "name": "text-decoration",
          "visible": false
        }
      ]
    },
    {
      "name": "layout",
      "alias": "布局",
      "attributes": [
        {
          "name": "span",
          "default": 24
        },
        {
          "name": "height",
          "default": "300px"
        }
      ]
    },
    {
      "name": "data",
      "alias": "数据",
      "attributes": [
        {
          "alias": "绑定值",
          "name": "snippetContent",
          "type": "string",
          "default": ""
        }
      ]
    },
    {
      "name": "events",
      "alias": "事件",
      "attributes": []
    }
  ]
}