{
  "name":"MediaPlayer",
  "alias":"视频播放器",
  "version":"1.0.24",
  "author":"10005881",
  "groupAlias":"基础组件",
  "groupName":"basic",
  "type":"vue",
  "description": "",
  "order": 2010,
  "attributes":[
    {
      "name": "appearance",
      "alias": "外观",
      "visible": false
    },
    {
      "name": "title",
      "alias": "标题栏",
      "attributes": [
        {
          "name":"title.show",
          "alias":"显示标题",
          "type":"Boolean",
          "default": true
        },
        {
          "name":"title.fontsize",
          "alias":"标题字体大小",
          "type":"Number",
          "default": 14,
          "step": 1,
          "min": 8,
          "max": 100
        },
        {
          "name":"title.color",
          "alias":"标题颜色",
          "type": "String",
          "editor": "color",
          "default": ""
        },
        {
          "name":"title.backColor",
          "alias":"标题背景色",
          "type": "String",
          "editor": "color",
          "default": ""
        },
        {
          "name":"title.opacity",
          "alias":"标题背景透明度",
          "type": "Number",
          "min": 0,
          "max": 1,
          "precision": 2,
          "step": 0.1,
          "default": 0.5
        }
      ]
    },
    {
      "name":"data",
      "alias":"数据源",
      "attributes": [
        {
          "name":"data.data",
          "alias":"数据来源",
          "type":"String[*]",
          "default": "",
          "editor": "file",
          "editorParams": {"type": "video", "title": "选择视频", "multiple": true}
        },
        {
          "name":"data.poster",
          "alias":"视频海报",
          "type":"String",
          "default": "",
          "editor": "file",
          "editorParams": {"type": "picture", "title": "选择图片", "multiple": false}
        }
      ]
    },
    {
      "name": "play",
      "alias": "播放设置",
      "attributes": [
        {
          "name":"play.live",
          "alias":"直播模式",
          "type":"Boolean",
          "default": false
        },
        {
          "name":"play.showFullScreenPlay",
          "alias":"展示全屏播放按钮",
          "type":"Boolean",
          "default": false,
          "tips": "非自动播放状态时生效"
        },
        {
          "name":"play.autoplay",
          "alias":"自动播放",
          "type":"Boolean",
          "default": true
        },
        {
          "name":"play.loop",
          "alias":"循环播放",
          "type": "Boolean",
          "default": true
        },
        {
          "name":"play.defaultPlaybackRate",
          "alias":"默认播放速度",
          "type": "Number",
          "default": 1,
          "visible": false
        },
        {
          "name":"play.volume",
          "alias":"音量",
          "type": "Number",
          "min": 0,
          "max": 1,
          "precision": 2,
          "step": 0.1,
          "default": 0.5,
          "tips": "初始化设置视频音量，取值 0 - 1"
        },
        {
          "name":"play.muted",
          "alias":"静音",
          "type": "Boolean",
          "default": false,
          "visible": false
        },
        {
          "name":"play.autoFit",
          "alias":"自适应大小",
          "type": "Boolean",
          "default": false,
          "visible": true
        },
        {
          "name":"play.objectFit",
          "alias":"表现形式",
          "type": "Enum('contain:自动', 'cover:充满')",
          "default": "contain",
          "tips": "在自适应大小关闭的情况下生效"
        },
        {
          "name":"play.preload",
          "alias":"预加载",
          "type": "Enum('auto:自动', 'metadata:是', 'none:否')",
          "default": "auto"
        }
      ]
    },
    {
      "name": "control",
      "alias": "控制栏",
      "attributes": [{
        "name":"control.showMiniProgress",
        "alias":"显示底部迷你进度条",
        "type": "Boolean",
        "default": true
      },
      {
          "name":"control.showControlBar",
          "alias":"显示控制栏",
          "type": "Boolean",
          "default": true
        },
        {
          "name":"control.backgroundColor",
          "alias":"控制栏背景色",
          "type": "String",
          "editor": "color",
          "default": "#1C232B"
        },
        {
          "name":"control.transparency",
          "alias":"控制栏透明度",
          "type": "Number",
          "min": 0,
          "max": 1,
          "precision": 2,
          "step": 0.1,
          "default": 0.7
        },
        {
          "name":"control.showSpeed",
          "alias":"支持倍速播放",
          "type": "Boolean",
          "default": true
        },
        {
          "name":"control.speedList",
          "alias":"倍速列表",
          "type": "Number[4]",
          "default": [0.5, 1, 1.5, 2],
          "precision": 1
        },
        {
          "name":"control.loop",
          "alias":"支持循环播放",
          "type": "Boolean",
          "default": true
        },
        {
          "name":"control.showVolume",
          "alias":"支持调节音量",
          "type": "Boolean",
          "default": true
        },
        {
          "name":"control.showPlayList",
          "alias":"显示播放列表",
          "type": "Boolean",
          "default": true
        },
        {
          "name":"control.pagefull",
          "alias":"支持网页全屏",
          "type": "Boolean",
          "default": false
        },
        {
          "name":"control.fullScreen",
          "alias":"支持全屏",
          "type": "Boolean",
          "default": true
        },
        {
          "name":"control.picInPic",
          "alias":"支持画中画",
          "type": "Boolean",
          "default": true
        },
        {
          "name":"control.processColor",
          "alias":"进度条颜色",
          "type": "String",
          "editor": "color",
          "default": "#1e98d4"
        }
      ]
    },
    {
      "name": "methods",
      "alias": "方法",
      "attributes": [
        {
          "name": "refresh",
          "alias": "刷新",
          "type": "Complex",
          "readonly": true,
          "attributes": [
            {
              "name": "functionName",
              "alias": "方法名称",
              "type": "String",
              "default": "refresh"
            },
            {
              "name": "description",
              "alias": "方法描述",
              "type": "String",
              "editor": "code",
              "default": "刷新图表数据"
            }
          ]
        }
      ]
    }
  ]
}
