{
    "name": "Tag",
    "alias": "Tag标签",
    "version": "1.4.1",
    "author": "10001746",
    "groupAlias": "基础组件",
    "groupName": "basic",
    "type": "vue",
    "description": "",
    "order": 1003,
    "attributes": [
        {
            "name": "appearance",
            "alias": "外观",
            "attributes": [
                {
                    "name": "font-size",
                    "visible": false
                },
                {
                    "name": "color",
                    "visible": false
                },
                {
                    "name": "background-color",
                    "visible": false
                },
                {
                    "name": "background-image",
                    "visible": false
                },
                {
                    "name": "font-weight",
                    "visible": true
                },
                {
                    "name": "font-style",
                    "visible": false
                },
                {
                    "name": "line-height",
                    "visible": false
                },
                {
                    "name": "text-align",
                    "visible": true,
                    "default": "center"
                },
                {
                    "name": "letter-spacing",
                    "visible": false
                },
                {
                    "name": "text-decoration",
                    "visible": false
                },
                {
                    "name": "background-repeat",
                    "alias": "背景图像重复",
                    "visible": false
                },
                {
                    "name": "background-size",
                    "alias": "背景图片尺寸",
                    "visible": false
                },
                {
                    "name": "background-position",
                    "alias": "背景图片定位",
                    "visible": false
                }
            ]
        },
        {
            "name": "layout",
            "alias": "布局",
            "attributes": [
                {
                    "name": "height",
                    "default": "auto",
                    "value": "auto",
                    "visible": true
                }
            ]
        },
        {
            "name": "base",
            "alias": "基础",
            "attributes": [
                {
                    "alias": "标签文字",
                    "default": "标签",
                    "maxlength": 20,
                    "minlength": 0,
                    "name": "text",
                    "type": "String"
                },
                {
                    "name": "prefixIcon",
                    "alias": "标签文字前图标",
                    "type": "String",
                    "default": "",
                    "editor": "icon"
                },
                {
                    "name": "suffixIcon",
                    "alias": "标签文字后图标",
                    "type": "String",
                    "default": "",
                    "editor": "icon"
                },
                {
                    "name": "size",
                    "alias": "标签尺寸",
                    "type": "Enum(\"'large':大\",\"medium:中（默认）\", \"small:小\", \"mini:迷你\")",
                    "default": "medium"
                },
                {
                    "name": "type",
                    "alias": "标签主题",
                    "type": "Enum(\"'primary':默认标签\",\"success:成功标签\", \"warning:警告标签\",\"danger:危险标签\",\"info:信息标签\", \"defined:自定义\")",
                    "default": "primary"
                },
                {
                    "name": "tagTextColor",
                    "alias": "标签文本颜色",
                    "type": "String",
                    "default": "",
                    "editor": "color"
                },
                {
                    "name": "tagBgColor",
                    "alias": "标签背景色",
                    "type": "String",
                    "default": "",
                    "editor": "color"
                },
                {
                    "name": "effect",
                    "alias": "标签风格",
                    "type": "Enum(\"'light':浅色系\",\"dark:深色系\", \"plain:正常\")",
                    "default": "light"
                },
                {
                    "name": "hit",
                    "alias": "标签边框",
                    "type": "Enum(\"'1':有边框\",\"2:描边框\", \"3:无边框\")",
                    "default": "1"
                },
                {
                    "name": "closable",
                    "alias": "标签是否可关闭",
                    "type": "Boolean",
                    "default": false
                },
                {
                    "name": "widthIsAuto",
                    "alias": "是否自适应外层宽度",
                    "type": "Boolean",
                    "default": true
                },
                {
                    "name": "showBadge",
                    "alias": "是否显示标记",
                    "tips": "右上角显示气泡数字标记",
                    "type": "Boolean",
                    "default": false,
                    "changeHandler": "showBadgeChange"
                },
                {
                    "name": "badgeType",
                    "alias": "标记显示形式",
                    "type": "Enum(\"'1':数字\",\"2:文本\", \"3:圆点\")",
                    "default": "1",
                    "changeHandler": "badgeTypeChange",
                    "customGroupName": "tagBadgeType"
                },
                {
                    "name": "badgeNumValue",
                    "alias": "标记数字显示值",
                    "type": "Number",
                    "default": 0,
                    "customGroupName": "tagBadgeType"
                },
                {
                    "name": "badgeStrValue",
                    "alias": "标记文本显示值",
                    "type": "String",
                    "default": "",
                    "visible": false,
                    "customGroupName": "tagBadgeType"
                },
                {
                    "name": "badgeMax",
                    "alias": "标记数字最大值",
                    "tips": "超过最大值会显示{max}+",
                    "type": "Number",
                    "default": 99,
                    "customGroupName": "tagBadgeType"
                },
                {
                    "name": "badgeStyle",
                    "alias": "标记主题色",
                    "type": "Enum(\"'primary':默认标记\",\"success:成功标记\", \"warning:警告标记\",\"danger:危险标记\",\"info:信息标记\")",
                    "default": "danger",
                    "customGroupName": "tagBadgeType"
                }
            ]
        },
        {
            "name": "methods",
            "alias": "方法",
            "attributes": [
                {
                    "name": "setText",
                    "alias": "设置标签文本内容",
                    "type": "Complex",
                    "readonly": true,
                    "attributes": [
                        {
                            "name": "functionName",
                            "alias": "方法名称",
                            "type": "String",
                            "default": "setText"
                        },
                        {
                            "name": "description",
                            "alias": "方法描述",
                            "type": "String",
                            "default": "设置标签文本内容"
                        },
                        {
                            "name": "payload",
                            "alias": "参数",
                            "type": "Complex[1]",
                            "readonly": true,
                            "inputVisible": false,
                            "attributes": "smartAttrs.payload",
                            "default": [
                                {
                                    "name": "text",
                                    "alias": "文本内容",
                                    "type": "String",
                                    "editor": "variable"
                                }
                            ]
                        }
                    ]
                },
                {
                    "name": "setBadgeValue",
                    "alias": "设置标记显示值",
                    "type": "Complex",
                    "readonly": true,
                    "attributes": [
                        {
                            "name": "functionName",
                            "alias": "方法名称",
                            "type": "String",
                            "default": "setBadgeValue"
                        },
                        {
                            "name": "description",
                            "alias": "方法描述",
                            "type": "String",
                            "default": "设置标记显示值"
                        },
                        {
                            "name": "payload",
                            "alias": "参数",
                            "type": "Complex[1]",
                            "readonly": true,
                            "inputVisible": false,
                            "attributes": "smartAttrs.payload",
                            "default": [
                                {
                                    "name": "text",
                                    "alias": "标记显示值",
                                    "type": "String",
                                    "editor": "variable"
                                }
                            ]
                        }
                    ]
                }
            ]
        },
        {
            "name": "events",
            "alias": "事件",
            "attributes": [
                {
                    "name": "click",
                    "alias": "标签点击事件",
                    "type": "Complex",
                    "attributes": [
                        {
                            "name": "content",
                            "alias": "事件执行内容",
                            "type": "Complex[*]",
                            "inputVisible": false,
                            "attributes": "smartAttrs.eventContent"
                        },
                        {
                            "name": "description",
                            "alias": "事件描述",
                            "type": "String",
                            "default": "点击按钮触发的动作",
                            "readonly": true
                        }
                    ]
                },
                {
                    "name": "close",
                    "alias": "标签关闭事件",
                    "type": "Complex",
                    "attributes": [
                        {
                            "name": "content",
                            "alias": "事件执行内容",
                            "type": "Complex[*]",
                            "inputVisible": false,
                            "attributes": "smartAttrs.eventContent"
                        },
                        {
                            "name": "description",
                            "alias": "事件描述",
                            "type": "String",
                            "default": "点击按钮触发的动作",
                            "readonly": true
                        }
                    ]
                }
            ]
        }
    ]
}
