{
  "name": "Slider",
  "alias": "滑块",
  "version": "1.0.10",
  "author": "10007630",
  "groupAlias": "表单组件",
  "groupName": "form",
  "type": "vue",
  "description": "可用展示当前值或者拖动滑块在一个固定区间内进行选择",
  "order": 4006,
  "attributes": [
    {
      "name": "appearance",
      "alias": "外观",
      "visible": false
    },
    {
      "name": "toolbar",
      "alias": "工具",
      "attributes": [
        {
          "alias": "禁用",
          "name": "disabled",
          "type": "Boolean",
          "linkable": true,
          "default": false
        },
        {
          "alias": "最大值",
          "name": "max",
          "type": "Number",
          "step": 1,
          "default": 100
        },
        {
          "alias": "最小值",
          "name": "min",
          "type": "Number",
          "step": 1,
          "default": 0
        },
        {
          "alias": "步长",
          "name": "step",
          "type": "Number",
          "step": 1,
          "min": 1,
          "default": 1
        },
        {
          "alias": "是否间断",
          "name": "showStops",
          "type": "Boolean",
          "default": false
        },
        {
          "alias": "是否纵向",
          "name": "vertical",
          "type": "Boolean",
          "default": false
        },
        {
          "alias": "纵向高度",
          "name": "vheight",
          "type": "Number",
          "visible": false,
          "min": 1,
          "max": 10000,
          "default": "100"
        },
        {
          "alias": "是否范围",
          "name": "range",
          "type": "Boolean",
          "default": false
        },
        {
          "alias": "输入框",
          "name": "inputx",
          "type": "Complex",
          "attributes": [
            {
              "alias": "是否显示",
              "name": "showInput",
              "type": "Boolean",
              "default": false,
              "tips": "是否显示输入框"
            },
            {
              "alias": "控制按钮",
              "name": "showInputControls",
              "type": "Boolean",
              "visible": false,
              "default": true
            },
            {
              "alias": "尺寸",
              "name": "inputSize",
              "type": "Enum(\"large:大\",\"medium:正常\",\"small:小\",\"mini:超小\")",
              "visible": false,
              "default": "small"
            },
            {
              "alias": "去抖延时",
              "name": "debounce",
              "type": "Number",
              "visible": false,
              "default": 300
            }
          ]
        },
        {
          "alias": "提示",
          "name": "tooltip",
          "type": "Complex",
          "attributes": [
            {
              "alias": "是否显示",
              "name": "showTooltip",
              "type": "Boolean",
              "default": true
            },
            {
              "alias": "格式化",
              "name": "formatTooltip",
              "type": "String",
              "visible": false,
              "default": "value",
              "tips": "格式化提示，其中value为当前值，如 value*2+5+' 摄氏度'，需满足基本表达式"
            }
          ]
        },
        {
          "alias": "标记",
          "name": "marks",
          "type": "Complex[*]",
          "inputVisible": false,
          "attributes": [
            {
              "alias": "是否显示",
              "name": "markShow",
              "type": "Boolean",
              "default": false
            },
            {
              "alias": "刻度健",
              "name": "markKey",
              "type": "Number",
              "min": 0,
              "default": null
            },
            {
              "alias": "刻度值",
              "name": "markVal",
              "type": "String",
              "minlength": 0,
              "maxlength": 20,
              "default": "",
              "titleVisible": true
            },
            {
              "alias": "刻度颜色",
              "name": "markColor",
              "type": "String",
              "colorFormat": "hex",
              "default": "",
              "editor": "color"
            }
          ]
        }
      ]
    },
    {
      "name": "data",
      "alias": "数据",
      "attributes": [
        {
          "alias": "绑定值",
          "name": "value",
          "type": "Number",
          "linkable": true,
          "max": 100,
          "min": 0,
          "default": 0,
          "tips":"若值为范围，则为数组，如：[2,10]。否则，值为单数字，如10。"
        },
        {
          "alias":"数据校验",
          "name":"dataValidation",
          "type":"Complex[*]",
          "inputVisible": false,
          "attributes": "smartAttrs.validation"
        }
      ]
    },
    {
      "name": "events",
      "alias": "事件",
      "attributes": [
        {
          "alias": "值改变",
          "name": "change",
          "type": "Complex",
          "attributes": [
            {
              "name": "content",
              "alias": "执行内容",
              "type": "Complex[*]",
              "inputVisible": false,
              "attributes": "smartAttrs.eventContent"
            },
            {
              "name": "description",
              "alias": "事件描述",
              "type": "String",
              "readonly": true,
              "default": "当某个节点被点击时会触发该事件"
            },
            {
              "name": "payload",
              "alias": "参数",
              "type": "Complex[1]",
              "readonly": true,
              "inputVisible": false,
              "attributes": "smartAttrs.payload",
              "default": [
                {
                  "name": "value",
                  "alias": "输入框值"
                }
              ]
            }
          ]
        }
      ]
    },
    {
      "name": "methods",
      "alias": "方法",
      "attributes": [
        {
          "name": "setValue",
          "alias": "设置值",
          "type": "Complex",
          "readonly": true,
          "attributes": [
            {
              "name": "functionName",
              "alias": "方法名称",
              "type": "String",
              "default": "setValue"
            },
            {
              "name": "description",
              "alias": "方法描述",
              "type": "String",
              "default": "设置滑块数据"
            },
            {
              "name": "payload",
              "alias": "参数",
              "type": "Complex[1]",
              "inputVisible": false,
              "attributes": "smartAttrs.payload",
              "default": [
                {
                  "name": "value",
                  "alias": "绑定值",
                  "editor": "variable"
                }
              ]
            }
          ]
        },
        {
          "name": "setDisable",
          "alias": "禁用",
          "type": "Complex",
          "attributes": [
            {
              "name": "functionName",
              "alias": "方法名称",
              "type": "String",
              "default": "setDisable",
              "readonly": true
            },
            {
              "name": "description",
              "alias": "方法描述",
              "type": "String",
              "default": " 设置组件为禁用状态",
              "readonly": true
            },
            {
              "name": "payload",
              "alias": "参数",
              "type": "Complex[1]",
              "inputVisible": false,
              "attributes": "smartAttrs.payload",
              "default":[
                {"name": "value", "alias": "是否禁用","editor": "variable"}
              ]
            }
          ]
        },
        {
          "name": "getValue",
          "alias": "获取当前值",
          "type": "Complex",
          "returnValue": true,
          "readonly": true,
          "attributes": [
            {
              "name": "functionName",
              "alias": "方法名称",
              "type": "String",
              "default": "getValue"
            },
            {
              "name": "description",
              "alias": "方法描述",
              "type": "String",
              "default": "获取当前值"
            },
            { "name": "output", "alias": "返回值", "type": "Number", "description": "返回进度值数值" }
          ]
        },
        {
          "name": "refresh",
          "alias": "刷新滑块",
          "type": "Complex",
          "returnValue": false,
          "readonly": true,
          "attributes": [
            {
              "name": "functionName",
              "alias": "方法名称",
              "type": "String",
              "default": "refresh"
            },
            {
              "name": "description",
              "alias": "方法描述",
              "type": "String",
              "default": "刷新滑块组件"
            }
          ]
        }
      ]
    }
  ]
}
