{
  "name": "Radio",
  "alias": "单选框",
  "version": "1.5.4",
  "author": "10002548",
  "groupAlias": "表单组件",
  "groupName": "form",
  "type": "vue",
  "active": true,
  "order": 4002,
  "attributes": [
    {
      "name": "appearance",
      "alias": "外观",
      "visible": false
    },
    {
      "name": "base",
      "alias": "基础",
      "attributes": [
        {
          "name": "shape",
          "type": "Enum(\"round: 圆形\", \"square:方形\")",
          "alias": "按钮形状",
          "default": "round"
        },
        {
          "name": "border",
          "type": "Boolean",
          "alias": "边框",
          "default": false
        },
        {
          "name": "spaceEvenly",
          "type": "Boolean",
          "alias": "方形按钮间隔展示",
          "default": false,
          "visible": false
        },
        {
          "name": "size",
          "type": "Enum(\"large:大\", \"medium:中（默认）\", \"small:小\", \"mini:迷你\")",
          "alias": "尺寸",
          "default": "medium"
        },
        {
          "name": "radioWidth",
          "type": "String",
          "alias": "单个宽度",
          "default": "25%",
          "tips": "通过设置单个单选框宽度来控制一行显示的单选框数量。一行的宽度为100%。",
          "rules": [
            {
              "pattern": "/^(__quote:size__)$|^$/",
              "message": "请输入auto、百分比、数字+px、表达式中的一种"
            }
          ]
        },
        {
          "name": "radioMarginTop",
          "type": "Number",
          "alias": "上边距",
          "default": 0,
          "tips": "仅当单选框数量过多并默认换行时生效，通过设置单个单选框下边距来控制上下两行的边距。",
          "min": 0,
          "max": 50
        },
        {
          "name": "radioMarginBottom",
          "type": "Number",
          "alias": "下边距",
          "default": 0,
          "tips": "仅当单选框数量过多并默认换行时生效，通过设置单个单选框下边距来控制上下两行的边距。",
          "min": 0,
          "max": 50
        },
        {
          "name": "valueType",
          "type": "Enum(\"int:整数\", \"string:字符串\")",
          "alias": "数值类型",
          "default": "string"
        },
        {
          "name": "validateOptions",
          "alias": "校验选项",
          "type": "Boolean",
          "default": true,
          "tips": "默认会校验选项值不能有空值，特殊情况可自己选择关闭此校验。(慎重开启，开启后可能一旦选中值有空值，程序将不再拦截异常选项)"
        }
      ]
    },
    {
      "name": "options",
      "alias": "选项",
      "attributes": [
        {
          "name": "dynamic",
          "alias": "动态数据",
          "type": "Boolean",
          "linkable": true,
          "default": false
        },
        {
          "name": "options",
          "type": "Complex[99999]",
          "alias": "选项",
          "inputVisible": false,
          "attributes": [
            {
              "name": "title",
              "type": "String",
              "alias": "名称",
              "titleVisible": true,
              "default": "选项",
              "minlength": 0,
              "maxlength": 50
            },
            {
              "name": "disabled",
              "type": "Boolean",
              "alias": "禁用",
              "linkable": true,
              "default": false
            },
            {
              "name": "label",
              "type": "String",
              "alias": "选中值",
              "default": "选项",
              "minlength": 0,
              "maxlength": 50
            }
          ],
          "default": "[{\"title\":\"选项1\",\"label\":\"选项1\"},{\"title\":\"选项2\",\"label\":\"选项2\"}]"
        },
        {
          "name": "data",
          "alias": "动态数据绑定",
          "type": "Complex[*]",
          "editor": "code",
          "linkable": true,
          "default": "[{\"title\":\"选项1\",\"label\":\"选项1\"},{\"title\":\"选项2\",\"label\":\"选项2\"}]"
        },
        {
          "name": "titleName",
          "type": "String",
          "alias": "展示名称属性值",
          "default": "title",
          "tips": "展示的中文名称将根据本配置字段名生成"
        },
        {
          "name": "labelName",
          "type": "String",
          "alias": "选项值属性值",
          "default": "label",
          "tips": "选中选项以后存储的值为此字段指定的对应值"
        },
        {
          "name": "disabledName",
          "type": "String",
          "alias": "选项禁用标识",
          "default": "disabled",
          "tips": "根据此项的配置对应的值决定选项是否禁用"
        }
      ]
    },
    {
      "name": "dataSource",
      "alias": "数据",
      "attributes": [
        {
          "name": "value",
          "type": "string",
          "linkable": true,
          "alias": "绑定值",
          "default": "",
          "tips": "代表默认选中的值；值为其中一个选项的选中值；"
        },
        {
          "alias": "绑定值数据校验",
          "name": "dataValidation",
          "type": "Complex[*]",
          "inputVisible": false,
          "attributes": "smartAttrs.validation"
        }
      ]
    },
    {
      "name": "events",
      "alias": "事件",
      "attributes": [
        {
          "alias": "值改变",
          "name": "change",
          "type": "Complex",
          "attributes": [
            {
              "name": "content",
              "alias": "执行内容",
              "type": "Complex[*]",
              "inputVisible": false,
              "attributes": "smartAttrs.eventContent"
            },
            {
              "name": "description",
              "alias": "事件描述",
              "type": "String",
              "readonly": true,
              "default": "当某个选项被点击时会触发"
            },
            {
              "name": "payload",
              "alias": "参数",
              "type": "Complex[1]",
              "readonly": true,
              "inputVisible": false,
              "attributes": "smartAttrs.payload",
              "default": [
                {
                  "name": "value",
                  "alias": "单选框值"
                }
              ]
            }
          ]
        }
      ]
    },
    {
      "name": "methods",
      "alias": "方法",
      "attributes": [
        {
          "name": "setValue",
          "alias": "设置值",
          "type": "Complex",
          "readonly": true,
          "attributes": [
            {
              "name": "functionName",
              "alias": "方法名称",
              "type": "String",
              "default": "setValue"
            },
            {
              "name": "description",
              "alias": "方法描述",
              "type": "String",
              "default": "设置文本框数据"
            },
            {
              "name": "payload",
              "alias": "参数",
              "type": "Complex[1]",
              "inputVisible": false,
              "attributes": "smartAttrs.payload",
              "default": [
                {
                  "name": "value",
                  "alias": "绑定值",
                  "editor": "variable"
                }
              ]
            }
          ]
        },
        {
          "name": "getValue",
          "alias": "获取当前值",
          "type": "Complex",
          "returnValue": true,
          "readonly": true,
          "attributes": [
            {
              "name": "output",
              "alias": "返回值",
              "type": "Boolean|Number",
              "description": "获取当前值"
            },
            {
              "name": "functionName",
              "alias": "方法名称",
              "type": "String",
              "default": "getValue"
            },
            {
              "name": "description",
              "alias": "方法描述",
              "type": "String",
              "default": "获取当前值"
            }
          ]
        },
        {
          "name": "disable",
          "alias": "禁用",
          "type": "Complex",
          "attributes": [
            {
              "name": "functionName",
              "alias": "方法名称",
              "type": "String",
              "default": "disable",
              "readonly": true
            },
            {
              "name": "description",
              "alias": "方法描述",
              "type": "String",
              "default": " 设置组件为禁用状态",
              "readonly": true
            },
            {
              "name": "payload",
              "alias": "参数",
              "type": "Complex[1]",
              "inputVisible": false,
              "attributes": "smartAttrs.payload",
              "default": [
                {
                  "name": "value",
                  "alias": "参数值",
                  "editor": "variable",
                  "type": "Boolean"
                }
              ]
            }
          ]
        }
      ]
    }
  ]
}