{
    "name": "LoadRefresh",
    "alias": "加载刷新",
    "version": "1.0.8",
    "author": "吴世冬(2236)",
    "groupAlias": "布局",
    "groupName": "layout",
    "type": "vue",
    "description": "",
    "order": 5416,
    "attributes": [
        {
            "name": "appearance",
            "alias": "外观",
            "attributes": [
                {
                    "name": "font-weight",
                    "visible": false
                },
                {
                    "name": "font-style",
                    "visible": false
                },
                {
                    "name": "line-height",
                    "visible": false
                },
                {
                    "name": "text-align",
                    "visible": false
                },
                {
                    "name": "letter-spacing",
                    "visible": false
                },
                {
                    "name": "text-decoration",
                    "visible": false
                }
            ]
        },
        {
            "name": "layout",
            "alias": "布局",
            "attributes": [
                { "name": "visibility", "alias": "可见类型","visible": false},
                {
                    "name": "span",
                    "default": 24
                },
                {
                    "name": "overflow",
                    "alias": "内容溢出",
                    "type": "Enum(\"visible:默认\", \"hidden:隐藏\", \"auto:自动\")",
                    "default": "visible",
                    "sort": 3007,
                    "visible": false
                },
                {
                    "name": "height",
                    "default": "300px",
                    "visible": false
                },
                {
                    "name": "position",
                    "visible": false
                },
                {
                    "name": "padding",
                    "visible": false
                },
                {
                    "name": "borderVisible",
                    "visible": false
                },
                {
                    "name": "isBorderRadius",
                    "visible": false
                },
                {
                    "name": "box-shadow",
                    "visible": false
                },
                {
                    "name": "blockTitle",
                    "visible": false
                },
                {
                    "name": "blockTitleFontSize",
                    "visible": false
                },
                {
                    "name": "blockTitleColor",
                    "visible": false
                },
                {
                    "name": "blockTitleMargin",
                    "visible": false
                },
                {
                    "name": "blockTitlePadding",
                    "visible": false
                },
                {
                    "name": "blockTitleHeight",
                    "visible": false
                },
                {
                    "name": "blockTitleIcon",
                    "visible": false
                },
                {
                    "name": "blockToolbarShowType",
                    "visible": false
                },
                { "name": "margin", "alias": "外边距", "visible": false}
            ]
        },
        {
            "name": "others",
            "alias": "其它",
            "visible": false,
            "attributes": [
                {
                    "name": "gutter",
                    "alias": "内容栅格间隔",
                    "type": "Number",
                    "default": 10,
                    "min": 0,
                    "max": 100
                },
                {
                    "name": "layoutType",
                    "alias": "内容布局模式",
                    "type": "Enum(\"none:普通布局\", \"flex:flex布局\")",
                    "default": "none",
                    "visible": false
                },
                {
                    "name": "justify",
                    "alias": "内容水平排列方式",
                    "type": "Enum(\"start:start\", \"end:end\", \"center:center\", \"space-around:space-around\", \"space-between:space-between\")",
                    "default": "start",
                    "visible": false
                },
                {
                    "name": "align",
                    "alias": "内容垂直排列方式",
                    "type": "Enum(\"top:top\", \"middle:middle\", \"bottom:bottom\")",
                    "default": "top",
                    "visible": false
                },
                {
                    "alias": "节流时延",
                    "visible": false,
                    "name": "scrollDelay",
                    "type": "Number",
                    "readonly": false,
                    "default": 200,
                    "min": 0,
                    "max": 2000
                }
            ]
        },
        {
            "name": "base",
            "alias": "基础",
            "visible": false,
            "attributes": [
                {
                    "alias": "开启下拉刷新",
                    "name": "canRefresh",
                    "type": "Boolean",
                    "readonly": false,
                    "default": false,
                    "visible": false
                },
                {
                    "alias": "开启加载更多",
                    "name": "canLoadMore",
                    "type": "Boolean",
                    "readonly": false,
                    "default": false,
                    "visible": false
                }
            ]
        },
        {
            "name": "foreach",
            "alias": "循环",
            "sort": 700,
            "visible": false,
            "attributes": []
        },
        {
            "name": "events",
            "alias": "事件",
            "attributes": [
                {
                    "name": "onRefresh",
                    "alias": "下拉刷新",
                    "type": "Complex",
                    "attributes": [
                        {
                            "name": "content",
                            "alias": "事件执行内容",
                            "type": "Complex[*]",
                            "inputVisible": false,
                            "attributes": "smartAttrs.eventContent"
                        },
                        {
                            "name": "description",
                            "alias": "事件描述",
                            "type": "String",
                            "default": "下拉刷新",
                            "readonly": true
                        }
                    ]
                },
                {
                    "name": "onLoad",
                    "alias": "继续加载",
                    "type": "Complex",
                    "attributes": [
                        {
                            "name": "content",
                            "alias": "事件执行内容",
                            "type": "Complex[*]",
                            "inputVisible": false,
                            "attributes": "smartAttrs.eventContent"
                        },
                        {
                            "name": "description",
                            "alias": "事件描述",
                            "type": "String",
                            "default": "继续加载",
                            "readonly": true
                        }
                    ]
                }
            ]
        },
        {
            "name": "methods",
            "alias": "方法",
            "attributes": [
                {
                    "name": "setFinished",
                    "alias": "设置加载结束",
                    "type": "Complex",
                    "returnValue": false,
                    "readonly": true,
                    "attributes": [
                        {
                            "name": "functionName",
                            "alias": "方法名称",
                            "type": "String",
                            "default": "setFinished"
                        },
                        {
                            "name": "description",
                            "alias": "方法描述",
                            "type": "String",
                            "default": "设置加载结束"
                        },
                        {
                            "name": "payload",
                            "alias": "参数",
                            "type": "Complex[1]",
                            "inputVisible": false,
                            "attributes": "smartAttrs.payload",
                            "default":[
                                {"name": "value", "alias": "是否结束", "type": "Boolean", "default": false}
                            ]
                        }
                    ]
                },
                {
                    "name": "show",
                    "visible": false,
                    "alias": "显示",
                    "type": "Complex",
                    "readonly": true,
                    "attributes": []
                },
                {
                    "name": "hide",
                    "visible": false,
                    "alias": "隐藏",
                    "type": "Complex",
                    "readonly": true,
                    "attributes": []
                }
            ]
        }
    ]
}
