{
  "name": "Grid",
  "alias": "栅格布局",
  "version": "1.5.3",
  "author": "2023",
  "groupAlias": "布局",
  "groupName": "layout",
  "type": "vue",
  "description": "",
  "order": 1001,
  "attributes": [
    {
      "name": "appearance",
      "alias": "外观",
      "attributes": [
        {
          "name": "font-size",
          "visible": false
        },
        {
          "name": "color",
          "visible": false
        },
        {
          "name": "font-weight",
          "visible": false
        },
        {
          "name": "font-style",
          "visible": false
        },
        {
          "name": "line-height",
          "visible": false
        },
        {
          "name": "text-align",
          "visible": false
        },
        {
          "name": "letter-spacing",
          "visible": false
        },
        {
          "name": "text-decoration",
          "visible": false
        }
      ]
    },
    {
      "name": "layout",
      "alias": "布局",
      "attributes": [
        {
          "name": "quick",
          "alias": "常用布局",
          "type": "Enum(\"custom:自定义\", \"crud:管理页面\", \"form:表单页面\")",
          "default": "custom",
          "sort": 3005,
          "visible": false
        },
        {
          "name": "colSetting",
          "alias": "列设置",
          "type": "String",
          "editor": "col",
          "default": {
            "type": "col",
            "count": 1,
            "col": [
              {
                "md": 24,
                "sm": 24,
                "xs": 24
              }
            ],
            "gutter": 0
          },
          "sort": 3001,
          "visible": false
        },
        {
          "name": "rowSetting",
          "alias": "行设置",
          "type": "String",
          "editor": "row",
          "default": {
            "type": "row",
            "count": 1,
            "row": [
              {
                "height": 100
              }
            ]
          },
          "sort": 3001,
          "visible": false
        },
        {
          "name": "lg",
          "default": 24
        },
        {
          "name": "span",
          "default": 24
        },
        {
          "name": "height",
          "default": "300px"
        },
        {
          "name": "position",
          "visible": true
        },
        {
          "name": "padding",
          "visible": false
        }
      ]
    },
    {
      "name": "colSetting",
      "alias": "布局列设置",
      "attributes": [
        {
          "name": "type",
          "alias": "布局模式",
          "type": "Enum(\"none:普通布局\", \"flex:flex布局\")",
          "default": "none",
          "visible": false
        },
        {
          "name": "justify",
          "alias": "水平排列方式",
          "type": "Enum(\"start:居左\", \"center:居中\", \"end:居右\", \"space-around:均分\", \"space-between:两端\")",
          "default": "start"
        },
        {
          "name": "align",
          "alias": "垂直排列方式",
          "type": "Enum(\"top:top\", \"middle:middle\", \"bottom:bottom\")",
          "default": "top",
          "visible": false
        },
        {
          "name": "resizable",
          "alias": "运行时可调整大小",
          "type": "Boolean",
          "default": false
        },
        {
          "name": "blockGutter",
          "alias": "列间隔",
          "type": "Number",
          "min": 0,
          "max": 100,
          "default": 10
        },
        {
          "name": "blockCount",
          "alias": "列数量",
          "type": "Number",
          "min": 1,
          "max": 24,
          "default": 1,
          "tips": "快速设置列数量",
          "changeHandler": "gridChangeHandler"
        },
        {
          "name": "cols",
          "alias": "列设置",
          "type": "Complex[24]",
          "inputVisible": false,
          "attributes": [
            {
              "name": "rowId",
              "alias": "行ID",
              "type": "String",
              "visible": false
            },
            {
              "name": "colId",
              "alias": "列ID",
              "type": "String",
              "visible": false
            },
            {
              "name": "iterationMode",
              "alias": "遍历模式",
              "type": "Boolean",
              "default": false,
              "changeHandler": "gridChangeHandler"
            },
            {
              "name": "data",
              "alias": "数据",
              "type": "Complex[*]",
              "linkable": "true",
              "editor": "code",
              "customGroupName": "iterationModeFalse"
            },
            {
              "name": "virtualList",
              "alias": "虚拟列表",
              "type": "Boolean",
              "default": false,
              "changeHandler": "virtualListChangeHandler",
              "visible": false
            },
            {
              "name": "virtualListNum",
              "alias": "虚拟列表最大渲染数",
              "type": "Number",
              "default": 8,
              "min": 1,
              "max": 100,
              "visible": false
            },
            {
              "name": "renderMaxNum",
              "alias": "循环组件最大渲染数",
              "type": "Number",
              "default": 30,
              "min": 1,
              "max": 200,
              "visible": false
            },
            {
              "name": "handleOverMaxNum",
              "alias": "超出渲染数部分",
              "type": "Enum(\"page:自动分页\", \"hide:不渲染\")",
              "default": "page",
              "visible": false
            },
            {
              "name": "hasPagination",
              "alias": "是否分页",
              "type": "Boolean",
              "default": false,
              "customGroupName": "iterationModeFalse",
              "changeHandler": "gridChangeHandler"
            },
            {
              "name": "isBigData",
              "alias": "是否大数据分页",
              "type": "Boolean",
              "customGroupName": "hasPagination",
              "default": false
            },
            {
              "name": "pageSize",
              "alias": "每页显示条数",
              "type": "Number",
              "default": 10,
              "min": 1,
              "max": 100,
              "customGroupName": "hasPagination",
              "visible": false
            },
            {
              "name": "page",
              "alias": "当前页码",
              "type": "Number",
              "default": 1,
              "min": 1,
              "max": 1000,
              "customGroupName": "hasPagination",
              "visible": false
            },
            {
              "name": "pageSizeTrans",
              "alias": "每页显示条数字段",
              "type": "String",
              "default": "pageSize",
              "customGroupName": "hasPagination",
              "visible": false
            },
            {
              "name": "pageTrans",
              "alias": "当前页码字段",
              "type": "String",
              "default": "page",
              "customGroupName": "hasPagination",
              "visible": false
            },
            {
              "name": "paginationAlign",
              "alias": "分页对齐",
              "type": "Enum(\"left:左对齐\", \"center:居中对齐\", \"right:右对齐\")",
              "default": "left",
              "customGroupName": "hasPagination",
              "visible": false
            },
            {
              "name": "hasFold",
              "alias": "是否支持收起",
              "type": "Boolean",
              "default": false,
              "customGroupName": "iterationModeFalse",
              "changeHandler": "gridChangeHandler"
            },
            {
              "name": "isFold",
              "alias": "是否收起",
              "type": "Boolean",
              "default": false,
              "visible": false,
              "customGroupName": "hasFold"
            },
            {
              "name": "foldSize",
              "alias": "收起的尺寸",
              "editor": "variable",
              "default": "0",
              "visible": false
            },
            {
              "name": "foldPlacement",
              "alias": "图标位置",
              "type": "Enum(\"left-start:左上\", \"left:左\", \"left-end:左下\", \"right-start:右上\", \"right:右\", \"right-end:右下\")",
              "default": "right-start",
              "visible": false,
              "customGroupName": "hasFold"
            },
            {
              "name": "foldOffset",
              "alias": "位置偏移量",
              "type": "String",
              "default": "0",
              "visible": false,
              "customGroupName": "hasFold",
              "tips": "允许的三种格式：数字、数字+px、百分比，支持负数",
              "rules": [
                {
                  "pattern": "/^$|^0$|^((-?(100|([1-9]?[0-9]((\\.[\\d]{0,4})?)))?%)|(-?[1-9]?[0-9]{0,3}((\\.[\\d]{0,2})?)(px)?))$/",
                  "message": "请输入数字、数字+px、百分比，支持负数"
                }
              ]
            },
            {
              "name": "foldDirection",
              "alias": "收起方向",
              "type": "Enum(\"rtl:向左\", \"ltr:向右\")",
              "default": "rtl",
              "visible": false
            },
            {
              "name": "pageClick",
              "alias": "分页事件",
              "type": "Complex",
              "customGroupName": "hasPagination",
              "visible": false,
              "editor": "events",
              "attributes": [
                {
                  "name": "content",
                  "alias": "事件执行内容",
                  "type": "Complex[*]",
                  "inputVisible": false,
                  "attributes": "smartAttrs.eventContent"
                },
                {
                  "name": "description",
                  "alias": "事件描述",
                  "type": "String",
                  "default": "点击分页触发的动作",
                  "readonly": true
                },
                {
                  "name": "payload",
                  "alias": "参数",
                  "type": "Complex[2]",
                  "readonly": true,
                  "inputVisible": false,
                  "attributes": "smartAttrs.payload",
                  "default": [
                    {
                      "name": "page",
                      "alias": "当前页码"
                    },
                    {
                      "name": "pageSize",
                      "alias": "页码尺寸"
                    }
                  ]
                }
              ]
            },
            {
              "name": "iterationNodeAttr",
              "alias": "遍历节点属性",
              "type": "String[*]",
              "default": "",
              "tips": "遍历项的属性，供子组件属性值绑定变量时的选择项",
              "visible": false,
              "customGroupName": "iterationModeTrue"
            },
            {
              "name": "lg",
              "alias": "栅格数量",
              "type": "Number",
              "default": 24,
              "min": 1,
              "max": 24,
              "precision": 0,
              "tips": "屏幕分辨率中，宽度≥1200px 响应式栅格数，栅格布局将一行分为24列，栅格数量则为栅格占据的列数",
              "titleVisible": true
            },
            {
              "name": "span",
              "alias": "栅格数量md",
              "type": "Number",
              "default": 24,
              "min": 1,
              "max": 24,
              "precision": 0,
              "tips": "屏幕分辨率中，992px≤宽度<1200px 响应式栅格数，栅格布局将一行分为24列，栅格数量则为栅格占据的列数"
            },
            {
              "name": "sm",
              "alias": "栅格数量sm",
              "type": "Number",
              "default": 24,
              "min": 1,
              "max": 24,
              "precision": 0,
              "tips": "屏幕分辨率中，768px≤宽度<992px 响应式栅格数，栅格布局将一行分为24列，栅格数量则为栅格占据的列数"
            },
            {
              "name": "xs",
              "alias": "栅格数量xs",
              "type": "Number",
              "default": 24,
              "min": 1,
              "max": 24,
              "precision": 0,
              "tips": "屏幕分辨率中，宽度<768px 响应式栅格数，栅格布局将一行分为24列，栅格数量则为栅格占据的列数"
            },
            {
              "name": "foldSpan",
              "alias": "收起时栅格数量",
              "type": "Number",
              "default": 0,
              "min": 0,
              "max": 23,
              "precision": 0,
              "customGroupName": "hasFold",
              "visible": false,
              "tips": "收起时，栅格占据的列数",
              "titleVisible": true
            },
            {
              "name": "contentGutter",
              "alias": "内容间隔",
              "type": "Number",
              "default": 10,
              "min": 0,
              "max": 100
            },
            {
              "name": "wrap",
              "alias": "内容换行方式",
              "type": "Enum(\"nowrap:不换行\", \"wrap:换行\", \"wrap-reverse:换行并上下翻转\")",
              "default": "wrap"
            },
            {
              "name": "justify",
              "alias": "内容水平排列方式",
              "type": "Enum(\"start:居左\", \"center:居中\", \"end:居右\", \"space-around:均分\", \"space-between:两端\")",
              "default": "start"
            },
            {
              "name": "align",
              "alias": "内容垂直排列方式",
              "type": "Enum(\"flex-start:顶端\", \"center:中间\", \"flex-end:底端\", \"space-around:均分\", \"space-between:两端\", \"stretch:充满\")",
              "default": "flex-start"
            },
            {
              "name": "overflow",
              "alias": "内容溢出",
              "type": "Enum(\"visible:默认\", \"hidden:隐藏\", \"auto:自动\")",
              "default": "visible"
            },
            {
              "name": "blockBackground",
              "alias": "背景颜色",
              "type": "String",
              "editor": "color"
            },
            {
              "name": "borderVisible",
              "alias": "边框显示",
              "type": "Boolean",
              "default": false,
              "changeHandler": "basicChangeHandler"
            },
            {
              "name": "border-color",
              "alias": "边框颜色",
              "type": "String[4]",
              "editor": "color",
              "primitiveLabels": [
                "上",
                "右",
                "下",
                "左"
              ],
              "customGroupName": "borderVisibleRelated",
              "visible": false
            },
            {
              "name": "border-style",
              "alias": "边框样式",
              "type": "Enum(\"none:无\", \"solid:实线\", \"dashed:虚线\", \"dotted:点状\", \"double:双线\")[4]",
              "primitiveLabels": [
                "上",
                "右",
                "下",
                "左"
              ],
              "customGroupName": "borderVisibleRelated",
              "visible": false
            },
            {
              "name": "blockPadding",
              "alias": "内边距",
              "type": "Number[4]",
              "min": 0,
              "precision": 0,
              "primitiveLabels": [
                "上",
                "右",
                "下",
                "左"
              ],
              "customGroupName": "borderVisibleRelated",
              "visible": false
            },
            {
              "name": "isBorderRadius",
              "alias": "边框圆角",
              "type": "Boolean",
              "default": false,
              "changeHandler": "basicChangeHandler"
            },
            {
              "name": "border-radius",
              "alias": "边框圆角大小",
              "type": "Number[4]",
              "min": 0,
              "precision": 0,
              "customGroupName": "borderRadiusRelated",
              "primitiveLabels": [
                "左上角",
                "右上角",
                "右下角",
                "左下角"
              ],
              "visible": false
            },
            {
              "name": "box-shadow",
              "alias": "边框阴影",
              "type": "Boolean",
              "default": false
            },
            {
              "name": "blockTitle",
              "alias": "标题",
              "type": "String",
              "default": "",
              "maxlength": 50
            },
            {
              "name": "blockTitleFontSize",
              "alias": "标题字体大小",
              "type": "Number",
              "precision": 0,
              "min": 8,
              "max": 100,
              "default": 16
            },
            {
              "name": "blockTitleColor",
              "alias": "标题颜色",
              "type": "String",
              "default": "",
              "editor": "color"
            },
            {
              "name": "blockTitleMargin",
              "alias": "标题外边距",
              "type": "Number[4]",
              "default": [
                0,
                0,
                0,
                0
              ],
              "min": 0,
              "precision": 0,
              "primitiveLabels": [
                "上",
                "右",
                "下",
                "左"
              ]
            },
            {
              "name": "blockTitlePadding",
              "alias": "标题内边距",
              "type": "Number[4]",
              "default": [
                0,
                10,
                0,
                10
              ],
              "min": 0,
              "precision": 0,
              "primitiveLabels": [
                "上",
                "右",
                "下",
                "左"
              ]
            },
            {
              "name": "blockTitleHeight",
              "alias": "标题高度",
              "type": "String",
              "default": "40px",
              "tips": "允许三种值：1.自动:auto；2.数字+px:40px；3.百分比:50%(只在自由布局时生效)",
              "customGroupName": "filledHeight",
              "rules": [
                {
                  "pattern": "/^(__quote:percentage__|([1-9]?[0-9]{0,3}px)|(auto)|(calc\\(.*\\)))$/",
                  "message": "请输入auto、百分比、数字+px中的一种"
                }
              ]
            },
            {
              "name": "blockTitleIcon",
              "alias": "标题前缀图标",
              "type": "String",
              "editor": "icon",
              "default": ""
            },
            {
              "name": "blockToolbarShowType",
              "alias": "工具栏显示方式",
              "type": "Enum(\"none:不显示\", \"grid:网格\", \"list:列表\")",
              "default": "none",
              "changeHandler": "gridChangeHandler"
            },
            {
              "name": "blockToolbar",
              "visible": false,
              "alias": "工具栏功能设置",
              "type": "Complex[*]",
              "inputVisible": false,
              "customGroupName": "blockToolbarShowType",
              "attributes": [
                {
                  "name": "blockToolbarName",
                  "alias": "功能名称",
                  "type": "String",
                  "maxlength": 50,
                  "titleVisible": true
                },
                {
                  "name": "permission",
                  "alias": "权限",
                  "type": "Complex",
                  "attributes": [
                    {
                      "name": "permissionId",
                      "alias": "关联权限",
                      "type": "Complex",
                      "editor": "permission",
                      "editorParams": {
                        "moduleType": 2,
                        "key": "permissionIdentifier"
                      }
                    }
                  ]
                },
                {
                  "name": "blockToolbarContent",
                  "alias": "事件执行内容",
                  "type": "Complex[*]",
                  "inputVisible": false,
                  "attributes": "smartAttrs.eventContent"
                }
              ]
            },
            {
              "name": "stopPropagation",
              "alias": "点击事件穿透",
              "tips": "是否允许通过点击子组件触发点击事件",
              "type": "Boolean",
              "default": false
            },
            {
              "name": "blockClick",
              "alias": "点击事件",
              "type": "Complex[*]",
              "inputVisible": false,
              "attributes": "smartAttrs.eventContent"
            },
            {
              "name": "colFold",
              "alias": "收起/展开事件",
              "type": "Complex",
              "customGroupName": "hasFold",
              "inputVisible": false,
              "editor": "events",
              "attributes": [
                {
                  "name": "content",
                  "alias": "事件执行内容",
                  "type": "Complex[*]",
                  "inputVisible": false,
                  "attributes": "smartAttrs.eventContent"
                },
                {
                  "name": "description",
                  "alias": "事件描述",
                  "type": "String",
                  "default": "点击收起/展开触发的动作",
                  "readonly": true
                },
                {
                  "name": "payload",
                  "alias": "参数",
                  "type": "Complex[1]",
                  "readonly": true,
                  "inputVisible": false,
                  "attributes": "smartAttrs.payload",
                  "default": [
                    {
                      "name": "isFold",
                      "alias": "是否已收起"
                    }
                  ]
                }
              ]
            }
          ]
        }
      ]
    },
    {
      "name": "events",
      "alias": "事件",
      "visible": false,
      "attributes": [
        {
          "name": "click",
          "alias": "点击事件",
          "type": "Complex",
          "attributes": [
            {
              "name": "content",
              "alias": "事件执行内容",
              "type": "Complex[*]",
              "inputVisible": false,
              "attributes": "smartAttrs.eventContent"
            },
            {
              "name": "description",
              "alias": "事件描述",
              "type": "String",
              "default": "点击触发的动作",
              "readonly": true
            }
          ]
        }
      ]
    },
    {
      "name": "methods",
      "alias": "方法",
      "attributes": [
        {
          "name": "validate",
          "alias": "表单校验",
          "type": "Complex",
          "readonly": true,
          "returnValue": true,
          "attributes": [
            {
              "name": "functionName",
              "alias": "方法名称",
              "type": "String",
              "default": "validate"
            },
            {
              "name": "description",
              "alias": "方法描述",
              "type": "String",
              "default": "布局块内所有表单校验"
            },
            {
              "name": "output",
              "alias": "返回值",
              "type": "Boolean",
              "description": "校验是否通过"
            }
          ]
        },
        {
          "name": "clearValidate",
          "alias": "清除表单校验信息",
          "type": "Complex",
          "readonly": true,
          "attributes": [
            {
              "name": "functionName",
              "alias": "方法名称",
              "type": "String",
              "default": "clearValidate"
            },
            {
              "name": "description",
              "alias": "方法描述",
              "type": "String",
              "default": "清除布局块内所有表单校验信息"
            }
          ]
        }
      ]
    }
  ]
}