{
  "name": "MapGeneral",
  "alias": "通用地图",
  "version": "1.5.3",
  "author": "Cenghouqi",
  "groupAlias": "基础组件",
  "groupName": "basic",
  "type": "vue",
  "description": "",
  "order": 2009,
  "attributes": [
    {
      "name": "appearance",
      "alias": "外观",
      "visible": false
    },
    {
      "name": "layout",
      "alias": "布局",
      "attributes": [
        {
          "name": "height",
          "visible": true,
          "default": "auto"
        },
        {
          "name": "width",
          "default": "100%",
          "visible": true
        }
      ]
    },
    {
      "name": "base",
      "alias": "基础",
      "attributes": [
        {
          "name": "center",
          "alias": "地图中心",
          "type": "String",
          "default": "北京",
          "tips": "地图的中心点，可输入地名，如：北京；可输入坐标点数组，如：[116.404, 39.915]"
        },
        {
          "name": "zoom",
          "alias": "缩放比例",
          "type": "Number",
          "default": 12,
          "max": 1000,
          "min": 1,
          "tips": "地图的缩放比例，数字越大，放大级别越大"
        },
        {
          "name": "polygonPath",
          "alias": "地图描边",
          "type": "String",
          "default": "",
          "tips": "地图描边区域，可输入地名，如：西城区；可输入坐标点数组，如：[[经度xxx, 纬度xxx]]"
        }
      ]
    },
    {
      "name": "pointGroupConfig",
      "alias": "标记配置",
      "attributes": [
        {
          "name": "isDynamicData",
          "alias": "是否动态数据",
          "type": "Boolean",
          "default": false,
          "changeHandler": "dataTypeChange",
          "tips": "标记是否填充动态数据"
        },
        {
          "name": "pointData",
          "alias": "标记动态数据",
          "type": "Complex[*]",
          "editor": "code",
          "linkable": true,
          "customGroupName": "dataSourceConfig",
          "tips": "标记的动态数据列表",
          "visible": false,
          "default": [
            {
              "lng": "116.404",
              "lat": "39.915",
              "iconUrl": "",
              "iconW": 50,
              "iconH": 50,
              "eventType": "",
              "Interaction": "",
              "tooltipContent": "",
              "popoverW": 440,
              "popoverH": 320,
              "popoverContent": "",
              "pageVariable": ""
            }
          ]
        },
        {
          "name": "pointProp",
          "alias": "数据字段名称",
          "type": "Complex",
          "customGroupName": "dataSourceConfig",
          "visible": false,
          "tips": "动态数据的字段名称，可修改",
          "attributes": [
            {
              "name": "lng",
              "type": "String",
              "alias": "经度",
              "default": "lng",
              "tips": "默认值为：lng",
              "maxlength": 50
            },
            {
              "name": "lat",
              "type": "String",
              "alias": "纬度",
              "default": "lat",
              "tips": "默认值为：lat",
              "maxlength": 50
            },
            {
              "name": "iconUrl",
              "type": "String",
              "alias": "图标地址",
              "default": "iconUrl",
              "tips": "默认值为：iconUrl",
              "maxlength": 50
            },
            {
              "name": "iconW",
              "type": "String",
              "alias": "图标宽度",
              "default": "iconW",
              "tips": "默认值为：iconW"
            },
            {
              "name": "iconH",
              "type": "String",
              "alias": "图标高度",
              "default": "iconH",
              "tips": "默认值为：iconH"
            },
            {
              "name": "eventType",
              "type": "String",
              "alias": "标记交互",
              "default": "eventType",
              "tips": "默认值为：eventType",
              "maxlength": 50
            },
            {
              "name": "Interaction",
              "type": "String",
              "alias": "交互呈现",
              "default": "Interaction",
              "tips": "默认值为：Interaction",
              "maxlength": 50
            },
            {
              "name": "tooltipContent",
              "type": "String",
              "alias": "提示框内容",
              "default": "tooltipContent",
              "tips": "默认值为：tooltipContent"
            },
            {
              "name": "popoverW",
              "type": "String",
              "alias": "弹出框宽度",
              "default": "popoverW",
              "tips": "默认值为：popoverW"
            },
            {
              "name": "popoverH",
              "type": "String",
              "alias": "弹出框高度",
              "default": "popoverH",
              "tips": "默认值为：popoverH"
            },
            {
              "name": "popoverContent",
              "type": "String",
              "alias": "弹出框页面",
              "default": "popoverContent",
              "tips": "默认值为：popoverContent"
            },
            {
              "name": "pageVariable",
              "type": "String",
              "alias": "页面参数",
              "default": "pageVariable",
              "tips": "默认值为：pageVariable"
            }
          ]
        },
        {
          "name": "pointDataStatic",
          "type": "Complex[*]",
          "alias": "静态数据选项",
          "visible": true,
          "inputVisible": false,
          "customGroupName": "dataStaticSourceConfig",
          "tips": "标记静态数据",
          "attributes": [
            {
              "name": "lng",
              "type": "String",
              "alias": "经度",
              "default": "116.404",
              "tips": "标记经度，如：116.404"
            },
            {
              "name": "lat",
              "type": "String",
              "alias": "纬度",
              "default": "39.915",
              "tips": "标记纬度，如：39.915"
            },
            {
              "name": "iconUrl",
              "type": "String",
              "alias": "图标地址",
              "default": "",
              "tips": "标记图标地址，只能传线上图片，如：http://xxx.xxx.xx.png"
            },
            {
              "name": "iconW",
              "type": "Number",
              "alias": "图标宽度",
              "min": 50,
              "max": 1000,
              "default": 50,
              "tips": "标记图标的宽度，如：50"
            },
            {
              "name": "iconH",
              "type": "Number",
              "alias": "图标高度",
              "min": 50,
              "max": 1000,
              "default": 50,
              "tips": "标记图标的高度，如：50"
            },
            {
              "name": "eventType",
              "type": "Enum(\"'':请选择\", \"click:点击\",\"hover:悬停\")",
              "alias": "标记交互",
              "default": "",
              "visible": true,
              "changeHandler": "eventTypeChange",
              "tips": "标记所支持的事件，可选择：点击 | 悬停"
            },
            {
              "name": "Interaction",
              "type": "Enum(\"tooltip:提示框\",\"popover:弹出框\")",
              "alias": "交互呈现",
              "default": "",
              "visible": false,
              "changeHandler": "InteractionChange",
              "customGroupName": "eventTypeConfig",
              "tips": "标记交互的呈现方式，可选择：提示框 | 弹出框"
            },
            {
              "name": "tooltipContent",
              "type": "String",
              "alias": "提示框内容",
              "default": "",
              "visible": false,
              "customGroupName": "eventTypeConfig",
              "tips": "提示框目前固定传入文本，文本的内容"
            },
            {
              "name": "popoverW",
              "type": "Number",
              "alias": "弹出框宽度",
              "min": 200,
              "max": 1000,
              "default": 440,
              "visible": false,
              "customGroupName": "eventTypeConfig",
              "tips": "弹出框宽度，如：400"
            },
            {
              "name": "popoverH",
              "type": "Number",
              "alias": "弹出框高度",
              "min": 200,
              "max": 1000,
              "default": 320,
              "visible": false,
              "customGroupName": "eventTypeConfig",
              "tips": "弹出框高度，如：300"
            },
            {
              "alias": "弹出框页面",
              "name": "popoverContent",
              "type": "string",
              "editor": "page",
              "linkable": true,
              "default": "",
              "editorParams": {
                "hideSource": [
                  3
                ]
              },
              "visible": false,
              "customGroupName": "eventTypeConfig",
              "tips": "弹出框目前固定插入页面，页面选择"
            },
            {
              "name": "pageVariable",
              "alias": "页面参数",
              "type": "Complex",
              "editor": "code",
              "visible": false,
              "default": "",
              "tips": "仅在绑定值为选取页面时生效",
              "customGroupName": "eventTypeConfig"
            }
          ]
        }
      ]
    },
    {
      "name": "events",
      "alias": "事件",
      "attributes": [
        {
          "name": "pointClick",
          "alias": "标记点击事件",
          "tips": "在标记被点击时触发的事件",
          "type": "Complex",
          "attributes": [
            {
              "name": "content",
              "alias": "事件执行内容",
              "type": "Complex[*]",
              "inputVisible": false,
              "attributes": "smartAttrs.eventContent"
            },
            {
              "name": "description",
              "alias": "事件描述",
              "type": "String",
              "default": "点击触发的动作",
              "readonly": true
            },
            {
              "name": "payload",
              "alias": "参数",
              "type": "Complex[1]",
              "readonly": true,
              "inputVisible": false,
              "attributes": "smartAttrs.payload",
              "default": [
                {
                  "name": "point",
                  "alias": "当前标记"
                },
                {
                  "name": "pointIndex",
                  "alias": "下标"
                }
              ]
            }
          ]
        },
        {
          "name": "mapLoad",
          "alias": "地图加载完成",
          "tips": "地图加载完成时触发的事件",
          "type": "Complex",
          "attributes": [
            {
              "name": "content",
              "alias": "事件执行内容",
              "type": "Complex[*]",
              "inputVisible": false,
              "attributes": "smartAttrs.eventContent"
            },
            {
              "name": "description",
              "alias": "事件描述",
              "type": "String",
              "default": "地图加载完成时触发的事件",
              "readonly": true
            },
            {
              "name": "payload",
              "alias": "参数",
              "type": "Complex[1]",
              "readonly": true,
              "inputVisible": false,
              "attributes": "smartAttrs.payload",
              "default": [
                {
                  "name": "BMap",
                  "alias": "百度地图类"
                },
                {
                  "name": "map",
                  "alias": "实例化的地图"
                }
              ]
            }
          ]
        },
        {
          "name": "getLocation",
          "alias": "点击获取经纬度",
          "tips": "在地图被点击时触发的事件",
          "type": "Complex",
          "attributes": [
            {
              "name": "content",
              "alias": "事件执行内容",
              "type": "Complex[*]",
              "inputVisible": false,
              "attributes": "smartAttrs.eventContent"
            },
            {
              "name": "description",
              "alias": "事件描述",
              "type": "String",
              "default": "点击触发的动作",
              "readonly": true
            },
            {
              "name": "payload",
              "alias": "参数",
              "type": "Complex[1]",
              "readonly": true,
              "inputVisible": false,
              "attributes": "smartAttrs.payload",
              "default": [
                {
                  "name": "longitude",
                  "alias": "经度"
                },
                {
                  "name": "latitude",
                  "alias": "纬度"
                },
                {
                  "name": "address",
                  "alias": "地址"
                }
              
              ]
            }
          ]
        }
      ]
    },
    {
      "name": "methods",
      "alias": "方法",
      "attributes": [
        {
          "name": "moveTo",
          "alias": "地图移动到定位点",
          "type": "Complex",
          "readonly": true,
          "attributes": [
            {
              "name": "functionName",
              "alias": "方法名称",
              "type": "String",
              "default": "moveTo"
            },
            {
              "name": "description",
              "alias": "方法描述",
              "type": "String",
              "default": "地图移动到定位点"
            },
            {
              "name": "payload",
              "alias": "参数",
              "type": "Complex[2]",
              "readonly": true,
              "inputVisible": false,
              "attributes": "smartAttrs.payload",
              "default": [
                {
                  "name": "point",
                  "alias": "点的位置",
                  "tips": [
                    "经纬度坐标，可以是一个坐标或者城市名称",
                    "值为坐标时，格式为：[经度, 纬度]"
                  ],
                  "type": "String",
                  "editor": "variable"
                },
                {
                  "name": "zoom",
                  "alias": "地图层级",
                  "tips": [
                    "point参数为经纬度时必填"
                  ],
                  "min": 3,
                  "max": 18,
                  "precision": 0,
                  "type": "Number",
                  "editor": "variable"
                }
              ]
            }
          ]
        }
      ]
    },
    {
      "name": "foreach",
      "alias": "循环",
      "visible": false
    }
  ]
}