{
  "name": "SliderPlus",
  "alias": "滑块升级版",
  "version": "1.0.9",
  "author": "陈日建(10010647)",
  "groupAlias": "图表",
  "groupName": "chart",
  "type": "vue",
  "description": "",
  "order": 3201,
  "attributes": [
    {
      "name": "appearance",
      "alias": "外观",
      "expandable": false,
      "attributes": [
        { "name": "text-decoration", "visible": false},
        { "name": "color", "visible": false}
      ]
    },
    {
      "name": "layout",
      "alias": "布局",
      "expandable": false,
      "attributes": [
        {
          "name": "width",
          "alias": "宽度",
          "default": "100%"
        }
      ]
    },
    {
      "name": "silderPlusConfig",
      "alias": "滑块专属配置",
      "attributes": [
        {
          "name": "arrData",
          "alias": "绑定数据",
          "type": "Complex[*]",
          "editor": "code",
          "default": [23, 11, "-4", -2, 500]
        },
        {
          "name": "axisWidth",
          "alias": "轴.宽度",
          "type": "String",
          "default": "100%"
        },
        {
          "name": "axisHeight",
          "alias": "轴.高度",
          "type": "String",
          "default": "8px"
        },
        {
          "name": "axisBorder",
          "alias": "轴.边框",
          "type": "String",
          "default": "none"
        },
        {
          "name": "axisBorderColor",
          "alias": "轴.边框色",
          "type": "String",
          "default": "#333333",
          "editor": "color",
          "colorFormat": "hex"
        },
        {
          "name": "axisBorderRadius",
          "alias": "轴.圆角",
          "type": "String",
          "default": "5px"
        },
        {
          "name": "axisBackgroundType",
          "alias": "轴.填充类型",
          "type": "Enum(\"1:纯色\", \"2:渐变\")",
          "default": "1",
          "changeHandler": "handleAxisBackgroundChange"
        },
        {
          "name": "axisBackgroundColor",
          "alias": "轴.填充色",
          "type": "String",
          "editor": "color",
          "default": "#3287FF",
          "colorFormat": "hex",
          "customGroupName": "axisStyle"
        },
        {
          "name": "axisBackgroundColorList",
          "alias": "轴.渐变色",
          "type": "Complex[*]",
          "inputVisible": false,
          "visible": false,
          "customGroupName": "axisStyle",
          "attributes": [
            {
              "name": "color",
              "alias": "颜色",
              "type": "String",
              "editor": "color",
              "default": "#0055F2",
              "colorFormat": "hex"
            }
          ]
        },
        {
          "name": "markerConfig",
          "alias": "标记点",
          "type": "Complex[*]",
          "inputVisible": false,
          "attributes": [
            {
              "name": "visible",
              "alias": "标记.显示",
              "type": "Boolean",
              "default": true
            },
            {
              "name": "type",
              "alias": "标记.值类型",
              "type": "Enum(\"max:最大值\", \"mean:平均值\", \"custom:自定义值\", \"min:最小值\")",
              "default": "max",
              "changeHandler": "handleMarkerTypeChange"
            },
            {
              "name": "value",
              "alias": "标记.值",
              "type": "Number",
              "visible": false,
              "min": "-Infinity",
              "default": 0,
              "customGroupName": "markerAttr"
            },
            {
              "name": "width",
              "alias": "标记.宽度",
              "type": "String",
              "default": "6px"
            },
            {
              "name": "height",
              "alias": "标记.高度",
              "type": "Number",
              "default": 20
            },
            {
              "name": "borderRadius",
              "alias": "标记.圆角",
              "type": "String",
              "default": "4px"
            },
            {
              "name": "background",
              "alias": "标记.填充色",
              "type": "String",
              "editor": "color",
              "default": "#F97A04",
              "colorFormat": "hex"
            },
            {
              "name": "border",
              "alias": "标记.边框",
              "type": "String",
              "default": "none"
            },
            {
              "name": "borderColor",
              "alias": "标记.边框色",
              "type": "String",
              "default": "#333333",
              "editor": "color",
              "colorFormat": "hex"
            },
            {
              "name": "tipVisible",
              "alias": "提示窗.显示",
              "type": "Boolean",
              "default": true
            },
            {
              "name": "tipOffsetX",
              "alias": "提示窗.沿着标记偏移",
              "type": "Number",
              "default": 0
            },
            {
              "name": "tipOffsetY",
              "alias": "提示窗.远离标记偏移",
              "type": "Number",
              "default": 10
            },
            {
              "name": "tipText",
              "alias": "提示窗.文案",
              "type": "String",
              "default": ""
            },
            {
              "name": "tipPlacement",
              "alias": "提示窗.位置",
              "type": "Enum(\"auto:自动\", \"top:上\", \"top-start:上右\", \"top-end:上左\", \"bottom:下\", \"bottom-start:下右\", \"bottom-end:下左\", \"left:左\", \"left-start:左下\", \"left-end:左上\", \"right:右\", \"right-start:右下\", \"right-end:右上\")",
              "default": "top-end"
            },
            {
              "name": "tipPreventOverflow",
              "alias": "提示窗.限制范围",
              "type": "Boolean",
              "default": false
            },
            {
              "name": "tipColor",
              "alias": "提示窗.字体色",
              "default": "#333333",
              "editor": "color",
              "colorFormat": "hex",
              "customGroupName": "tipCustom"
            },
            {
              "name": "tipBorderWidth",
              "alias": "提示窗.框宽度",
              "type": "String",
              "default": "1px"
            },
            {
              "name": "tipBorderRadius",
              "alias": "提示窗.框圆角",
              "type": "String",
              "default": "5px"
            },
            {
              "name": "tipBorderStyle",
              "alias": "提示窗.框线风格",
              "type": "Enum(\"solid:实线\", \"dashed:虚线\", \"dotted:斑点\", \"double:双线\", \"groove:内凸\", \"ridge:内陷\", \"outset:凸起\", \"none:无边框\")",
              "default": "solid"
            },
            {
              "name": "tipBorderColor",
              "alias": "提示窗.框颜色",
              "default": "#333333",
              "editor": "color",
              "colorFormat": "hex",
              "customGroupName": "tipCustom"
            },
            {
              "name": "tipPadding",
              "alias": "提示窗.内边距",
              "type": "String",
              "default": "10px"
            },
            {
              "name": "tipBackgroundColor",
              "alias": "提示窗.填充色",
              "type": "String",
              "default": "#FFFFFF",
              "editor": "color",
              "colorFormat": "hex",
              "customGroupName": "tipCustom"
            },
            {
              "name": "tipArrowVisible",
              "alias": "提示窗.箭头显示",
              "type": "Boolean",
              "default": false
            }
          ]
        }
      ]
    }
  ]
}
