{
  "name": "InputNumber",
  "alias": "计数器",
  "version": "1.4.1",
  "author": "10005881",
  "groupAlias": "表单组件",
  "groupName": "form",
  "type": "vue",
  "description": "",
  "order": 4014,
  "attributes": [
    {
      "name": "appearance",
      "alias": "外观",
      "visible": false
    },
    {
      "name": "base",
      "alias": "基础",
      "attributes": [
        {
          "alias": "尺寸",
          "name": "size",
          "type": "Enum(\"medium:正常\", \"small:较小\", \"mini:迷你\")",
          "default": "medium"
        }
      ]
    },
    {
      "name": "toolbar",
      "alias": "工具",
      "attributes": [
        {
          "alias": "禁用",
          "name": "disabled",
          "type": "Boolean",
          "default": false
        },
        {
          "alias": "最大值",
          "name": "max",
          "type": "Number",
          "default": 9007199254740991,
          "step": 1,
          "tips": "最大值需要大于最小值"
        },
        {
          "alias": "最小值",
          "name": "min",
          "type": "Number",
          "default": -9007199254740991,
          "step": 1,
          "tips": "最小值需要小于最大值"
        },
        {
          "alias": "步长",
          "name": "step",
          "type": "Number",
          "default": 1,
          "step": 1,
          "min": 0
        },
        {
          "alias": "是否只能输入步长的倍数",
          "name": "step-strictly",
          "type": "Boolean",
          "default": false
        },
        {
          "alias": "数值精度",
          "name": "precision",
          "type": "Number",
          "default": 0,
          "min": 0
        },
        {
          "alias": "是否使用控制按钮",
          "name": "controls",
          "type": "Boolean",
          "default": true
        },
        {
          "alias": "提示文字",
          "name": "placeholder",
          "type": "String",
          "minlength": 0,
          "maxlength": 50,
          "default": ""
        },
        {
          "alias": "控制按钮位置",
          "name": "controls-position",
          "type": "Enum(\"right:右侧\",\"-:两侧\")",
          "default": "-"
        }
      ]
    },
    {
      "name": "data",
      "alias": "数据",
      "attributes": [
        {
          "alias": "绑定值",
          "name": "value",
          "type": "Number",
          "linkable": true,
          "default": null
        },
        {
          "alias": "数据校验",
          "name": "dataValidation",
          "type": "Complex[*]",
          "inputVisible": false,
          "attributes": "smartAttrs.validation"
        }
      ]
    },
    {
      "name": "events",
      "alias": "事件",
      "attributes": [
        {
          "alias": "文本改变",
          "name": "change",
          "type": "Complex",
          "attributes": [
            {
              "name": "content",
              "alias": "执行内容",
              "type": "Complex[*]",
              "inputVisible": false,
              "attributes": "smartAttrs.eventContent"
            },
            {
              "name": "description",
              "alias": "事件描述",
              "type": "String",
              "readonly": true,
              "default": "当某个节点被点击时会触发该事件"
            },
            {
              "name": "payload",
              "alias": "参数",
              "type": "Complex[1]",
              "readonly": true,
              "inputVisible": false,
              "attributes": "smartAttrs.payload",
              "default": [
                {
                  "name": "currentValue",
                  "alias": "输入框最新值"
                },
                {
                  "name": "oldValue",
                  "alias": "输入框上一次的值"
                }
              ]
            }
          ]
        },
        {
          "alias": "获取事件",
          "name": "focus",
          "type": "Complex",
          "attributes": [
            {
              "name": "content",
              "alias": "执行内容",
              "type": "Complex[*]",
              "inputVisible": false,
              "attributes": "smartAttrs.eventContent"
            },
            {
              "name": "description",
              "alias": "事件描述",
              "type": "String",
              "readonly": true,
              "default": "当某个节点被点击时会触发该事件"
            },
            {
              "name": "payload",
              "alias": "参数",
              "type": "Complex[1]",
              "readonly": true,
              "inputVisible": false,
              "attributes": "smartAttrs.payload",
              "default": [
                {
                  "name": "event",
                  "alias": "点击的事件"
                }
              ]
            }
          ]
        },
        {
          "alias": "失焦事件",
          "name": "blur",
          "type": "Complex",
          "attributes": [
            {
              "name": "content",
              "alias": "执行内容",
              "type": "Complex[*]",
              "inputVisible": false,
              "attributes": "smartAttrs.eventContent"
            },
            {
              "name": "description",
              "alias": "事件描述",
              "type": "String",
              "readonly": true,
              "default": "当某个节点被点击时会触发该事件"
            },
            {
              "name": "payload",
              "alias": "参数",
              "type": "Complex[1]",
              "readonly": true,
              "inputVisible": false,
              "attributes": "smartAttrs.payload",
              "default": [
                {
                  "name": "event",
                  "alias": "事件"
                }
              ]
            }
          ]
        }
      ]
    },
    {
      "name": "methods",
      "alias": "方法",
      "attributes": [
        {
          "name": "setValue",
          "alias": "设置值",
          "type": "Complex",
          "readonly": true,
          "attributes": [
            {
              "name": "functionName",
              "alias": "方法名称",
              "type": "String",
              "default": "setValue"
            },
            {
              "name": "description",
              "alias": "方法描述",
              "type": "String",
              "default": "设置文本框数据"
            },
            {
              "name": "payload",
              "alias": "参数",
              "type": "Complex[1]",
              "inputVisible": false,
              "attributes": "smartAttrs.payload",
              "default": [
                {
                  "name": "value",
                  "alias": "绑定值",
                  "editor": "variable"
                }
              ]
            }
          ]
        },
        {
          "name": "getValue",
          "alias": "获取当前值",
          "type": "Complex",
          "readonly": true,
          "returnValue": true,
          "attributes": [
            {
              "name": "functionName",
              "alias": "方法名称",
              "type": "String",
              "default": "getValue"
            },
            {
              "name": "description",
              "alias": "方法描述",
              "type": "String",
              "default": "获取当前值"
            },
            {
              "name": "output",
              "alias": "返回值",
              "type": "String",
              "description": "当前值"
            }
          ]
        },
        {
          "name": "refresh",
          "alias": "刷新",
          "type": "Complex",
          "readonly": true,
          "attributes": [
            {
              "name": "functionName",
              "alias": "方法名称",
              "type": "String",
              "default": "refresh"
            },
            {
              "name": "description",
              "alias": "方法描述",
              "type": "String",
              "editor": "code",
              "default": "刷新数据"
            }
          ]
        },
        {
          "name": "disable",
          "alias": "禁用",
          "type": "Complex",
          "readonly": true,
          "attributes": [
            {
              "name": "functionName",
              "alias": "方法名称",
              "type": "String",
              "default": "disable",
              "readonly": true
            },
            {
              "name": "description",
              "alias": "方法描述",
              "type": "String",
              "default": " 设置组件为禁用状态",
              "readonly": true
            },
            {
              "name": "payload",
              "alias": "参数",
              "type": "Complex[1]",
              "inputVisible": false,
              "attributes": "smartAttrs.payload",
              "default": [
                {
                  "name": "value",
                  "alias": "参数值",
                  "editor": "variable"
                }
              ]
            }
          ]
        }
      ]
    }
  ]
}