{
  "name": "Carousel",
  "alias": "轮播",
  "version": "1.0.18",
  "author": "10002548",
  "groupAlias": "基础组件",
  "groupName": "basic",
  "type": "vue",
  "active": true,
  "order": 2007,
  "attributes": [
    {
      "name": "foreach",
      "alias": "循环",
      "sort": 700,
      "visible": false
    },
    {
      "name": "layout",
      "alias": "布局",
      "attributes": [
        {
          "name": "margin",
          "alias": "外边距",
          "type": "Number[4]",
          "min": 0,
          "default": [
            0,
            0,
            0,
            0
          ],
          "precision": 0,
          "primitiveLabels": [
            "上",
            "右",
            "下",
            "左"
          ],
          "sort": 3008,
          "max": 1000,
          "visible": false
        },
        {
          "name": "padding",
          "alias": "内边距",
          "type": "Number[4]",
          "min": 0,
          "default": [
            0,
            0,
            0,
            0
          ],
          "precision": 0,
          "primitiveLabels": [
            "上",
            "右",
            "下",
            "左"
          ],
          "sort": 3009,
          "max": 1000,
          "visible": false
        },
        {
          "name": "border-width",
          "alias": "边框宽度",
          "type": "Number[4]",
          "min": 0,
          "default": [
            0,
            0,
            0,
            0
          ],
          "precision": 0,
          "primitiveLabels": [
            "上",
            "右",
            "下",
            "左"
          ],
          "sort": 3010,
          "max": 1000,
          "visible": false
        },
        {
          "name": "border-color",
          "alias": "边框颜色",
          "type": "String[4]",
          "editor": "color",
          "default": [
            "rgba(234, 234, 234, 1)",
            "rgba(234, 234, 234, 1)",
            "rgba(234, 234, 234, 1)",
            "rgba(234, 234, 234, 1)"
          ],
          "primitiveLabels": [
            "上",
            "右",
            "下",
            "左"
          ],
          "sort": 3011,
          "visible": false
        },
        {
          "name": "border-style",
          "alias": "边框样式",
          "type": "Enum(\"none:无\", \"solid:实线\", \"dashed:虚线\", \"dotted:点状\", \"double:双线\")[4]",
          "default": [
            "solid",
            "solid",
            "solid",
            "solid"
          ],
          "primitiveLabels": [
            "上",
            "右",
            "下",
            "左"
          ],
          "sort": 3012,
          "visible": false
        }
      ]
    },
    {
      "name": "appearance",
      "alias": "外观",
      "sort": 200,
      "visible": false,
      "attributes": [
        {
          "name": "font-size",
          "alias": "字体大小",
          "type": "Number",
          "precision": 0,
          "min": 8,
          "default": 14,
          "sort": 2001
        },
        {
          "name": "color",
          "alias": "字体颜色",
          "type": "String",
          "editor": "color",
          "sort": 2002
        },
        {
          "name": "font-weight",
          "alias": "字体粗细",
          "type": "Enum(\"normal:正常\", \"bold:加粗\")",
          "default": "normal",
          "sort": 2003
        },
        {
          "name": "font-style",
          "alias": "字体风格",
          "type": "Enum(\"normal:正常\", \"italic:斜体\")",
          "default": "normal",
          "sort": 2004
        },
        {
          "name": "line-height",
          "alias": "字体行高",
          "type": "Number",
          "default": 24,
          "min": 0,
          "precision": 0,
          "sort": 2005
        },
        {
          "name": "text-align",
          "alias": "水平对齐",
          "type": "Enum(\"left:居左\", \"center:居中\", \"right:居右\")",
          "default": "left",
          "sort": 2006
        },
        {
          "name": "letter-spacing",
          "alias": "文字间距",
          "type": "Number",
          "default": "",
          "precision": 0,
          "sort": 2007
        },
        {
          "name": "text-decoration",
          "alias": "文本修饰",
          "type": "Enum(\"none:无\", \"underline:下划线\", \"overline:上划线\", \"line-through:中划线\")",
          "default": "none",
          "sort": 2008
        },
        {
          "name": "background-color",
          "alias": "背景颜色",
          "type": "String",
          "default": "",
          "editor": "color",
          "sort": 2009
        },
        {
          "name": "background-image",
          "alias": "背景图片",
          "type": "String",
          "default": "",
          "editor": "file",
          "editorParams": {
            "type": "picture",
            "title": "选择图片"
          },
          "sort": 2010
        },
        {
          "name": "background-repeat",
          "alias": "背景图像平铺",
          "type": "Enum(\"no-repeat:不平铺\", \"repeat-x:水平平铺\", \"repeat-y:垂直平铺\", \"repeat:平铺\")",
          "default": "no-repeat",
          "sort": 2011
        },
        {
          "name": "background-size",
          "alias": "背景图片尺寸",
          "type": "String",
          "default": "100%",
          "sort": 2012,
          "tips": "允许六种类型值：1、缩小图片适应元素尺寸:contain；2、扩展图片填满元素:cover；3、指定大小数值+px:100px 100px；4、指定大小百分比:50% 50%；5、3和4的混合:100px 100%；6、空字符",
          "rules": [
            {
              "require": false
            },
            {
              "pattern": "/^(__quote:percentage__(((\\s__quote:percentage__)?)|((\\s([1-9]?[0-9]{0,3}px))?))|([1-9]?[0-9]{0,3}px)(((\\s([1-9]?[0-9]{0,3}px))?)|((\\s__quote:percentage__)?))|(contain)|(cover))$/",
              "message": "请输入contain、cover、百分比、数字+px、空字符中的一种"
            }
          ]
        },
        {
          "name": "background-position",
          "alias": "背景图片定位",
          "type": "Enum(\"left top:左上角\", \"center top:顶部居中\", \"right top:右上角\", \"center center:居中\", \"left bottom:左下角\", \"center bottom:底部居中\", \"right bottom:右下角\")",
          "default": "left top",
          "sort": 2013
        }
      ]
    },
    {
      "name": "base",
      "alias": "基础",
      "attributes": [
        {
          "name": "trigger",
          "type": "Enum(\"click: 点击\", \"hover:悬停\")",
          "alias": "触发方式",
          "default": "hover",
          "tips": "指的是对指示器的触发。默认情况下，在鼠标悬停底部的指示器时就会触发切换。可设置点击时触发切换"
        },
        {
          "name": "indicatorPosition",
          "type": "Enum(\"default:默认\", \"outside:外部\", \"none:不显示\")",
          "alias": "指示器位置",
          "default": "default"
        },
        {
          "name": "arrow",
          "type": "Enum(\"hover:悬停(默认)\", \"always:一直显示\", \"never:一直隐藏\")",
          "alias": "切换箭头显示时机",
          "default": "hover"
        },
        {
          "name": "direction",
          "type": "Enum(\"horizontal:水平\", \"vertical:垂直\")",
          "alias": "方向",
          "default": "horizontal"
        },
        {
          "name": "card",
          "type": "Boolean",
          "alias": "卡片化",
          "default": false,
          "tips": "走马灯的类型是否是卡片形式; 卡片化模式下，指示器位置默认为容器外部"
        },
        {
          "name": "initialIndex",
          "type": "Number",
          "alias": "初始索引",
          "default": 0,
          "min": 0,
          "tips": "初始状态激活的幻灯片的索引，从 0 开始"
        },
        {
          "name": "autoplay",
          "type": "Boolean",
          "alias": "是否自动切换",
          "default": true
        },
        {
          "name": "interval",
          "type": "Number",
          "alias": "自动切换的时间间隔，单位为毫秒",
          "default": 3000,
          "tips": "1秒 = 1000 毫秒"
        },
        {
          "name": "loop",
          "type": "Boolean",
          "alias": "是否循环显示",
          "default": true
        },
        {
          "name": "carouselHeight",
          "type": "Number",
          "alias": "走马灯的高度",
          "tips": "高度为0时不生效。仅当高度大于0才生效",
          "min": 0
        },
        {
          "name": "pagerCount",
          "type": "Number",
          "alias": "指示器数量",
          "min": 0,
          "default": 7,
          "tips": "为了程序稳定，建议设置大于等于 5 且小于等于 21 的奇数。此配置主要用于解决轮播项过多导致指示器换行甚至样式错乱的问题。指示器过多时，默认超过7个会出现省略号。如果仍然换行，可将指示器数量调小或容器加宽"
        }
      ]
    },
    {
      "name": "items",
      "alias": "内容",
      "attributes": [
        {
          "name": "items",
          "type": "Complex[20]",
          "alias": "内容",
          "inputVisible": false,
          "attributes": [
            {
              "name": "img",
              "type": "String",
              "alias": "图片地址",
              "default": ""
            },
            {
              "name": "text",
              "type": "String",
              "alias": "文字内容",
              "default": "标题",
              "titleVisible": true,
              "minlength": 0,
              "maxlength": 50
            },
            {
              "name": "itemBackgroundColor",
              "alias": "容器背景颜色",
              "type": "String",
              "default": "",
              "editor": "color",
              "tips": "字段名：itemBackgroundColor。仅当容器未被标题和图片完全占据时，才能看到效果"
            },
            {
              "name": "titleTextColor",
              "type": "String",
              "alias": "标题颜色",
              "default": "#000",
              "editor": "color",
              "tips": "字段名：titleTextColor"
            },
            {
              "name": "titleFontSize",
              "alias": "标题字体大小",
              "type": "Number",
              "default": 14,
              "precision": 0,
              "min": 8,
              "tips": "字段名：titleFontSize"
            },
            {
              "name": "titleFontWeight",
              "alias": "标题字体粗细",
              "type": "Enum(\"normal:正常\", \"bold:加粗\")",
              "default": "normal",
              "tips": "字段名：titleFontWeight"
            },
            {
              "name": "titleTextAlign",
              "alias": "标题水平对齐方式",
              "type": "Enum(\"left:居左\", \"center:居中\", \"right:居右\")",
              "default": "left",
              "tips": "字段名：titleTextAlign。当与标题样式自定义或者容器布局自定义中设定的样式冲突时，此项配置无效。(例如：当标题样式自定义中设置绝对定位(absolute)时，此项不生效)"
            },
            {
              "name": "titleLetterSpacing",
              "alias": "标题文字间距",
              "type": "Number",
              "default": "",
              "precision": 0,
              "min": 0,
              "tips": "字段名：titleLetterSpacing"
            },
            {
              "name": "titleCustomStyle",
              "alias": "标题样式自定义",
              "type": "String",
              "editor": "code",
              "default": "{\"position\": \"absolute\", \"left\": \"50%\", \"top\": \"50%\", \"transform\": \"translate(-50%, -50%)\"}",
              "tips": "字段名：titleCustomStyle。如有冲突，自定义的标题样式会覆盖前面配置的标题样式"
            },
            {
              "name": "imgFit",
              "alias": "图片适应容器",
              "type": "Enum(\"fill:充满\", \"contain:包含\", \"cover:覆盖\", \"scale-down:缩小\",  \"none:无\")",
              "default": "fill",
              "tips": "字段名：imgFit。原理基于css中的object-fit属性, object-fit 属性指定元素的内容应该如何去适应指定容器的高度与宽度。"
            },
            {
              "name": "imgCustomStyle",
              "alias": "图片样式自定义",
              "type": "String",
              "default": "{\"width\":\"100%\", \"height\":\"100%\"}",
              "editor": "code",
              "tips": "字段名:imgCustomStyle"
            },
            {
              "name": "containerCustomStyle",
              "alias": "容器布局自定义",
              "type": "String",
              "editor": "code",
              "tips": "字段名：containerCustomStyle。可使用任意布局方式，来自由组合标题与图片的位置。推荐css3中的flex布局方式。",
              "default": "{\"width\":\"100%\", \"height\":\"100%\"}"
            },
            {
              "name": "carouselItemCustomStyle",
              "alias": "幻灯片根容器布局",
              "type": "String",
              "editor": "code",
              "tips": "字段名：carouselItemCustomStyle。可使用任意布局方式，来自由组合标题与图片的位置。推荐css3中的flex布局方式。",
              "default": "{\"width\":\"100%\", \"height\":\"100%\"}"
            }
          ]
        }
      ]
    },
    {
      "name": "dataSource",
      "alias": "数据源",
      "attributes": [
        {
          "name": "enableDataSource",
          "type": "Boolean",
          "alias": "启用动态数据源",
          "default": false,
          "tips": "启用动态数据源；则会根据内容中第一项的配置来匹配对应的标题和图片地址，其他属性以第一项配置为准。"
        },
        {
          "name": "data",
          "alias": "数据",
          "type": "Complex[*]",
          "linkable": true,
          "editor": "code",
          "tips": "二维数组",
          "default": "[]"
        },
        {
          "name": "textName",
          "type": "String",
          "alias": "标题字段名",
          "default": "",
          "titleVisible": true,
          "minlength": 0,
          "maxlength": 50,
          "tips": "匹配数据源中标题字段，此处应填写英文名，比如text"
        },
        {
          "name": "imgUrlName",
          "type": "String",
          "alias": "图片字段名",
          "default": "",
          "titleVisible": true,
          "minlength": 0,
          "maxlength": 50,
          "tips": "匹配数据源中图片字段，此处应填写英文名，比如imgUrl"
        }
      ]
    },
    {
      "name": "events",
      "alias": "事件",
      "attributes": [
        {
          "name": "click",
          "alias": "幻灯片点击内容时",
          "type": "Complex",
          "attributes": [
            {
              "name": "content",
              "alias": "执行内容",
              "type": "Complex[*]",
              "inputVisible": false,
              "attributes": "smartAttrs.eventContent"
            },
            {
              "name": "description",
              "alias": "事件描述",
              "type": "String",
              "readonly": true,
              "default": "幻灯片点击时触发"
            },
            {
              "name": "payload",
              "alias": "参数",
              "type": "Complex[1]",
              "readonly": true,
              "inputVisible": false,
              "attributes": "smartAttrs.payload",
              "default": [
                {
                  "name": "index",
                  "alias": "幻灯片的索引"
                }
              ]
            }
          ]
        },
        {
          "name": "change",
          "alias": "幻灯片切换时",
          "type": "Complex",
          "attributes": [
            {
              "name": "content",
              "alias": "执行内容",
              "type": "Complex[*]",
              "inputVisible": false,
              "attributes": "smartAttrs.eventContent"
            },
            {
              "name": "description",
              "alias": "事件描述",
              "type": "String",
              "readonly": true,
              "default": "幻灯片切换时触发"
            },
            {
              "name": "payload",
              "alias": "参数",
              "type": "Complex[1]",
              "readonly": true,
              "inputVisible": false,
              "attributes": "smartAttrs.payload",
              "default": [
                {
                  "name": "index",
                  "alias": "目前激活的幻灯片的索引"
                },
                {
                  "name": "lastIndex",
                  "alias": "原幻灯片的索引"
                }
              ]
            }
          ]
        }
      ]
    }
  ]
}
