{
    "name": "DatetimePicker",
    "alias": "时间选择器",
    "version": "1.0.5",
    "author": "吴世冬(2236)",
    "groupAlias": "移动端组件",
    "groupName": "mobile",
    "type": "vue",
    "description": "",
    "order": 5405,
    "attributes": [
        {
            "name": "appearance",
            "visible": false,
            "alias": "外观",
            "attributes": [
                {
                    "name": "font-size",
                    "visible": false
                },
                {
                    "name": "color",
                    "visible": false
                },
                {
                    "name": "font-weight",
                    "visible": false
                },
                {
                    "name": "font-style",
                    "visible": false
                },
                {
                    "name": "line-height",
                    "visible": false
                },
                {
                    "name": "text-align",
                    "visible": false
                },
                {
                    "name": "letter-spacing",
                    "visible": false
                },
                {
                    "name": "text-decoration",
                    "visible": false
                }
            ]
        },
        {
            "name": "layout",
            "alias": "布局",
            "attributes": [
                {
                    "name": "span",
                    "default": 24
                },
                {
                    "name": "height",
                    "value": "auto",
                    "default": "auto"
                },
                {
                    "name": "borderVisible",
                    "visible": false,
                    "alias": "边框显示",
                    "type": "Boolean",
                    "default": false,
                    "changeHandler":"basicChangeHandler"
                }
            ]
        },
        {
            "name": "base",
            "alias": "基础",
            "attributes": [
                {
                    "alias": "标签名",
                    "name": "label",
                    "type": "String",
                    "minlength": 0,
                    "maxlength": 10,
                    "readonly": false,
                    "default": "时间选择"
                },
                {
                    "alias": "类型",
                    "name": "type",
                    "type":"Enum(\"datetime:时间\", \"date:日期\")",
                    "readonly": false,
                    "default": "datetime"
                },
                {
                    "alias": "值",
                    "name": "value",
                    "type": "String",
                    "readonly": false,
                    "tips": "时间(yyyy-mm-dd hh:mm:ss)，日期(yyyy-mm-dd)",
                    "customGroupName": "valueDate",
                    "default": ""
                },
                {
                    "alias": "最小时间",
                    "name": "minDate",
                    "type": "String",
                    "readonly": false,
                    "visible": false,
                    "default": "1900-01-01 00:00:00",
                    "changeHandler": "minChange",
                    "customGroupName": "minDate",
                    "rules": [{
                        "pattern": "/^[1-9]([0-9]{3})-([0-9]{2})-([0-9]{2}) ([0-9]{2}):([0-9]{2}):([0-9]{2})$/",
                        "message": "请输入正确的时间格式yyyy-mm-dd hh:mm:ss"
                    }]
                },
                {
                    "alias": "最大时间",
                    "name": "maxDate",
                    "type": "String",
                    "readonly": false,
                    "visible": false,
                    "default": "2099-12-31 00:00:00",
                    "changeHandler": "maxChange",
                    "customGroupName": "maxDate",
                    "rules": [{
                        "pattern": "/^[1-9]([0-9]{3})-([0-9]{2})-([0-9]{2}) ([0-9]{2}):([0-9]{2}):([0-9]{2})$/",
                        "message": "请输入正确的时间格式yyyy-mm-dd hh:mm:ss"
                    }]
                }
            ]
        },
        {
            "name": "foreach",
            "alias": "循环",
            "sort": 700,
            "visible": false,
            "attributes": []
        },
        {
            "name": "events",
            "alias": "事件",
            "visible": true,
            "attributes": [
                {
                    "name": "onConfirm",
                    "alias": "选中确认",
                    "type": "Complex",
                    "attributes": [
                        {
                            "name": "content",
                            "alias": "事件执行内容",
                            "type": "Complex[*]",
                            "inputVisible": false,
                            "attributes": "smartAttrs.eventContent"
                        },
                        {
                            "name": "description",
                            "alias": "事件描述",
                            "type": "String",
                            "default": "选中确认触发的动作",
                            "readonly": true
                        },
                        {
                            "name": "payload",
                            "alias": "参数",
                            "type": "Complex[1]",
                            "readonly":true,
                            "inputVisible": false,
                            "attributes": "smartAttrs.payload",
                            "default":[
                                {"name": "value", "alias": "日期值"}
                            ]
                        }
                    ]
                }
            ]
        },
        {
            "name": "methods",
            "alias": "方法",
            "attributes": [
                {
                    "name": "setValue",
                    "alias": "设置值",
                    "type": "Complex",
                    "readonly": true,
                    "attributes": [
                        {
                            "name": "functionName",
                            "alias": "方法名称",
                            "type": "String",
                            "default": "setValue"
                        },
                        {
                            "name": "description",
                            "alias": "方法描述",
                            "type": "String",
                            "default": "设置文本框数据"
                        },
                        {
                            "name": "payload",
                            "alias": "参数",
                            "type": "Complex[1]",
                            "inputVisible": false,
                            "attributes": "smartAttrs.payload",
                            "default":[
                                {"name": "value", "alias": "绑定值","editor": "variable"}
                            ]
                        }
                    ]
                },
                {
                    "name": "getValue",
                    "alias": "获取当前值",
                    "type": "Complex",
                    "returnValue": true,
                    "readonly": true,
                    "attributes": [
                        {
                            "name": "functionName",
                            "alias": "方法名称",
                            "type": "String",
                            "default": "getValue"
                        },
                        {
                            "name": "description",
                            "alias": "方法描述",
                            "type": "String",
                            "default": "获取当前值"
                        }
                    ]
                },
                {
                    "name": "show",
                    "visible": false,
                    "alias": "显示",
                    "type": "Complex",
                    "readonly": true,
                    "attributes": []
                },
                {
                    "name": "hide",
                    "visible": false,
                    "alias": "隐藏",
                    "type": "Complex",
                    "readonly": true,
                    "attributes": []
                }
            ]
        }
    ]
}
