{
  "name":"Button",
  "alias":"按钮",
  "version": "1.4.2",
  "author": "朱珊珊(2797)",
  "groupAlias": "基础组件",
  "groupName": "basic",
  "type": "vue",
  "description": "",
  "order": 2001,
  "attributes":[
    {
      "name": "appearance",
      "alias": "外观",
      "attributes": [
        { "name": "line-height", "alias": "字体行高","visible": false, "type": "Number", "default": 24 },
        { "name": "font-size", "alias": "文字大小","visible": false},
        { "name": "font-style", "alias": "字体风格", "visible": false, "type": "Enum(\"normal:正常\", \"italic:斜体\")", "default": "normal" },
        { "name": "text-align", "alias": "水平对齐", "type": "Enum(\"left:居左\", \"center:居中\", \"right:居右\")", "default": "center" },
        { "name": "text-decoration", "alias": "文本修饰","visible": false},
        { "name": "letter-spacing", "alias": "文字间距", "visible": false },
        { "name": "background-color", "alias": "背景颜色","visible": false},
        { "name": "background-image", "alias": "背景图片","visible": false},
        { "name": "background-repeat", "alias": "背景图像重复","visible": false},
        { "name": "background-size", "alias": "背景图片尺寸","visible": false},
        { "name": "background-position", "alias": "背景图片定位","visible": false}
      ]
    },
    {
      "name": "layout",
      "alias": "布局",
      "attributes": [
        { "name": "span", "default": 3 },
        { "name": "height", "visible": false }
      ]
    },
    {
      "name":"base",
      "alias":"基础",
      "attributes":[
        {
          "name":"style",
          "alias":"形态",
          "type":"Enum(\"'default':常规按钮\",\"icon:图标按钮\",\"text:文字按钮\", \"iconText:图标+文字\")",
          "default":"default",
          "changeHandler": "handleButtonStyleChange"
        },
        {
          "name":"type",
          "alias":"类型",
          "type":"string",
          "default":"primary",
          "visible": false
        },
        {
          "name":"typeBase",
          "alias":"状态",
          "type":"Enum(\"primary:标准按钮\", \"success:成功按钮\", \"warning:警告按钮\",\"danger:危险按钮\",\"info:信息按钮\")",
          "default":"",
          "changeHandler": "handleButtonTypeBaseChange",
          "clearable": true
        },
        {
          "name":"typeExpand",
          "alias":"类型",
          "type":"Enum(\"primary:主要按钮\",\"secondary:次要按钮\", \"solid:实线按钮\",\"dash:虚框按钮\")",
          "default":"primary",
          "changeHandler": "handleButtonTypeExpandChange",
          "clearable": true
        },
        {
          "name":"shape",
          "alias":"形状",
          "type":"Enum(\"rect:矩形\", \"rectRadius:圆角矩形\",\"circle:圆形\")",
          "default":"rect",
          "changeHandler": "handleButtonShapeChange"
        },
        {
          "name":"size",
          "alias":"尺寸",
          "type":"Enum(\"large:大\", \"medium:中（默认）\", \"small:小\", \"mini:迷你\")",
          "default":"medium"
        },
        {
          "name":"text",
          "alias":"按钮文字",
          "type":"String",
          "minlength": 0,
          "maxlength": 20,
          "default":"按钮"
        },
        {
          "name":"widthIsAuto",
          "alias":"是否自适应外层宽度",
          "type":"Boolean",
          "default":true
        },
        {
          "name":"plain",
          "alias":"朴素按钮",
          "type":"Boolean",
          "default":false,
          "visible": false
        },
        {
          "name":"round",
          "alias":"圆角按钮",
          "type":"Boolean",
          "default":false,
          "visible": false
        },
        {
          "name":"circle",
          "alias":"圆形按钮",
          "type":"Boolean",
          "default":false,
          "visible": false
        },
        {
          "name":"loading",
          "alias":"加载中状态",
          "type":"Boolean",
          "default":false
        },
        {
          "name":"disabled",
          "alias":"禁用状态",
          "type":"Boolean",
          "default":false,
          "linkable": true
        },
        {
          "name":"icon",
          "alias":"图标类名",
          "type":"String",
          "default":"",
          "editor":"icon"
        }
      ]
    },
    {
      "name":"badge",
      "alias":"标记",
      "attributes":[
        {
          "name":"showBadge",
          "alias":"启用",
          "type":"Boolean",
          "default":false,
          "visible": false
        },
        {
          "name":"badge",
          "alias":"显示标记",
          "type":"Enum(\"isText:文本\",\"isNumber:数值\", \"isDot:小圆点\")",
          "default":"",
          "changeHandler": "handleButtonBadgeChange",
          "clearable": true
        },
        {
          "name":"badgeType",
          "alias":"类型",
          "type":"Enum(\"'':默认\",\"primary:主要\",\"success:成功\", \"warning:警告\",\"danger:危险\",\"info:信息\")",
          "default":"primary",
          "visible": false
        },
        {
          "name":"isNumber",
          "alias":"显示数字",
          "type":"Boolean",
          "default":false,
          "tips": "",
          "visible": false
        },
        {
          "name":"badgeValue",
          "alias":"显示值",
          "type":"String",
          "default":"",
          "visible": false
        },
        {
          "name":"badgeNumber",
          "alias":"显示值",
          "type":"Number",
          "default": 0,
          "visible": false
        },
        {
          "name":"max",
          "alias":"最大数值",
          "type":"Number",
          "default": 0,
          "visible": false
        },
        {
          "name":"isDot",
          "alias":"显示小圆点",
          "type":"Boolean",
          "default":false,
          "tips": "",
          "visible": false
        }
      ]
    },
    {
      "name": "permission",
      "alias": "权限",
      "attributes": [
        { "name": "permissionId",
          "alias": "关联权限",
          "type": "Complex",
          "editor": "permission",
          "editorParams": { "moduleType": 2, "key": "permissionIdentifier" }
        },
        { "name": "orgId",
          "alias": "所属组织",
          "type": "Complex",
          "editor": "organization",
          "visible": false
        },
        { "name": "noPermissionType",
          "alias": "无权响应形式",
          "type": "Enum(\"hidden:隐藏\", \"disabled:禁用\")",
          "default": "hidden"
        }
      ]
    },
    {
      "name": "methods",
      "alias": "方法",
      "attributes": [
        {
          "name": "setIsDisplay",
          "alias": "设置显隐",
          "type": "Complex",
          "readonly": true,
          "attributes": [
            {
              "name": "functionName",
              "alias": "方法名称",
              "type": "String",
              "default": "setIsDisplay"
            },
            {
              "name": "description",
              "alias": "方法描述",
              "type": "String",
              "default": "设置按钮是否显示"
            },
            {
              "name": "payload",
              "alias": "参数",
              "type": "Complex[1]",
              "inputVisible": false,
              "attributes": "smartAttrs.payload",
              "default":[
                {"name": "value", "alias": "是否显示", "editor": "variable"}
              ]
            }
          ]
        },
        {
          "name": "disable",
          "alias": "禁用",
          "type": "Complex",
          "attributes": [
            {
              "name": "functionName",
              "alias": "方法名称",
              "type": "String",
              "default": "disable",
              "readonly": true
            },
            {
              "name": "description",
              "alias": "方法描述",
              "type": "String",
              "default": " 设置组件为禁用状态",
              "readonly": true
            },
            {
              "name": "payload",
              "alias": "参数",
              "type": "Complex[1]",
              "inputVisible": false,
              "attributes": "smartAttrs.payload",
              "default":[
                {"name": "value", "alias": "参数值","editor": "variable"}
              ]
            }
          ]
        },
        {
          "name": "triggerClick",
          "alias": "触发点击",
          "type": "Complex",
          "attributes": [
            {
              "name": "functionName",
              "alias": "方法名称",
              "type": "String",
              "default": "triggerClick",
              "readonly": true
            },
            {
              "name": "description",
              "alias": "方法描述",
              "type": "String",
              "default": "触发按钮点击事件",
              "readonly": true
            }
          ]
        },
        {
          "name": "showLoading",
          "alias": "显示加载状态",
          "type": "Complex",
          "attributes": [
            {
              "name": "functionName",
              "alias": "方法名称",
              "type": "String",
              "default": "showLoading",
              "readonly": true
            },
            {
              "name": "description",
              "alias": "方法描述",
              "type": "String",
              "default": "显示加载状态",
              "readonly": true
            }
          ]
        },
        {
          "name": "hideLoading",
          "alias": "隐藏加载状态",
          "type": "Complex",
          "attributes": [
            {
              "name": "functionName",
              "alias": "方法名称",
              "type": "String",
              "default": "hideLoading",
              "readonly": true
            },
            {
              "name": "description",
              "alias": "方法描述",
              "type": "String",
              "default": "隐藏加载状态",
              "readonly": true
            }
          ]
        }
      ]
    },
    {
      "name":"events",
      "alias":"事件",
      "attributes":[
        {
          "name":"click",
          "alias":"点击",
          "type":"Complex",
          "attributes": [
            {
              "name": "content",
              "alias": "事件执行内容",
              "type": "Complex[*]",
              "inputVisible": false,
              "attributes": "smartAttrs.eventContent"
            },
            {
              "name": "description",
              "alias": "事件描述",
              "type": "String",
              "default": "点击按钮触发的动作",
              "readonly": true
            }]
        }
      ]
    }
  ]
}
