{
    "name": "AppBar",
    "alias": "AppBar组件",
    "version": "1.0.1",
    "author": "吴世冬(2236)",
    "groupAlias": "移动端组件",
    "groupName": "mobile",
    "type": "vue",
    "description": "",
    "order": 5401,
    "attributes": [
        {
            "name": "appearance",
            "visible": false,
            "alias": "外观",
            "attributes": [
                {
                    "name": "font-size",
                    "visible": false
                },
                {
                    "name": "color",
                    "visible": false
                },
                {
                    "name": "font-weight",
                    "visible": false
                },
                {
                    "name": "font-style",
                    "visible": false
                },
                {
                    "name": "line-height",
                    "visible": false
                },
                {
                    "name": "text-align",
                    "visible": false
                },
                {
                    "name": "letter-spacing",
                    "visible": false
                },
                {
                    "name": "text-decoration",
                    "visible": false
                }
            ]
        },
        {
            "name": "layout",
            "alias": "布局",
            "attributes": [
                {
                    "name": "span",
                    "default": 24
                },
                {
                    "name": "height",
                    "value": "auto",
                    "default": "auto"
                },
                {
                    "name": "borderVisible",
                    "visible": false,
                    "alias": "边框显示",
                    "type": "Boolean",
                    "default": false,
                    "changeHandler":"basicChangeHandler"
                }
            ]
        },
        {
            "name": "base",
            "alias": "基础",
            "attributes": [
                {
                    "alias": "页面名",
                    "name": "title",
                    "type": "String",
                    "minlength": 0,
                    "maxlength": 10,
                    "readonly": false,
                    "default": "X页"
                },
                {
                    "alias": "左按钮",
                    "name": "leftText",
                    "type": "String",
                    "minlength": 0,
                    "maxlength": 4,
                    "readonly": false,
                    "default": "返回"
                },
                {
                    "alias": "右按钮",
                    "name": "rightText",
                    "type": "String",
                    "minlength": 0,
                    "maxlength": 4,
                    "readonly": false,
                    "default": "按钮"
                },
                {
                    "alias": "左图标",
                    "name": "leftArrow",
                    "type": "Boolean",
                    "readonly": false,
                    "default": false
                }
            ]
        },
        {
            "name": "foreach",
            "alias": "循环",
            "sort": 700,
            "visible": false,
            "attributes": []
        },
        {
            "name": "events",
            "alias": "事件",
            "attributes": [
                {
                    "name": "onClickLeft",
                    "alias": "左点击",
                    "type": "Complex",
                    "attributes": [
                        {
                            "name": "content",
                            "alias": "事件执行内容",
                            "type": "Complex[*]",
                            "inputVisible": false,
                            "attributes": "smartAttrs.eventContent"
                        },
                        {
                            "name": "description",
                            "alias": "事件描述",
                            "type": "String",
                            "default": "点击左按钮触发的动作",
                            "readonly": true
                        }
                    ]
                },
                {
                    "name": "onClickRight",
                    "alias": "右点击",
                    "type": "Complex",
                    "attributes": [
                        {
                            "name": "content",
                            "alias": "事件执行内容",
                            "type": "Complex[*]",
                            "inputVisible": false,
                            "attributes": "smartAttrs.eventContent"
                        },
                        {
                            "name": "description",
                            "alias": "事件描述",
                            "type": "String",
                            "default": "点击右按钮触发的动作",
                            "readonly": true
                        }
                    ]
                }
            ]
        },
        {
            "name": "methods",
            "alias": "方法",
            "attributes": [
                {
                    "name": "goBack",
                    "alias": "返回上一页",
                    "type": "Complex",
                    "readonly": true,
                    "visible": false,
                    "attributes": [
                        {
                            "name": "functionName",
                            "alias": "方法名称",
                            "type": "String",
                            "default": "goBack"
                        },
                        {
                            "name": "description",
                            "alias": "方法描述",
                            "type": "String",
                            "default": "返回上一页"
                        }
                    ]
                },
                {
                    "name": "show",
                    "visible": false,
                    "alias": "显示",
                    "type": "Complex",
                    "readonly": true,
                    "attributes": []
                },
                {
                    "name": "hide",
                    "visible": false,
                    "alias": "隐藏",
                    "type": "Complex",
                    "readonly": true,
                    "attributes": []
                }
            ]
        }
    ]
}
