{
  "name": "Select",
  "alias": "下拉选择",
  "version": "1.5.4",
  "author": "10002548",
  "groupAlias": "表单组件",
  "groupName": "form",
  "type": "vue",
  "order": 4002,
  "attributes": [
    {
      "name": "appearance",
      "alias": "外观",
      "visible": false
    },
    {
      "name": "base",
      "alias": "基本属性",
      "attributes": [
        {
          "name": "size",
          "alias": "尺寸",
          "type": "Enum(\"medium:正常\", \"small:较小\", \"mini:迷你\")",
          "default": "medium"
        },
        {
          "name": "_placeholder",
          "alias": "占位符",
          "type": "String",
          "default": "请选择",
          "minlength": 0,
          "maxlength": 30
        },
        {
          "name": "formatScriptNew",
          "alias": "标签格式化脚本",
          "editor": "script",
          "editorParams": {
            "args": [
              {
                "name": "data",
                "alias": "节点数据"
              }
            ]
          },
          "default": ""
        },
        {
          "name": "originKeyPrefix",
          "alias": "保留格式化前内容字段前缀",
          "tips": "change事件会返回节点集合，格式化会修改数据的值，但是也会保留格式化前的值，保存的字段key为前缀加原始字段",
          "type": "String",
          "default": "$_"
        },
        {
          "name": "disabled",
          "alias": "禁用",
          "type": "Boolean",
          "linkable": true,
          "default": false
        },
        {
          "name": "multiple",
          "alias": "多选",
          "type": "Boolean",
          "default": false,
          "tips": "如果是树形，多选代表展示复选框"
        },
        {
          "name": "collapseTags",
          "alias": "多选隐藏标签",
          "type": "Boolean",
          "default": false,
          "tips": "多选时，将选中的标签名称隐藏并且以个数的形式呈现。"
        },
        {
          "name": "clearable",
          "alias": "可清空",
          "type": "Boolean",
          "default": false
        },
        {
          "name": "filterable",
          "alias": "可搜索",
          "type": "Boolean",
          "default": false
        },
        {
          "name": "triggerDefaultChange",
          "alias": "触发初始改变",
          "type": "Boolean",
          "default": false,
          "tips": "有值回显时，可以触发选中值变化事件;暂时只有普通下拉支持此功能；"
        },
        {
          "name": "showValue",
          "alias": "值展示策略",
          "type": "Enum(\"default:默认\", \"hasOptions:有选项才展示\")",
          "default": "hasOptions",
          "tips": "仅对简单单选模式生效"
        },
        {
          "name": "isTree",
          "alias": "是否树形选择器",
          "type": "Boolean",
          "default": false,
          "tips": "如果是树形选择器，则隐藏普通下拉选择的属性。反之，如果是普通下拉选择器，则隐藏树形下拉选择器的相关配置。"
        }
      ]
    },
    {
      "name": "select",
      "alias": "普通下拉组件专属属性",
      "attributes": [
        {
          "name": "virtual",
          "alias": "虚拟滚动",
          "type": "Boolean",
          "default": false
        },
        {
          "name": "allowCreate",
          "alias": "创建新条目",
          "type": "Boolean",
          "default": false,
          "tips": "必须开启基本属性/可搜索属性才生效"
        },
        {
          "name": "bindObjectValue",
          "alias": "绑定值是对象",
          "type": "Boolean",
          "default": false
        },
        {
          "name": "labelKey",
          "alias": "标签名称",
          "type": "String",
          "default": "label"
        },
        {
          "name": "valueKey",
          "alias": "属性值",
          "type": "String",
          "default": "value"
        },
        {
          "name": "isGroup",
          "alias": "是否分组",
          "type": "Boolean",
          "default": false
        },
        {
          "name": "options",
          "alias": "分组名称",
          "type": "String",
          "default": "options"
        },
        {
          "name": "defaultFirstOption",
          "alias": "搜索状态回车",
          "type": "Boolean",
          "default": false,
          "tips": "当输入搜索词，返回搜索结果时，按下回车可选中第一个，只适用于单选情况"
        },
        {
          "name": "noMatchText",
          "alias": "搜索无匹配提示",
          "type": "String",
          "visible": false,
          "default": ""
        },
        {
          "name": "noDataText",
          "alias": "选项为空提示",
          "type": "String",
          "default": "无数据"
        },
        {
          "name": "reserveKeyword",
          "alias": "多选搜索保留搜索词",
          "type": "Boolean",
          "default": false
        },
        {
          "name": "multipleLimit",
          "alias": "多选数量限制",
          "type": "Number",
          "default": 0,
          "min": 0,
          "max": 1000,
          "tips": "0代表不做限制"
        },
        {
          "name": "selectDisabledRule",
          "alias": "节点禁用规则",
          "type": "String",
          "default": "",
          "tips": "格式：例如item.字段名 === 5"
        },
        {
          "name": "defaultFirstChosen",
          "alias": "默认选中第一项",
          "type": "Boolean",
          "default": false,
          "tips": "仅支持不分组状态下的普通下拉。 tips: 在编辑器页面中，如果需要手动指定一个非第一项的绑定值，那么必须去掉此项的勾选，否则设置绑定值无效。"
        }
      ]
    },
    {
      "name": "treeSelect",
      "alias": "下拉树专属属性",
      "attributes": [
        {
          "name": "shape",
          "alias": "展示形态",
          "type": "Enum(\"normalTreeSelect:常见(默认)\",\"pathTreeSelect:路径拼接\", \"cascaderTreeSelect:级联选择器\")",
          "default": "normalTreeSelect",
          "tips": "路径拼接代表用分隔符的形式将树的层级结构拼接成平级形状。比如：中国/江苏/南京 "
        },
        {
          "name": "virtualTree",
          "alias": "虚拟滚动",
          "type": "Boolean",
          "default": false
        },
        {
          "name": "label",
          "alias": "标签名称",
          "type": "String",
          "default": "label",
          "tips": "即最终展示的每个节点的名称/标题"
        },
        {
          "name": "children",
          "alias": "子节点名称",
          "type": "String",
          "default": "children",
          "tips": "当数据结构为树结构时，必须定义子节点的字段名称。程序才能找到子节点。子节点名称不应与标签名称相同"
        },
        {
          "name": "pid",
          "alias": "父子节点关联关系",
          "type": "String",
          "default": "pid",
          "tips": "当数据结构是平行结构时，必须定义此字段名称。程序才能根据此字段生成树的数据结构。平行结构时不需要定义。"
        },
        {
          "name": "nodeKey",
          "alias": "节点唯一标识",
          "type": "String",
          "default": "id"
        },
        {
          "name": "showAllLevels",
          "alias": "显示全路径",
          "type": "Boolean",
          "default": true,
          "tips": "可以仅在输入框中显示选中项最后一级的标签，而不是选中项所在的完整路径"
        },
        {
          "name": "checkStrictly",
          "alias": "取消节点关联",
          "type": "Boolean",
          "default": false,
          "tips": "可让父子节点取消关联，选择任意一级选项"
        },
        {
          "name": "expandTrigger",
          "alias": "次级菜单的展开方式",
          "type": "Enum(\"click:点击(默认)\",\"hover:悬停\")",
          "default": "click",
          "tips": "两种触发子菜单的方式"
        },
        {
          "name": "disabledRule",
          "alias": "节点禁用规则",
          "type": "String",
          "default": "",
          "tips": "格式：推荐带上node.，例如node.label === 1; 如有涉及全局变量，请用page.全局变量名，例如 page.formData.id === node.id; 注意，也支持单独使用节点属性名称，单独使用节点属性名时，后面不可跟链式语法，例如不支持：label.indexOf, label.contains等"
        },
        {
          "name": "disableDescendents",
          "alias": "禁用后代节点",
          "type": "Boolean",
          "default": false,
          "tips": "如果某个节点被禁用，是否一起禁用该节点的后代节点"
        },
        {
          "name": "separator",
          "alias": "选项分隔符",
          "type": "String",
          "default": "/"
        },
        {
          "name": "defaultExpandAll",
          "alias": "树结构默认展开",
          "type": "Boolean",
          "default": false,
          "tips": "默认展开所有树节点；不适用于级联选择形态"
        },
        {
          "name": "defaultExpandedKeys",
          "alias": "默认展开的节点的 key 的数组",
          "type": "String",
          "default": "",
          "tips": "非懒加载且单选形态下生效。配置数组格式[],存储需要默认展开的节点id。注：不适用于级联选择形态"
        },
        {
          "name": "indent",
          "alias": "树结构缩进",
          "type": "Number",
          "default": 16,
          "min": 0,
          "max": 1000,
          "tips": "不适用于级联选择形态"
        }
      ]
    },
    {
      "name": "icon",
      "alias": "图标",
      "attributes": [
        {
          "name": "showIcon",
          "alias": "展示图标",
          "type": "Boolean",
          "default": true,
          "tips": "只适用于树数据结构"
        },
        {
          "name": "iconFieldName",
          "alias": "图标字段名称",
          "type": "String",
          "default": "iconClass",
          "tips": "数据源中对应的图标字段名称"
        },
        {
          "name": "defaultIcon",
          "alias": "默认图标",
          "type": "String",
          "editor": "icon",
          "default": "icon-form",
          "tips": "批量设置全部默认图标颜色。注意：如果设置了按照自定义字段分组或者给定图标字段名称设置图标，那么没有匹配到的节点，将被设置默认图标。"
        },
        {
          "name": "defaultIconColor",
          "alias": "默认图标颜色",
          "type": "String",
          "editor": "color",
          "default": "",
          "tips": "批量设置全部默认图标颜色。注意：如果设置了按照自定义字段分组或者给定图标字段名称设置图标，那么没有匹配到的节点，将被设置默认图标颜色。"
        },
        {
          "name": "isGroupBy",
          "alias": "分组展示图标",
          "type": "Boolean",
          "default": false,
          "tips": "是否分组展示图标。可以按照分组类型，批量设置图标。目前仅支持两种分组方式：按照叶子节点分组，或者按照自定义字段值分组"
        },
        {
          "name": "groupByType",
          "type": "Enum(\"isLeaf:按照是否叶子节点分组\", \"filedValue:按照自定义字段分组\")",
          "alias": "分组类型",
          "default": "isLeaf"
        },
        {
          "name": "leafIcon",
          "type": "String",
          "alias": "叶子节点图标",
          "editor": "icon",
          "default": "icon-form"
        },
        {
          "name": "leafIconColor",
          "alias": "叶子节点图标颜色",
          "type": "String",
          "editor": "color",
          "default": "",
          "tips": "批量设置全部叶子节点图标颜色"
        },
        {
          "name": "NotLeafIcon",
          "type": "String",
          "alias": "非叶子节点图标",
          "editor": "icon",
          "default": "el-icon-folder"
        },
        {
          "name": "NotLeafIconColor",
          "alias": "非叶子节点图标颜色",
          "type": "String",
          "editor": "color",
          "default": "",
          "tips": "批量设置全部非叶子节点图标颜色"
        },
        {
          "name": "fieldName",
          "type": "String",
          "alias": "自定义字段名",
          "default": "",
          "tips": "当选择按照自定义字段值来进行图标分组时，必须定义该自定名"
        },
        {
          "name": "fieldItems",
          "type": "Complex[10]",
          "alias": "自定义字段值",
          "inputVisible": false,
          "attributes": [
            {
              "name": "fieldValue",
              "type": "String",
              "titleVisible": true,
              "alias": "字段值",
              "default": ""
            },
            {
              "name": "icon",
              "type": "String",
              "alias": "图标",
              "editor": "icon",
              "default": "icon-form"
            },
            {
              "name": "fieldIconColor",
              "alias": "图标颜色",
              "type": "String",
              "editor": "color",
              "default": "",
              "tips": "批量设置全部该字段值对应的图标颜色"
            }
          ]
        }
      ]
    },
    {
      "name": "lazy",
      "alias": "懒加载",
      "visible": false,
      "attributes": [
        {
          "name": "lazy",
          "alias": "开启",
          "type": "Boolean",
          "default": false,
          "tips": "懒加载请求，指的是请求第二层及以后的数据资源，目前只适用于树形结构"
        },
        {
          "name": "resource",
          "alias": "关联配置",
          "type": "Complex[*]",
          "linkable": true,
          "changeHandler": "changeLazyHandler"
        },
        {
          "name": "parentIdName",
          "alias": "请求参数名",
          "type": "String",
          "default": "parentId",
          "tips": "发起懒加载请求时，一定会带上父节点的值，即parentId。此处的请求参数名，对应着url中 parentID=${xxxx}的xxxx部分。 比如请求地址是：https://abc.com/api?parentId=${model.parentId}, 那么此处应该配置model.parentId"
        }
      ]
    },
    {
      "name": "rootNode",
      "alias": "根节点",
      "attributes": [
        {
          "name": "hasRoot",
          "alias": "带根节点",
          "type": "Boolean",
          "default": true,
          "tips": "只适用于树数据结构"
        },
        {
          "name": "rootId",
          "alias": "根节点ID值",
          "type": "String",
          "default": "0"
        },
        {
          "name": "rootLabel",
          "alias": "根节点标签名称",
          "type": "String",
          "default": "/"
        }
      ]
    },
    {
      "name": "dataSource",
      "alias": "数据",
      "attributes": [
        {
          "name": "value",
          "alias": "绑定值",
          "type": "String",
          "default": "",
          "linkable": true,
          "tips": "代表默认选中的值；单选时为一个值，比如 Beijing; 多选时值应为数组形式，例如['Beijing', 'Shanghai']"
        },
        {
          "alias": "绑定值数据校验",
          "name": "dataValidation",
          "type": "Complex[*]",
          "inputVisible": false,
          "attributes": "smartAttrs.validation"
        },
        {
          "name": "data",
          "alias": "数据选项",
          "type": "Complex[*]",
          "editor": "code",
          "linkable": true,
          "dataLinkMountedHandler": "dataLinkMounted",
          "default": "[{\n          \"id\": 1,\n          \"label\": \"一级 1\",\n          \"children\": [{\n            \"id\": 4,\n            \"label\": \"二级 1-1\",\n            \"children\": [{\n              \"id\": 9,\n              \"label\": \"三级 1-1-1\"\n            }, {\n              \"id\": 10,\n              \"label\": \"三级 1-1-2\"\n            }]\n          }]\n        }, {\n          \"id\": 2,\n          \"label\": \"一级 2\",\n          \"children\": [{\n            \"id\": 5,\n            \"label\": \"二级 2-1\"\n          }, {\n            \"id\": 6,\n            \"label\": \"二级 2-2\"\n          }]\n        }, {\n          \"id\": 3,\n          \"label\": \"一级 3\",\n          \"children\": [{\n            \"id\": 7,\n            \"label\": \"二级 3-1\"\n          }, {\n            \"id\": 8,\n            \"label\": \"二级 3-2\"\n          }]\n        }]"
        }
      ]
    },
    {
      "name": "events",
      "alias": "事件",
      "attributes": [
        {
          "name": "change",
          "alias": "选中值变化",
          "type": "Complex",
          "attributes": [
            {
              "name": "content",
              "alias": "执行内容",
              "type": "Complex[*]",
              "inputVisible": false,
              "attributes": "smartAttrs.eventContent"
            },
            {
              "name": "description",
              "alias": "事件描述",
              "type": "String",
              "readonly": true,
              "default": "当某个节点被点击时会触发该事件"
            },
            {
              "name": "payload",
              "alias": "参数",
              "type": "Complex[1]",
              "readonly": true,
              "inputVisible": false,
              "attributes": "smartAttrs.payload",
              "default": [
                {
                  "name": "value",
                  "alias": "输入框值"
                },
                {
                  "name": "node",
                  "alias": "节点对象信息"
                }
              ]
            }
          ]
        },
        {
          "name": "removeTag",
          "alias": "多选移除tag",
          "type": "Complex",
          "attributes": [
            {
              "name": "content",
              "alias": "执行内容",
              "type": "Complex[*]",
              "inputVisible": false,
              "attributes": "smartAttrs.eventContent"
            },
            {
              "name": "description",
              "alias": "事件描述",
              "type": "String",
              "readonly": true,
              "default": "在多选模式下，移除Tag时触发"
            },
            {
              "name": "payload",
              "alias": "参数",
              "type": "Complex[1]",
              "readonly": true,
              "inputVisible": false,
              "attributes": "smartAttrs.payload",
              "default": [
                {
                  "name": "tag",
                  "alias": "移除的Tag对应的节点的值"
                }
              ]
            }
          ]
        },
        {
          "name": "eClear",
          "alias": "清空",
          "type": "Complex",
          "attributes": [
            {
              "name": "content",
              "alias": "执行内容",
              "type": "Complex[*]",
              "inputVisible": false,
              "attributes": "smartAttrs.eventContent"
            },
            {
              "name": "description",
              "alias": "事件描述",
              "type": "String",
              "readonly": true,
              "default": "用户点击清空按钮时触发"
            }
          ]
        },
        {
          "name": "dataTransform",
          "alias": "转换数据选项",
          "type": "Complex",
          "attributes": [
            {
              "name": "content",
              "alias": "执行内容",
              "type": "Complex[*]",
              "inputVisible": false,
              "attributes": "smartAttrs.eventContent"
            },
            {
              "name": "description",
              "alias": "事件描述",
              "type": "String",
              "readonly": true,
              "default": "当数据获取到时，立刻执行转换数据选项"
            },
            {
              "name": "payload",
              "alias": "参数",
              "type": "Complex[1]",
              "readonly": true,
              "inputVisible": false,
              "attributes": "smartAttrs.payload",
              "default": [
                {
                  "name": "data",
                  "alias": "数据选项"
                },
                {
                  "name": "component",
                  "alias": "组件实例"
                }
              ]
            }
          ]
        }
      ]
    },
    {
      "name": "methods",
      "alias": "方法",
      "attributes": [
        {
          "name": "getValue",
          "alias": "获取当前值",
          "type": "Complex",
          "returnValue": true,
          "readonly": true,
          "attributes": [
            {
              "name": "functionName",
              "alias": "方法名称",
              "type": "String",
              "default": "getValue"
            },
            {
              "name": "description",
              "alias": "方法描述",
              "type": "String",
              "default": "获取当前值"
            }
          ]
        },
        {
          "name": "setValue",
          "alias": "设置值",
          "type": "Complex",
          "readonly": true,
          "attributes": [
            {
              "name": "functionName",
              "alias": "方法名称",
              "type": "String",
              "default": "setValue"
            },
            {
              "name": "description",
              "alias": "方法描述",
              "type": "String",
              "default": "设置文本框数据"
            },
            {
              "name": "payload",
              "alias": "参数",
              "type": "Complex[1]",
              "inputVisible": false,
              "attributes": "smartAttrs.payload",
              "default": [
                {
                  "name": "value",
                  "alias": "绑定值",
                  "editor": "variable"
                }
              ]
            }
          ]
        },
        {
          "name": "clear",
          "alias": "清空选择",
          "type": "Complex",
          "attributes": [
            {
              "name": "functionName",
              "alias": "方法名称",
              "type": "String",
              "default": "clear",
              "readonly": true
            },
            {
              "name": "description",
              "alias": "方法描述",
              "type": "String",
              "default": " 清空已选择的选项",
              "readonly": true
            }
          ]
        },
        {
          "name": "disable",
          "alias": "禁用",
          "type": "Complex",
          "attributes": [
            {
              "name": "functionName",
              "alias": "方法名称",
              "type": "String",
              "default": "disable",
              "readonly": true
            },
            {
              "name": "description",
              "alias": "方法描述",
              "type": "String",
              "default": " 设置组件为禁用状态",
              "readonly": true
            },
            {
              "name": "payload",
              "alias": "参数",
              "type": "Complex[1]",
              "inputVisible": false,
              "attributes": "smartAttrs.payload",
              "default": [
                {
                  "name": "value",
                  "alias": "参数值",
                  "editor": "variable"
                }
              ]
            }
          ]
        },
        {
          "name": "refresh",
          "alias": "刷新数据",
          "type": "Complex",
          "readonly": true,
          "attributes": [
            {
              "name": "functionName",
              "alias": "方法名称",
              "type": "String",
              "default": "refresh"
            },
            {
              "name": "description",
              "alias": "方法描述",
              "type": "String",
              "default": "刷新数据"
            }
          ]
        },
        {
          "name": "getCheckedNodes",
          "alias": "下拉树多选模式，返回被选中的节点所组成的数组",
          "type": "Complex",
          "readonly": true,
          "returnValue": true,
          "attributes": [
            {
              "name": "functionName",
              "alias": "方法名称",
              "type": "String",
              "default": "getCheckedNodes"
            },
            {
              "name": "description",
              "alias": "方法描述",
              "type": "String",
              "default": "多选，返回被选中的节点所组成的数组"
            },
            {
              "name": "output",
              "alias": "返回值",
              "type": "Complex",
              "description": "返回被选中的节点所组成的数组"
            }
          ]
        },
        {
          "name": "setSelectOptions",
          "alias": "二维数组转换为下拉组件的数据",
          "type": "Complex",
          "readonly": true,
          "attributes": [
            {
              "name": "functionName",
              "alias": "方法名称",
              "type": "String",
              "default": "setSelectOptions"
            },
            {
              "name": "description",
              "alias": "方法描述",
              "type": "String",
              "default": "接收二维数组，转换为下拉拉数据进行渲染; 如果是下拉树，组件将自动将二维数组转换树结构呈现"
            },
            {
              "name": "payload",
              "alias": "参数",
              "type": "Complex[1]",
              "inputVisible": false,
              "attributes": "smartAttrs.payload",
              "default": [
                {
                  "name": "list",
                  "alias": "二维数组",
                  "editor": "variable"
                }
              ]
            }
          ]
        },
        {
          "name": "getTreeNode",
          "alias": "获取普通下拉树节点对象",
          "type": "Complex",
          "readonly": true,
          "returnValue": true,
          "attributes": [
            {
              "name": "functionName",
              "alias": "方法名称",
              "type": "String",
              "default": "getTreeNode"
            },
            {
              "name": "description",
              "alias": "方法描述",
              "type": "String",
              "default": "暂时只支持普通下拉树形态"
            },
            {
              "name": "payload",
              "alias": "参数",
              "type": "Complex[1]",
              "inputVisible": false,
              "attributes": "smartAttrs.payload",
              "default": [
                {
                  "name": "nodeId",
                  "alias": "节点id",
                  "editor": "variable"
                }
              ]
            },
            {
              "name": "output",
              "alias": "返回值",
              "type": "Complex",
              "description": "获取普通下拉树节点对象"
            }
          ]
        }
      ]
    }
  ]
}