{
  "name": "BpmButton",
  "alias": "流程工具栏",
  "version": "1.0.11",
  "author": "10002548",
  "groupAlias": "专业组件",
  "groupName": "specialty",
  "type": "vue",
  "active": true,
  "order": 4003,
  "attributes": [
    {
      "name": "appearance",
      "alias": "外观",
      "visible": false
    },
    {
      "name": "foreach",
      "alias": "循环",
      "sort": 700,
      "visible": false
    },
    {
      "name": "layout",
      "alias": "布局",
      "attributes": [
        { "name": "span", "alias": "栅格数量", "type": "Number", "default": 3 },
        { "name": "height", "visible": false }
      ]
    },
    {
      "name": "business",
      "alias": "基础业务属性",
      "attributes": [
        {
          "name": "modelKey",
          "type": "String",
          "alias": "流程模型ID",
          "default": "",
          "tips": "必填。在流程引擎中设计模型以后，会生成流程模型ID"
        },
        {
          "name": "objectType",
          "type": "String",
          "alias": "对象模型标识",
          "default": "",
          "tips": "建模服务中该表单业务数据对象标识符。"
        },
        {
          "name": "formStr",
          "type": "String",
          "alias": "表单数据变量名",
          "default": "formData",
          "tips": "字符串类型。程序将自动根据该变量名去寻找对应到全局变量的值。用于自动收集用户填写的表单数据。如果批量提交，值类型为数组对象"
        },
        {
          "name": "taskIdStr",
          "type": "String",
          "alias": "任务ID变量名",
          "default": "taskId",
          "tips": "字符串类型。当办理任务时，会从任务列表带入任务ID。如果批量提交，值类型为字符串组成的数组。"
        },
        {
          "name": "opinionStr",
          "type": "String",
          "alias": "审批意见组件名",
          "default": "opinion",
          "tips": "字符串类型，注意填写的是组件名称，而不是全局变量名称"
        },
        {
          "name": "newActivityIdStr",
          "type": "String",
          "alias": "退回节点ID组件名",
          "default": "newActivityId",
          "tips": "字符串类型。仅当处理退回时需要。注意填写的是组件名称，而不是全局变量名称"
        },
        {
          "name": "newUserIdStr",
          "type": "String",
          "alias": "处理人ID组件名",
          "default": "newUserId",
          "tips": "字符串类型。退回时为退回处理人ID，转办时为转办处理人ID。转办时为必须。注意填写的是组件名称，而不是全局变量名称"
        },
        {
          "name": "agreeStr",
          "type": "String",
          "alias": "会签意见组件名",
          "default": "agree",
          "tips": "字符串类型。仅当会签节点时使用；注意填写的是组件名称，而不是全局变量名称"
        }
      ]
    },
    {
      "name": "buttons",
      "alias": "流程工具栏",
      "expandable": true,
      "attributes": [
        {
          "name": "buttons",
          "type": "Complex[*]",
          "alias": "按钮组",
          "inputVisible": false,
          "attributes": [
            {
              "name": "bType",
              "type": "Enum(\"saveDraft:保存草稿\", \"saveAndSubmit:发起\",\"complete:办理任务\", \"transfer:转办任务\", \"change:退回任务\",\"reject:终止任务\",\"circularize:传阅\",\"batchSubmit:批量提交\",\"batchComplete:批量办理\")",
              "alias": "业务类型",
              "default": "saveAndSubmit",
              "titleVisible": true
            },
            {
              "name": "text",
              "type": "String",
              "alias": "定制文字",
              "default": "",
              "tips": "如不单独定制文字，则将根据业务类型取对应的预设按钮文字。"
            },
            {
              "name": "executeDefault",
              "type": "Boolean",
              "alias": "默认执行业务",
              "default": true,
              "tips": "开启后，将自动根据业务类型调用相关api并传参数。关闭后，只执行用户自定义点击事件"
            },
            {
              "name": "size",
              "type": "Enum(\"medium:正常\", \"small:较小\", \"mini:迷你\")",
              "alias": "尺寸",
              "default": "medium"
            },
            {
              "name": "type",
              "type": "Enum(\"primary:主要按钮\", \"success:成功按钮\", \"warning:警告按钮\",\"danger:危险按钮\",\"info:信息按钮\",\"text:文字按钮\")",
              "alias": "类型",
              "default": "primary"
            },
            {
              "name": "plain",
              "type": "Boolean",
              "alias": "朴素按钮",
              "default": false
            },
            {
              "name": "round",
              "type": "Boolean",
              "alias": "圆角按钮",
              "default": false
            },
            {
              "name": "loading",
              "type": "Boolean",
              "alias": "加载中状态",
              "default": false
            },
            {
              "name": "disabled",
              "type": "Boolean",
              "alias": "禁用",
              "default": false
            },
            {
              "name": "icon",
              "alias": "图标",
              "type": "String",
              "editor": "icon",
              "default": "",
              "tips": ""
            },
            {
              "name": "click",
              "alias": "点击事件",
              "type": "Complex",
              "attributes": [
                {
                  "name": "content",
                  "alias": "执行内容",
                  "type": "Complex[*]",
                  "inputVisible": false,
                  "attributes": "smartAttrs.eventContent"
                }
              ]
            },
            {
              "name": "successCallBack",
              "alias": "业务执行成功回调",
              "type": "Complex",
              "attributes": [
                {
                  "name": "content",
                  "alias": "执行内容",
                  "type": "Complex[*]",
                  "inputVisible": false,
                  "attributes": "smartAttrs.eventContent"
                }
              ]
            },
            {
              "name": "failureCallBack",
              "alias": "业务执行失败回调",
              "type": "Complex",
              "attributes": [
                {
                  "name": "content",
                  "alias": "执行内容",
                  "type": "Complex[*]",
                  "inputVisible": false,
                  "attributes": "smartAttrs.eventContent"
                }
              ]
            }
          ]
        }
      ]
    }
  ]
}
