{
  "name": "ChartLines",
  "alias": "路径图",
  "version": "1.4.0",
  "author": "10002236wsd/10005881zx",
  "groupName": "chart",
  "groupAlias": "图表",
  "description": "",
  "type": "vue",
  "order": 3009,
  "attributes": [
    {
      "name": "appearance",
      "alias": "外观",
      "attributes": "smartAttrs.chartAppearance"
    },
    {
      "name": "layout",
      "alias": "布局",
      "expandable": true,
      "attributes": "smartAttrs.chartLayout"
    },
    {
      "name": "title",
      "alias": "标题",
      "expandable": true,
      "attributes": "smartAttrs.chartTitle"
    },
    {
      "name": "geoConfig",
      "alias": "地图json文件",
      "expandable": true,
      "attributes": [
        {
          "name": "geoConfig",
          "alias": "地图json配置",
          "type": "Complex",
          "attributes": [
            {
              "name": "geoConfig.name",
              "alias": "地图英文名称",
              "type": "String",
              "default": "ChartLines",
              "visible": false
            },
            {
              "name": "geoConfig.url",
              "alias": "json的url地址",
              "type": "String",
              "default": "https://dev.iotdataserver.net/map/HK.json"
            }
          ]
        }
      ]
    },
    {
      "name": "geo",
      "alias": "地理轴分组",
      "expandable": true,
      "attributes": [
        {
          "name": "geo",
          "alias": "地理轴",
          "type": "Complex[*]",
          "inputVisible": false,
          "attributes": [
            {
              "name": "geo.show",
              "alias": "地理轴.显示",
              "type": "Boolean",
              "default": true
            },
            {
              "name": "geo.map",
              "alias": "地理轴.地图名称",
              "type": "String",
              "default": "ChartLines",
              "visible": false
            },
            {
              "name": "geo.roam",
              "alias": "地理轴.缩放漫游",
              "type": "Boolean",
              "default": true
            },
            {
              "name": "geo.center",
              "alias": "地理轴.视角中心点",
              "type": "Number[2]",
              "default": null,
              "primitiveLabels": ["经度", "纬度"],
              "precision": 6
            },
            {
              "name": "geo.aspectScale",
              "alias": "地理轴.长宽比",
              "type": "Number",
              "default": 0.75,
              "precision": 2,
              "min": 0
            },
            {
              "name": "geo.boundingCoords",
              "alias": "地理轴.左右经纬度",
              "type": "Complex[*]",
              "editor": "code",
              "default": null,
              "clearable": true
            },
            {
              "name": "geo.zoom",
              "alias": "地理轴.默认缩放比例",
              "type": "Number",
              "default": 1,
              "precision": 1,
              "tips": "该缩放比例需要介于滚轮缩放的最大最小值之间",
              "min": 0
            },
            {
              "name": "geo.scaleLimit.min",
              "alias": "地理轴.滚轮缩放.最小值",
              "type": "Number",
              "default": 1,
              "min": 1,
              "precision": 1,
              "tips": "滚轮缩放的最大值需要大于最小值"
            },
            {
              "name": "geo.scaleLimit.max",
              "alias": "地理轴.滚轮缩放.最大值",
              "type": "Number",
              "default": 1,
              "min": 0.1,
              "precision": 1,
              "tips": "滚轮缩放的最大值需要大于最小值"
            },
            {
              "name": "geo.nameMap",
              "alias": "地理轴.名称映射",
              "type": "Complex(*)",
              "default": {
                "Central and Western": "中西区",
                "Eastern": "东区",
                "Islands": "离岛",
                "Kowloon City": "九龙城",
                "Kwai Tsing": "葵青",
                "Kwun Tong": "观塘",
                "North": "北区",
                "Sai Kung": "西贡",
                "Sha Tin": "沙田",
                "Sham Shui Po": "深水埗",
                "Southern": "南区",
                "Tai Po": "大埔",
                "Tsuen Wan": "荃湾",
                "Tuen Mun": "屯门",
                "Wan Chai": "湾仔",
                "Wong Tai Sin": "黄大仙",
                "Yau Tsim Mong": "油尖旺",
                "Yuen Long": "元朗"
              },
              "editor": "code"
            },
            {
              "name": "geo.nameProperty",
              "alias": "地理轴.关联名称",
              "type": "String",
              "default": "name"
            },
            {
              "name": "geo.label.show",
              "alias": "地理轴.标签.显示",
              "type": "Boolean",
              "default": true
            },
            {
              "name": "geo.label.rotate",
              "alias": "地理轴.标签.标签旋转",
              "type": "Number",
              "default": 0,
              "min": -90,
              "max": 90
            },
            {
              "name": "geo.label.offset",
              "alias": "地理轴.标签.文字偏移",
              "type": "Number[2]",
              "default": [0, 0],
              "primitiveLabels": ["横向", "纵向"],
              "rules": [{
                "pattern": "/^[0-9]+.?[0-9]*$/",
                "message": "请输入数值"
              }]
            },
            {
              "name": "geo.label.formatter",
              "alias": "地理轴.标签.格式器",
              "type": "String",
              "default": "{a}",
              "visible": false
            },
            {
              "name": "geo.label.color",
              "alias": "地理轴.标签.颜色",
              "type": "String",
              "editor": "color",
              "default": "#000"
            },
            {
              "name": "geo.label.fontSize",
              "alias": "地理轴.标签.字号",
              "type": "Number",
              "default": 12,
              "min": 8
            },
            {
              "name": "geo.label.backgroundColor",
              "alias": "地理轴.标签.底色",
              "type": "String",
              "editor": "color",
              "default": ""
            },
            {
              "name": "geo.label.width",
              "alias": "地理轴.标签.宽度",
              "type": "Number",
              "default": 100,
              "min": 0
            },
            {
              "name": "geo.label.height",
              "alias": "地理轴.标签.高度",
              "type": "Number",
              "default": 20,
              "min": 0
            },
            {
              "name": "geo.label.overflow",
              "alias": "地理轴.标签.超出宽度",
              "type": "Enum(\"truncate:截断\",\"break:换行\")",
              "default": "truncate"
            },
            {
              "name": "geo.itemStyle.color",
              "alias": "地理轴.地图区域.图形颜色",
              "type": "String",
              "editor": "color",
              "default": "rgba(169, 184, 8, 0.5)"
            },
            {
              "name": "geo.emphasis.itemStyle.areaColor",
              "alias": "地理轴.地图区域.高亮区域背景色",
              "type": "String",
              "editor": "color",
              "default": "rgba(241,213,84, 0.8)"
            },
            {
              "name": "geo.itemStyle.borderColor",
              "alias": "地理轴.地图区域.描边颜色",
              "type": "String",
              "editor": "color",
              "default": "#000"
            },
            {
              "name": "geo.itemStyle.borderWidth",
              "alias": "地理轴.地图区域.描边宽度",
              "type": "Number",
              "default": 0,
              "min": 0
            },
            {
              "name": "geo.itemStyle.borderType",
              "alias": "地理轴.地图区域.描边类型",
              "type": "Enum(\"solid:实线\",\"dashed:虚线\",\"dotted:点线\")",
              "default": "solid"
            },
            {
              "name": "geo.itemStyle.opacity",
              "alias": "地理轴.地图区域.图形透明度",
              "type": "Number",
              "default": 1,
              "min": 0,
              "max": 1,
              "precision": 2,
              "step": 0.1
            },
            {
              "name": "geo.emphasis.focus",
              "alias": "地理轴.高亮样式.淡出聚焦",
              "type": "Enum(\"none\",\"self\")",
              "default": "none"
            },
            {
              "name": "geo.emphasis.label.show",
              "alias": "地理轴.高亮.标签.显示",
              "type": "Boolean",
              "default": false
            },
            {
              "name": "geo.z",
              "alias": "地理轴.图形层级",
              "type": "Number",
              "default": 2
            },
            {
              "name": "geo.left",
              "alias": "地理轴.左间距",
              "type": "String",
              "default": "center",
              "tips": "允许六种值：1.自动:auto；2.靠左:left；3.靠右:right；4.居中:center；5.数字+px:300px；6.百分比:50%",
              "rules": [{
                "pattern": "/^(__quote:percentage__|([1-9]?[0-9]{0,3}px)|(left)|(right)|(center)|(auto))$/",
                "message": "请输入正整数或百分比或字符串"
              }]
            },
            {
              "name": "geo.top",
              "alias": "地理轴.上间距",
              "type": "String",
              "default": "middle",
              "tips": "允许六种值：1.自动:auto；2.靠上:top；3.靠下:bottom；4.居中:middle；5.数字+px:300px；6.百分比:50%",
              "rules": [{
                "pattern": "/^(__quote:percentage__|([1-9]?[0-9]{0,3}px)|(top)|(middle)|(bottom)|(auto))$/",
                "message": "请输入正整数或百分比或字符串"
              }]
            },
            {
              "name": "geo.layoutCenter",
              "alias": "地理轴.地图中心",
              "type": "String[2]",
              "default": null,
              "primitiveLabels": ["横向", "纵向"],
              "tips": "请输入数值百分比。设置此项之后，上下左右间距的设置将失效"
            },
            {
              "name": "geo.layoutSize",
              "alias": "地理轴.地图大小",
              "type": "Number",
              "default": 500,
              "min": 0
            },
            {
              "name": "geo.regions",
              "alias": "地理轴.区域配置",
              "type": "Complex[*]",
              "editor": "code",
              "default": [{
                "name": "沙田",
                "itemStyle": {
                  "areaColor": "lightskyblue",
                  "color": "lightskyblue"
                }
              }]
            }
          ]
        }
      ]
    },
    {
      "name": "series",
      "alias": "系列分组",
      "expandable": true,
      "attributes": [
        {
          "name": "series",
          "alias": "系列",
          "type": "Complex[*]",
          "inputVisible": false,
          "attributes": [
            {
              "name": "series.type",
              "alias": "系列.类型",
              "type": "Enum(\"lines:路径图\")",
              "readonly": true,
              "default": "lines",
              "visible": false
            },
            {
              "name": "series.name",
              "alias": "系列.系列名称",
              "type": "String",
              "minlength": 0,
              "maxlength": 20,
              "default": "图例名"
            },
            {
              "name": "series.coordinateSystem",
              "alias": "系列.坐标系",
              "type": "Enum(\"geo:地理坐标系\")",
              "default": "geo",
              "visible": false
            },
            {
              "name": "series.geoIndex",
              "alias": "系列.关联地理轴索引",
              "type": "Number",
              "default": 0,
              "tips": "请输入整数索引，下标从0开始",
              "rules": [{
                "pattern": "/^(([1-9]?[0-9]{0,3})|(off))$/",
                "message": "请输入整数索引，下标从0开始"
              }],
              "min": 0
            },
            {
              "name": "series.emphasis.label.show",
              "alias": "系列.高亮.标签.显示",
              "type": "Boolean",
              "default": false,
              "visible": false
            },
            {
              "name": "series.emphasis.label.formatter",
              "alias": "系列.高亮.标签.格式器",
              "type": "String[*]",
              "default": [],
              "visible": false
            },
            {
              "name": "series.polyline",
              "alias": "系列.线条.多线段",
              "type": "Boolean",
              "default": true
            },
            {
              "name": "series.originData",
              "alias": "系列.线条.数据",
              "type": "Complex[*]",
              "editor": "code",
              "default": [
                [114.113747, 22.285694],
                [114.19825, 22.258787],
                [113.924026, 22.157084],
                [114.179657, 22.349068],
                [114.100418, 22.364027],
                [114.223022, 22.33391],
                [114.28653, 22.521252],
                [114.345695, 22.255695],
                [114.232086, 22.428194],
                [114.17292, 22.34696],
                [114.18486, 22.217638],
                [114.222641, 22.440695],
                [114.045692, 22.347084],
                [113.965973, 22.334305],
                [114.166977, 22.281528],
                [114.221336, 22.359592],
                [114.174187, 22.327173],
                [114.084511, 22.519991]
              ],
              "linkable": true,
              "customGroupName": "linkable"
            },
            {
              "name": "series.lineStyle.color",
              "alias": "系列.线条.颜色",
              "type": "String",
              "default": "#c46e54",
              "editor": "color"
            },
            {
              "name": "series.lineStyle.opacity",
              "alias": "系列.线条.透明度",
              "type": "Number",
              "default": 1,
              "min": 0,
              "max": 1,
              "precision": 2,
              "step": 0.1
            },
            {
              "name": "series.lineStyle.type",
              "alias": "系列.线条.样式",
              "type": "Enum(\"solid:实线\",\"dashed:虚线\",\"dotted:点线\")",
              "default": "dotted"
            },
            {
              "name": "series.lineStyle.width",
              "alias": "系列.线条.线宽",
              "type": "Number",
              "default": 2,
              "min": 0
            },
            {
              "name": "series.lineStyle.shadowBlur",
              "alias": "系列.线条.线影模糊",
              "type": "Number",
              "default": 0,
              "min": 0
            },
            {
              "name": "series.lineStyle.shadowColor",
              "alias": "系列.线条.线影颜色",
              "type": "String",
              "default": null,
              "editor": "color"
            },
            {
              "name": "series.lineStyle.shadowOffsetX",
              "alias": "系列.线条.线影偏移X",
              "type": "Number",
              "default": 0,
              "min":-99999
            },
            {
              "name": "series.lineStyle.shadowOffsetY",
              "alias": "系列.线条.线影偏移Y",
              "type": "Number",
              "default": 0,
              "min":-99999
            },
            {
              "name": "series.effect.show",
              "alias": "系列.线条.特效.显示",
              "type": "Boolean",
              "default": true
            },
            {
              "name": "series.zlevel",
              "alias": "系列.线条.特效.层级",
              "type": "Number",
              "default": 2,
              "tips": "请保持每个系列的值不一致"
            },
            {
              "name": "series.effect.period",
              "alias": "系列.线条.特效.特效时间",
              "type": "Number",
              "default": 8,
              "min": 0
            },
            {
              "name": "series.effect.color",
              "alias": "系列.线条.特效.颜色",
              "type": "String",
              "editor": "color",
              "default": "#a10000"
            },
            {
              "name": "series.effect.constantSpeed",
              "alias": "系列.线条.特效.固定速度",
              "type": "Number",
              "default": 80,
              "min": 0
            },
            {
              "name": "series.effect.trailLength",
              "alias": "系列.线条.特效.尾迹长度",
              "type": "Number",
              "default": 0,
              "max": 1,
              "precision": 2,
              "step": 0.1,
              "min": 0
            },
            {
              "name": "series.effect.symbolSize",
              "alias": "系列.线条.特效.标记的大小",
              "type": "Number[2]",
              "default": [20, 12],
              "primitiveLabels": ["宽", "高"]
            },
            {
              "name": "series.effect.symbol",
              "alias": "系列.线条.特效.图形标记",
              "type": "Enum(\"circle:圆形\",\"rect:矩形\",\"roundRect:圆角矩形\",\"triangle:三角形\",\"diamond:菱形\",\"pin:针\",\"arrow:箭头\",\"none:无\")",
              "default": "arrow"
            },
            {
              "name": "series.effect.symbolSize",
              "alias": "系列.线条.特效.标记大小",
              "type": "Number",
              "default": 10,
              "min": 0
            },
            {
              "name": "series.markPoint.data",
              "alias": "系列.标注.数据",
              "type": "Complex[*]",
              "editor": "code",
              "default": null
            },
            {
              "name": "series.markPoint.label.show",
              "alias": "系列.标注.是否显示标注的文本",
              "type": "Boolean",
              "default": true
            },
            {
              "name": "series.markPoint.label.formatter",
              "alias": "系列.标注.格式器",
              "type": "String",
              "default": "{b}",
              "visible": false
            },
            {
              "name": "series.markPoint.label.color",
              "alias": "系列.标注.文本颜色",
              "type": "String",
              "default": null,
              "editor": "color"
            },
            {
              "name": "series.markPoint.label.position",
              "alias": "系列.标注.文本位置",
              "type": "Enum(\"top:顶部\",\"left:左侧\",\"right:右侧\",\"bottom:底部\",\"inside:内部\",\"insideLeft:内部居右\",\"insideRight:内部居左\",\"insideTop:内部靠上\",\"insideBottom:内部靠下\")",
              "default": "top"
            },
            {
              "name": "series.markPoint.symbol",
              "alias": "系列.标注.样式",
              "type": "Enum(\"pin:大头针\",\"circle:圆形\",\"rect:矩形\",\"roundRect:圆角矩形\",\"triangle:三角形\",\"diamond:菱形\",\"emptyCircle:空心圆\",\"none:无\")",
              "default": "pin"
            },
            {
              "name": "series.markPoint.symbolSize",
              "alias": "系列.标注.尺寸",
              "type": "Number",
              "default": 30,
              "min": 0
            },
            {
              "name": "series.markPoint.symbolRotate",
              "alias": "系列.标注.旋转",
              "type": "Number",
              "default": 0
            },
            {
              "name": "series.markPoint.symbolOffset",
              "alias": "系列.标注.偏移",
              "type": "Number[2]",
              "default": [0, 0],
              "visible": false,
              "primitiveLabels": ["x", "y"]
            },
            {
              "name": "series.markPoint.silent",
              "alias": "系列.标注.静默",
              "type": "Boolean",
              "default": false,
              "visible": false
            },
            {
              "name": "series.markPoint.itemStyle.color",
              "alias": "系列.标注.颜色",
              "type": "String",
              "default": null,
              "editor": "color"
            },
            {
              "name": "series.markPoint.itemStyle.opacity",
              "alias": "系列.标注.透明",
              "type": "Number",
              "default": 1,
              "min": 0,
              "max": 1,
              "precision": 2,
              "step": 0.1
            },
            {
              "name": "series.markPoint.itemStyle.borderColor",
              "alias": "系列.标注.边色",
              "type": "String",
              "default": null,
              "editor": "color"
            },
            {
              "name": "series.markPoint.itemStyle.borderWidth",
              "alias": "系列.标注.边宽",
              "type": "Number",
              "default": 0,
              "min": 0
            },
            {
              "name": "series.markPoint.itemStyle.borderType",
              "alias": "系列.标注.边型",
              "type": "Enum(\"solid:实线\",\"dashed:虚线\",\"dotted:点线\")",
              "default": "solid"
            },
            {
              "name": "series.markLine.data",
              "alias": "系列.标线.数据",
              "type": "Complex[*]",
              "editor": "code",
              "default": null
            },
            {
              "name": "series.markLine.symbol",
              "alias": "系列.标线.标记",
              "type": "Enum(\"circle:圆形\",\"rect:矩形\",\"roundRect:圆角矩形\",\"triangle:三角形\",\"diamond:菱形\",\"pin:大头针\",\"arrow:箭头\",\"none:无\")[2]",
              "primitiveLabels": ["开端", "末端"],
              "default": ["circle","arrow"]
            },
            {
              "name": "series.markLine.symbolSize",
              "alias": "系列.标线.标记尺寸",
              "type": "Number",
              "default": 10,
              "min": 0
            },
            {
              "name": "series.markLine.silent",
              "alias": "系列.标线.静默",
              "type": "Boolean",
              "default": false,
              "visible": false
            },
            {
              "name": "series.markLine.lineStyle.color",
              "alias": "系列.标线.颜色",
              "type": "String",
              "default": null,
              "editor": "color"
            },
            {
              "name": "series.markLine.lineStyle.opacity",
              "alias": "系列.标线.透明",
              "type": "Number",
              "default": 1,
              "min": 0,
              "max": 1,
              "precision": 2,
              "step": 0.1
            },
            {
              "name": "series.markLine.lineStyle.type",
              "alias": "系列.标线.线型",
              "type": "Enum(\"solid:实线\",\"dashed:虚线\",\"dotted:点线\")",
              "default": "solid"
            },
            {
              "name": "series.markLine.lineStyle.width",
              "alias": "系列.标线.线宽",
              "type": "Number",
              "default": 1,
              "min": 0
            },
            {
              "name": "series.markLine.label.show",
              "alias": "系列.标线.展示标签",
              "type": "Boolean",
              "default": true
            },
            {
              "name": "series.markLine.label.position",
              "alias": "系列.标线.标签位置",
              "type": "Enum(\"start:线的起始点\",\"middle:线的中点\",\"end:线的结束点\")",
              "default": "middle"
            },
            {
              "name": "series.markLine.label.formatter",
              "alias": "系列.标线.格式",
              "type": "String",
              "default": "{b}",
              "visible": false
            },
            {
              "name": "series.markArea.data",
              "alias": "系列.标域数据",
              "type": "Complex[*]",
              "editor": "code",
              "default": null,
              "visible": false
            },
            {
              "name": "series.markArea.itemStyle.color",
              "alias": "系列.标域颜色",
              "type": "String",
              "default": null,
              "editor": "color",
              "visible": false
            },
            {
              "name": "series.markArea.itemStyle.opacity",
              "alias": "系列.标域透明",
              "type": "Number",
              "default": 1,
              "min": 0,
              "max": 1,
              "precision": 2,
              "step": 0.1,
              "visible": false
            },
            {
              "name": "series.markArea.itemStyle.borderColor",
              "alias": "系列.标域边色",
              "type": "String",
              "default": null,
              "editor": "color",
              "visible": false
            },
            {
              "name": "series.markArea.itemStyle.borderType",
              "alias": "系列.标域边型",
              "type": "Enum(\"solid:实线\",\"dashed:虚线\",\"dotted:点线\")",
              "default": "solid",
              "visible": false
            },
            {
              "name": "series.markArea.itemStyle.borderWidth",
              "alias": "系列.标域边宽",
              "type": "Number",
              "default": 1,
              "visible": false,
              "min": 0
            },
            {
              "name": "series.markArea.label.show",
              "alias": "系列.标域标签",
              "type": "Boolean",
              "default": false,
              "visible": false
            },
            {
              "name": "series.markArea.label.position",
              "alias": "系列.标域签位",
              "type": "Enum(\"top:顶端\",\"left:左侧\",\"right:右侧\",\"bottom:底端\",\"inside:内部\")",
              "default": "inside",
              "visible": false
            },
            {
              "name": "series.z",
              "alias": "系列.系列层级",
              "type": "Number",
              "default": 2,
              "min": 0
            }
          ]
        }
      ]
    },
    {
      "name": "legend",
      "alias": "图例分组",
      "expandable": true,
      "attributes": "smartAttrs.chartLegend"
    },
    {
      "name":"events",
      "alias":"事件",
      "attributes":[
        {
          "alias":"单击事件",
          "name":"click",
          "type":"Complex",
          "attributes": [
            {
              "name": "content",
              "alias": "执行内容",
              "type": "Complex[*]",
              "inputVisible": false,
              "attributes": "smartAttrs.eventContent"
            },
            {
              "name": "description",
              "alias": "事件描述",
              "type": "String",
              "readonly": true,
              "default": "当某个节点被点击时会触发该事件"
            },
            {
              "name": "payload",
              "alias": "参数",
              "type": "Complex[1]",
              "readonly":true,
              "inputVisible": false,
              "attributes": "smartAttrs.payload",
              "default": [
                {"name": "params", "alias": "点击对象"}
              ]
            }
          ],
          "visible": false
        }
      ],
      "visible": false
    },
    {
      "name": "methods",
      "alias": "方法",
      "attributes": "smartAttrs.chartMethods"
    }
  ]
}
