{
  "name": "Dropdown",
  "alias": "下拉菜单",
  "version": "1.4.2",
  "author": "陈日建(10010647)",
  "groupAlias": "基础组件",
  "groupName": "basic",
  "type": "vue",
  "description": "",
  "order": 2001,
  "attributes": [
    {
      "name": "appearance",
      "alias": "外观",
      "visible": false
    },
    {
      "name": "layout",
      "alias": "布局",
      "expandable": false,
      "attributes": [{ "name": "height", "alias": "高度", "value": "auto", "type": "String" }]
    },
    {
      "name": "originSource",
      "alias": "数据源配置",
      "attributes": [
        {
          "name": "dynamic",
          "alias": "动态数据",
          "type": "Boolean",
          "default": false,
          "changeHandler": "handleRemoteSourceChange"
        },
        {
          "name": "dropdownItemList",
          "type": "Complex[99999]",
          "alias": "菜单项",
          "customGroupName": "dataSourceConfig",
          "visible": true,
          "inputVisible": false,
          "attributes": [
            {
              "name": "id",
              "type": "String",
              "alias": "唯一标识",
              "default": "0"
            },
            {
              "name": "label",
              "type": "String",
              "alias": "选项展示名",
              "default": "菜单名称",
              "minlength": 0,
              "maxlength": 50
            },
            {
              "name": "icon",
              "type": "String",
              "editor": "icon",
              "alias": "图标",
              "default": ""
            },
            {
              "name": "disabled",
              "type": "Boolean",
              "alias": "禁用",
              "default": false
            },
            {
              "name": "divided",
              "type": "Boolean",
              "alias": "分割线",
              "default": false
            },
            {
              "name": "command",
              "type": "Enum(\"id:唯一标识\", \"label:选项展示名\", \"icon:图标\", \"disabled:禁用\", \"divided:分割线\", \"item:完整数据\")",
              "alias": "指令",
              "default": "id",
              "tips": "该指令在点击菜单项事件时抛出参数，可以是当前项的任意字段如：item, icon, label, disabled, divided；默认item代表当前项对象"
            }
          ]
        },
        {
          "name": "dataSource",
          "alias": "动态数据绑定",
          "type": "Complex[*]",
          "editor": "code",
          "default": [
            {
              "label": "格式示例",
              "command": "item",
              "disabled": false,
              "divided": false,
              "icon": "",
              "id": 1
            }
          ],
          "visible": false,
          "customGroupName": "dataSourceConfig"
        },
        {
          "name": "idName",
          "type": "String",
          "alias": "唯一标识字段",
          "default": "id",
          "customGroupName": "dataSourceConfig",
          "visible": false
        },
        {
          "name": "labelName",
          "type": "String",
          "alias": "选项展示名",
          "default": "label",
          "visible": false,
          "customGroupName": "dataSourceConfig",
          "tips": "选项展示名所取字段"
        },
        {
          "name": "disabledName",
          "type": "String",
          "alias": "选项禁用标识",
          "default": "disabled",
          "visible": false,
          "customGroupName": "dataSourceConfig",
          "tips": "是否禁用所取字段"
        },
        {
          "name": "iconName",
          "type": "String",
          "alias": "图标类名标识",
          "default": "icon",
          "visible": false,
          "customGroupName": "dataSourceConfig",
          "tips": "图标类名所取字段"
        },
        {
          "name": "dividedName",
          "type": "String",
          "alias": "分割线",
          "default": "divided",
          "visible": false,
          "customGroupName": "dataSourceConfig",
          "tips": "分割线所取字段"
        },
        {
          "name": "commandName",
          "type": "Enum(\"id:唯一标识\", \"label:选项展示名\", \"icon:图标\", \"disabled:禁用\", \"divided:分割线\", \"item:完整数据\")",
          "alias": "指令",
          "default": "id",
          "visible": false,
          "customGroupName": "dataSourceConfig",
          "tips": "点击菜单项回调携带参数，该指令在点击菜单项事件时抛出参数，可以是当前项的任意字段如：item, icon, label, disabled, divided；默认item代表当前项对象"
        }
      ]
    },
    {
      "name": "dropdownConfig",
      "alias": "下拉菜单配置",
      "attributes": [
        {
          "name": "dropdownName",
          "type": "String",
          "alias": "左侧标题",
          "default": "下拉菜单",
          "tips": "左侧展示的名称"
        },
        {
          "name": "nameWidth",
          "type": "String",
          "alias": "标题宽度",
          "default": "160px",
          "tips": "输入格式：数字 + 单位（px或%），不输入单位默认px"
        },
        {
          "name": "dropdownTrigger",
          "alias": "触发下拉行为",
          "type": "Enum(\"hover:鼠标移入\", \"click:鼠标点击\", \"disabled:禁用\")",
          "default": "hover"
        },
        {
          "name": "dropdownIcon",
          "type": "String",
          "alias": "右侧图标类名",
          "editor": "icon",
          "default": "el-icon-arrow-down",
          "tips": "右侧图标类名，支持element ui V2.15.1版本一下图标类名配置"
        },
        {
          "name": "dropdownColor",
          "type": "String",
          "alias": "字体颜色",
          "default": "#333333",
          "editor": "color",
          "colorFormat": "hex"
        },
        {
          "name": "dropdownFontSize",
          "type": "Number",
          "alias": "字体大小",
          "max": 28,
          "min": 8,
          "default": 14
        },
        {
          "name": "btnEventIsolation",
          "alias": "标题图标事件分离",
          "type": "Boolean",
          "visible": true,
          "tips": "当触发下拉行为为鼠标点击时生效",
          "default": false
        },
        {
          "name": "splitButton",
          "alias": "按钮模式",
          "type": "Boolean",
          "default": false,
          "changeHandler": "handleSplitButtonChange"
        },
        {
          "name": "buttonType",
          "alias": "按钮类型",
          "type": "Enum(\"primary:默认\", \"success:成功\", \"info:信息\", \"warning:警告\", \"danger:危险\")",
          "visible": false,
          "customGroupName": "splitButtonAttr",
          "default": "primary"
        },
        {
          "name": "buttonSize",
          "alias": "按钮尺寸",
          "type": "Enum(\"primary:默认\", \"medium:中\", \"small:小\", \"mini:超小\")",
          "visible": false,
          "customGroupName": "splitButtonAttr",
          "default": "primary"
        },
        {
          "name": "placement",
          "alias": "菜单弹出位置",
          "type": "Enum(\"top:上\", \"top-start:上左\", \"top-end:上右\", \"bottom:下\", \"bottom-start:下左\", \"bottom-end:下右\")",
          "default": "bottom-end"
        },
        {
          "name": "dropdownDisabled",
          "alias": "禁用左侧标题点击",
          "type": "Boolean",
          "default": false,
          "tips": "禁用左侧标题点击"
        }
      ]
    },
    {
      "name": "events",
      "alias": "事件",
      "attributes": [
        {
          "name": "handleClick",
          "alias": "左侧标题点击事件",
          "type": "Complex",
          "attributes": [
            {
              "name": "content",
              "alias": "事件执行内容",
              "type": "Complex[*]",
              "inputVisible": false,
              "attributes": "smartAttrs.eventContent"
            },
            {
              "name": "description",
              "alias": "事件描述",
              "type": "String",
              "default": "点击下拉菜单",
              "readonly": true
            }
          ]
        },
        {
          "name": "commandCallBack",
          "alias": "菜单项点击事件",
          "type": "Complex",
          "attributes": [
            {
              "name": "content",
              "alias": "事件执行内容",
              "type": "Complex[*]",
              "inputVisible": false,
              "attributes": "smartAttrs.eventContent"
            },
            {
              "name": "description",
              "alias": "事件描述",
              "type": "String",
              "default": "点击菜单项触发的事件回调",
              "readonly": true
            },
            {
              "name": "payload",
              "alias": "参数",
              "type": "Complex[1]",
              "inputVisible": false,
              "attributes": "smartAttrs.payload",
              "default": [
                { "name": "value", "alias": "指令值", "editor": "variable" }
              ]
            }
          ]
        }
      ]
    },
    {
      "name": "methods",
      "alias": "方法",
      "attributes": [
        {
          "name": "getDropdownData",
          "alias": "获取菜单数据",
          "type": "Complex",
          "returnValue": true,
          "readonly": true,
          "attributes": [
            {
              "name": "functionName",
              "alias": "方法名称",
              "type": "String",
              "default": "getDropdownData",
              "readonly": true
            },
            {
              "name": "description",
              "alias": "方法描述",
              "type": "String",
              "default": "获取菜单数据",
              "readonly": true
            },
            { "name": "output", "alias": "返回值", "type": "Complex[6]", "description": "返回菜单数据", "default": [
              { "name": "command", "alias": "指令", "type": "Enum(\"id:唯一标识\", \"label:选项展示名\", \"icon:图标\", \"disabled:禁用\", \"divided:分割线\", \"item:完整数据\")" },
              { "name": "disabled", "alias": "选项禁用标识", "type": "String" },
              { "name": "divided", "alias": "分割线", "type": "String" },
              { "name": "icon", "alias": "图标类名标识", "type": "String" },
              { "name": "label", "alias": "选项展示名", "type": "String" },
              { "name": "id", "alias": "唯一标识字段", "type": "String" }
            ] }
          ]
        }
      ]
    }
  ]
}
