{
  "name": "AUpload",
  "alias": "上传组件",
  "version": "1.5.12",
  "author": "10002215",
  "groupAlias": "表单组件",
  "groupName": "form",
  "type": "vue",
  "description": "",
  "order": 4003,
  "attributes": [
    {
      "name": "appearance",
      "alias": "外观",
      "visible": false
    },
    {
      "name": "toolbar",
      "alias": "工具",
      "attributes": [
        {
          "alias": "上传地址",
          "name": "action",
          "type": "String",
          "minlength": 0,
          "maxlength": 50,
          "tips": "上传的地址",
          "customGroupName": "dragConfig",
          "visible": true,
          "default": "https://jsonplaceholder.typicode.com/posts/"
        },
        {
          "alias": "请求头",
          "name": "headers",
          "type": "String",
          "default": "",
          "customGroupName": "dragConfig",
          "visible": true,
          "tips": "设置上传的请求头部"
        },
        {
          "alias": "选择按钮名称",
          "name": "selectBtnName",
          "type": "String",
          "minlength": 0,
          "maxlength": 50,
          "default": "选择文件",
          "tips": "选择按钮名称"
        },
        {
          "alias": "是否多选",
          "name": "multiple",
          "type": "Boolean",
          "default": false,
          "customGroupName": "dragConfig",
          "visible": true,
          "tips": "是否支持多选文件"
        },
        {
          "alias": "额外参数",
          "name": "data",
          "type": "String",
          "default": "",
          "tips": "上传时附带的额外参数",
          "customGroupName": "dragConfig"
        },
        {
          "alias": "发送凭证",
          "name": "withCredentials",
          "type": "Boolean",
          "default": false,
          "customGroupName": "dragConfig",
          "tips": "是否支持发送 cookie 凭证信息"
        },
        {
          "alias": "显示列表",
          "name": "showFileList",
          "type": "Boolean",
          "tips": "是否显示已上传文件列表",
          "customGroupName": "dragConfig",
          "visible": true,
          "default": true
        },
        {
          "alias": "是否拖拽",
          "name": "drag",
          "type": "Boolean",
          "default": false,
          "tips": "是否启用拖拽上传",
          "customGroupName": "dragConfig",
          "visible": true
        },
        {
          "alias": "是否分片",
          "name": "fragment",
          "type": "Boolean",
          "default": false,
          "tips": "建议超过100M开启分片",
          "changeHandler": "fragmentChange"
        },
        {
          "alias": "拖拽上传文本",
          "name": "dragText",
          "type": "String",
          "minlength": 0,
          "maxlength": 50,
          "tips": "拖拽区域的提示文本设置",
          "default": "",
          "customGroupName": "dragConfig"
        },
        {
          "alias": "接受类型",
          "name": "accept",
          "type": "String",
          "default": "",
          "tips": "接受上传的文件类型"
        },
        {
          "alias": "展示类型",
          "name": "listType",
          "type": "Enum(\"text:文字\", \"picture:图片\", \"picture-card:图卡\")",
          "default": "text",
          "tips": "文件列表的类型，图卡类型缩略图只支持图片类型",
          "customGroupName": "dragConfig"
        },
        {
          "alias": "自动上传",
          "name": "autoUpload",
          "type": "Boolean",
          "default": false,
          "visible": false,
          "tips": "是否在选取文件后立即进行上传"
        },
        {
          "alias": "显示上传按钮",
          "name": "showUpBtn",
          "type": "Boolean",
          "default": false,
          "visible": false,
          "tips": "是否显示上传按钮"
        },
        {
          "alias": "限制数量",
          "name": "limit",
          "type": "Number",
          "min": 1,
          "max": 20,
          "tips": "最大允许上传个数",
          "customGroupName": "dragConfig",
          "visible": true,
          "default": 4
        }
      ]
    },
    {
      "name": "data",
      "alias": "数据",
      "visible": false,
      "attributes": [
        {
          "alias": "数据校验",
          "name": "dataValidation",
          "type": "Complex[*]",
          "inputVisible": false,
          "attributes": "smartAttrs.validation"
        }
      ]
    },
    {
      "name": "events",
      "alias": "事件",
      "attributes": [
        {
          "alias": "上传改变",
          "name": "change",
          "type": "Complex",
          "attributes": [
            {
              "name": "content",
              "alias": "执行内容",
              "type": "Complex[*]",
              "inputVisible": false,
              "attributes": "smartAttrs.eventContent"
            },
            {
              "name": "description",
              "alias": "事件描述",
              "type": "String",
              "readonly": true,
              "default": "文件状态改变时的钩子，添加文件、上传成功和上传失败时都会被调用"
            },
            {
              "name": "payload",
              "alias": "参数",
              "type": "Complex[2]",
              "readonly": true,
              "inputVisible": false,
              "attributes": "smartAttrs.payload",
              "default": [
                {
                  "name": "file",
                  "alias": "当前文件"
                },
                {
                  "name": "fileList",
                  "alias": "当前文件列表"
                }
              ]
            }
          ]
        },
        {
          "alias": "上传前",
          "name": "beforeUpload",
          "type": "Complex",
          "attributes": [
            {
              "name": "content",
              "alias": "执行内容",
              "type": "Complex[*]",
              "inputVisible": false,
              "attributes": "smartAttrs.eventContent"
            },
            {
              "name": "description",
              "alias": "事件描述",
              "type": "String",
              "readonly": true,
              "default": "上传文件之前的钩子，参数为上传的文件，若返回 false 则停止上传。"
            },
            {
              "name": "payload",
              "alias": "参数",
              "type": "Complex[1]",
              "readonly": true,
              "inputVisible": false,
              "attributes": "smartAttrs.payload",
              "default": [
                {
                  "name": "file",
                  "alias": "当前文件"
                },
                {
                  "name": "fileList",
                  "alias": "当前文件列表"
                }
              ]
            }
          ]
        },
        {
          "alias": "文件删除前",
          "name": "beforeRemove",
          "type": "Complex",
          "customGroupName": "dragConfig",
          "visible": true,
          "attributes": [
            {
              "name": "content",
              "alias": "执行内容",
              "type": "Complex[*]",
              "inputVisible": false,
              "attributes": "smartAttrs.eventContent"
            },
            {
              "name": "description",
              "alias": "事件描述",
              "type": "String",
              "readonly": true,
              "default": "上传文件之前的钩子，参数为上传的文件，若返回 false 则停止上传。"
            },
            {
              "name": "payload",
              "alias": "参数",
              "type": "Complex[2]",
              "readonly": true,
              "inputVisible": false,
              "attributes": "smartAttrs.payload",
              "default": [
                {
                  "name": "file",
                  "alias": "当前文件"
                },
                {
                  "name": "fileList",
                  "alias": "当前文件列表"
                }
              ]
            }
          ]
        },
        {
          "alias": "上传中",
          "name": "progress",
          "type": "Complex",
          "attributes": [
            {
              "name": "content",
              "alias": "执行内容",
              "type": "Complex[*]",
              "inputVisible": false,
              "attributes": "smartAttrs.eventContent"
            },
            {
              "name": "description",
              "alias": "事件描述",
              "type": "String",
              "readonly": true,
              "default": "上传文件过程触发。"
            },
            {
              "name": "payload",
              "alias": "参数",
              "type": "Complex[2]",
              "readonly": true,
              "inputVisible": false,
              "attributes": "smartAttrs.payload",
              "default": [
                {
                  "name": "file",
                  "alias": "当前文件"
                },
                {
                  "name": "fileList",
                  "alias": "当前文件列表"
                }
              ]
            }
          ]
        },
        {
          "alias": "上传成功",
          "name": "success",
          "type": "Complex",
          "attributes": [
            {
              "name": "content",
              "alias": "执行内容",
              "type": "Complex[*]",
              "inputVisible": false,
              "attributes": "smartAttrs.eventContent"
            },
            {
              "name": "description",
              "alias": "事件描述",
              "type": "String",
              "readonly": true,
              "default": "文件上传成功后回调事件"
            },
            {
              "name": "payload",
              "alias": "参数",
              "type": "Complex[3]",
              "readonly": true,
              "inputVisible": false,
              "attributes": "smartAttrs.payload",
              "default": [
                {
                  "name": "response",
                  "alias": "请求结果"
                },
                {
                  "name": "file",
                  "alias": "当前文件"
                },
                {
                  "name": "fileList",
                  "alias": "当前文件列表"
                },
                {
                  "name": "isDone",
                  "alias": "全部上传完毕"
                }
              ]
            }
          ]
        },
        {
          "alias": "上传失败",
          "name": "error",
          "type": "Complex",
          "attributes": [
            {
              "name": "content",
              "alias": "执行内容",
              "type": "Complex[*]",
              "inputVisible": false,
              "attributes": "smartAttrs.eventContent"
            },
            {
              "name": "description",
              "alias": "事件描述",
              "type": "String",
              "readonly": true,
              "default": "文件上传失败时回调事件"
            },
            {
              "name": "payload",
              "alias": "参数",
              "type": "Complex[3]",
              "readonly": true,
              "inputVisible": false,
              "attributes": "smartAttrs.payload",
              "default": [
                {
                  "name": "err",
                  "alias": "请求结果"
                },
                {
                  "name": "file",
                  "alias": "当前文件"
                },
                {
                  "name": "fileList",
                  "alias": "当前文件列表"
                },
                {
                  "name": "isDone",
                  "alias": "全部上传完毕"
                }
              ]
            }
          ]
        }
      ]
    },
    {
      "name": "methods",
      "alias": "方法",
      "attributes": [
        {
          "name": "clearFiles",
          "alias": "清空已上传的文件列表",
          "type": "Complex",
          "readonly": true,
          "visible": true,
          "customGroupName": "dragConfig",
          "attributes": [
            {
              "name": "functionName",
              "alias": "方法名称",
              "type": "String",
              "default": "clearFiles"
            },
            {
              "name": "description",
              "alias": "方法描述",
              "type": "String",
              "default": "清空已上传的文件列表"
            },
            {
              "name": "payload",
              "alias": "参数",
              "type": "Complex",
              "inputVisible": false,
              "attributes": "smartAttrs.payload",
              "default": []
            }
          ]
        },
        {
          "name": "deleteFile",
          "alias": "删除已上传的文件列表中的某个文件",
          "type": "Complex",
          "readonly": true,
          "customGroupName": "dragConfig",
          "visible": true,
          "attributes": [
            {
              "name": "functionName",
              "alias": "方法名称",
              "type": "String",
              "default": "deleteFile"
            },
            {
              "name": "description",
              "alias": "方法描述",
              "type": "String",
              "default": "删除已上传的文件列表中的某个文件"
            },
            {
              "name": "payload",
              "alias": "参数",
              "type": "Complex[1]",
              "inputVisible": false,
              "attributes": "smartAttrs.payload",
              "default": [
                {
                  "name": "file",
                  "alias": "文件"
                }
              ]
            }
          ]
        },
        {
          "name": "getFileList",
          "alias": "获取已上传的文件列表",
          "type": "Complex",
          "readonly": true,
          "returnValue": true,
          "attributes": [
            {
              "name": "functionName",
              "alias": "方法名称",
              "type": "String",
              "default": "getFileList"
            },
            {
              "name": "description",
              "alias": "方法描述",
              "type": "String",
              "default": "获取已上传的文件列表"
            },
            {
              "name": "payload",
              "alias": "参数",
              "type": "Complex",
              "inputVisible": false,
              "attributes": "smartAttrs.payload",
              "default": []
            },
            {
              "name": "output",
              "alias": "返回值",
              "type": "Complex",
              "description": "文件列表"
            }
          ]
        },
        {
          "name": "fragmentUpload",
          "alias": "上传分片",
          "type": "Complex",
          "readonly": true,
          "tips": "上传分片方法，调用此方法以上传，传入 parentId 以设置显示路径",
          "attributes": [
            {
              "name": "functionName",
              "alias": "方法名称",
              "type": "String",
              "default": "fragmentUpload"
            },
            {
              "name": "description",
              "alias": "方法描述",
              "type": "String",
              "default": "上传分片"
            },
            {
              "name": "payload",
              "alias": "参数",
              "type": "Complex[1]",
              "inputVisible": false,
              "attributes": "smartAttrs.payload",
              "default": [
                {
                  "name": "parentId",
                  "alias": "当前选中路径",
                  "editor": "variable"
                }
              ]
            }
          ]
        },
        {
          "name": "setFileList",
          "alias": "初始化已上传的文件列表",
          "type": "Complex",
          "readonly": true,
          "attributes": [
            {
              "name": "functionName",
              "alias": "方法名称",
              "type": "String",
              "default": "setFileList"
            },
            {
              "name": "description",
              "alias": "方法描述",
              "type": "String",
              "default": "初始化已上传的文件列表"
            },
            {
              "name": "payload",
              "alias": "参数",
              "type": "Complex[1]",
              "inputVisible": false,
              "attributes": "smartAttrs.payload",
              "default": [
                {
                  "name": "fileList",
                  "alias": "已上传文件列表",
                  "editor": "variable"
                }
              ]
            }
          ]
        }
      ]
    }
  ]
}