{
  "name": "Model3D",
  "alias": "3D模具",
  "version": "1.0.5",
  "author": "10002548",
  "groupAlias": "专业组件",
  "groupName": "specialty",
  "type": "vue",
  "order": 5002,
  "attributes": [
    {
      "name": "appearance",
      "alias": "外观",
      "visible": false
    },
    {
      "name": "help",
      "alias": "辅助工具",
      "attributes": [
        {
          "name": "AxesHelper",
          "alias": "坐标轴辅助工具",
          "type": "Boolean",
          "default": false,
          "tips": "需要相机的z轴设定一个长度才能可见"
        },
        {
          "name": "AxesHelperSize",
          "alias": "坐标轴辅助工具.坐标轴长度",
          "type": "Number",
          "default": 50,
          "min": 1
        }
      ]
    },
    {
      "name": "render",
      "alias": "渲染器",
      "attributes": [
        {
          "name": "outputEncoding",
          "alias": "渲染器的输出编码",
          "type": "Enum(\"3000:THREE.LinearEncoding\", \"3001:THREE.sRGBEncoding\")",
          "default": "3000"
        },
        {
          "name": "backgroundColor",
          "alias": "背景色",
          "type": "String",
          "editor": "color",
          "default": "rgb(255,255,255)"
        },
        {
          "name": "backgroundAlpha",
          "alias": "背景透明度",
          "type": "Number",
          "default": 1,
          "min": 0
        },
        {
          "name": "renderWidth",
          "alias": "渲染画布宽",
          "type": "Number",
          "default": 0,
          "tips": "当宽度为默认值0时，默认取父容器的宽度",
          "min": 0
        },
        {
          "name": "renderHeight",
          "alias": "渲染画布高",
          "type": "Number",
          "default": 0,
          "tips": "当高度为默认值0时，默认取父容器的高度",
          "min": 0
        }
      ]
    },
    {
      "name": "camera",
      "alias": "相机属性",
      "attributes": [
        {
          "name": "position.x",
          "type": "Number",
          "alias": "相机位置.X轴",
          "default": 0,
          "min": -1000000
        },
        {
          "name": "position.y",
          "type": "Number",
          "alias": "相机位置.Y轴",
          "default": 0,
          "min": -1000000
        },
        {
          "name": "position.z",
          "type": "Number",
          "alias": "相机位置.Z轴",
          "default": 0,
          "min": -1000000
        },
        {
          "name": "lookAt.x",
          "type": "Number",
          "alias": "相机焦点方向.X轴",
          "default": 0,
          "min": -1000
        },
        {
          "name": "lookAt.y",
          "type": "Number",
          "alias": "相机焦点方向.Y轴",
          "default": 0,
          "min": -1000
        },
        {
          "name": "lookAt.z",
          "type": "Number",
          "alias": "相机焦点方向.Z轴",
          "default": 0,
          "min": -1000
        },
        {
          "name": "up.x",
          "type": "Number",
          "alias": "相机坐标轴向上方向.X轴",
          "default": 0,
          "min": 0,
          "max": 1,
          "tips": "建议只设置一个轴为向上方向，并且值在0-1之间"
        },
        {
          "name": "up.y",
          "type": "Number",
          "alias": "相机坐标轴向上方向.Y轴",
          "default": 1,
          "min": 0,
          "max": 1,
          "tips": "建议只设置一个轴为向上方向，并且值在0-1之间"
        },
        {
          "name": "up.z",
          "type": "Number",
          "alias": "相机坐标轴向上方向.Z轴",
          "default": 0,
          "min": 0,
          "max": 1,
          "tips": "建议只设置一个轴为向上方向，并且值在0-1之间"
        }
      ]
    },
    {
      "name": "orbitControls",
      "alias": "轨道控制器",
      "attributes": [
        {
          "name": "enabledOrbitControls",
          "alias": "启用",
          "type": "Boolean",
          "default": false,
          "tips": "只有当启用时，下面的其他轨道控制器属性才生效"
        },
        {
          "name": "enabled",
          "alias": "响应用户的操作",
          "type": "Boolean",
          "default": true,
          "tips": "当设置为false时，控制器将不会响应用户的操作。只能控制摄像机平移和缩放以及启用旋转。"
        },
        {
          "name": "enableRotate",
          "alias": "启用旋转",
          "type": "Boolean",
          "default": true,
          "tips": "启用或禁用摄像机水平或垂直旋转。需要开启响应用户的操作。"
        },
        {
          "name": "autoRotate",
          "alias": "围绕目标自动旋转",
          "type": "Boolean",
          "default": false
        },
        {
          "name": "autoRotateSpeed",
          "alias": "围绕目标自动旋转的速度",
          "type": "Number",
          "default": 2.0,
          "min": 0,
          "precision": 1,
          "step": 0.1,
          "tips": "围绕目标旋转的速度将有多快，默认值为2.0，相当于在60fps时每旋转一周需要30秒。"
        },
        {
          "name": "enableDamping",
          "alias": "启用阻尼惯性",
          "type": "Boolean",
          "default": false,
          "tips": "将其设置为true以启用阻尼（惯性），这将给控制器带来重量感。"
        },
        {
          "name": "dampingFactor",
          "alias": "阻尼惯性值",
          "type": "Number",
          "min": 0,
          "precision": 2,
          "step": 0.01,
          "max": 1
        },
        {
          "name": "enablePan",
          "alias": "启用摄像机平移",
          "type": "Boolean",
          "default": true,
          "tips": "需要开启响应用户的操作"
        },
        {
          "name": "enableZoom",
          "alias": "启用摄像机缩放",
          "type": "Boolean",
          "default": true,
          "tips": "需要开启响应用户的操作"
        }
      ]
    },
    {
      "name": "lights",
      "alias": "光源",
      "attributes": [
        {
          "name": "ambientLight.color",
          "alias": "环境光.颜色",
          "type": "String",
          "editor": "color"
        },
        {
          "name": "ambientLight.intensity",
          "alias": "环境光.光照强度",
          "type": "Number",
          "default": 1,
          "precision": 1,
          "step": 0.1
        },
        {
          "name": "pointLight.color",
          "alias": "点光源.颜色",
          "type": "String",
          "editor": "color"
        },
        {
          "name": "pointLight.distance",
          "alias": "点光源.光照距离",
          "type": "Number",
          "default": 1
        },
        {
          "name": "pointLight.intensity",
          "alias": "点光源.光照强度",
          "type": "Number",
          "default": 0,
          "precision": 1,
          "step": 0.1
        },
        {
          "name": "pointLight.position.x",
          "alias": "点光源位置.X轴",
          "type": "Number",
          "default": 0,
          "precision": 1,
          "step": 0.1,
          "min": -1000
        },
        {
          "name": "pointLight.position.y",
          "alias": "点光源位置.y轴",
          "type": "Number",
          "default": 0,
          "precision": 1,
          "step": 0.1,
          "min": -1000
        },
        {
          "name": "pointLight.position.z",
          "alias": "点光源位置.z轴",
          "type": "Number",
          "default": 0,
          "precision": 1,
          "step": 0.1,
          "min": -1000
        },
        {
          "name": "directionalLight.color",
          "alias": "平行光源.颜色",
          "type": "String",
          "editor": "color"
        },
        {
          "name": "directionalLight.intensity",
          "alias": "平行光源.光照强度",
          "type": "Number",
          "default": 1,
          "precision": 1,
          "step": 0.1
        },
        {
          "name": "directionalLight.position.x",
          "alias": "平行光源.位置.X轴",
          "type": "Number",
          "default": 0,
          "precision": 1,
          "step": 0.1,
          "min": -1000
        },
        {
          "name": "directionalLight.position.y",
          "alias": "平行光源.位置.y轴",
          "type": "Number",
          "default": 0,
          "precision": 1,
          "step": 0.1,
          "min": -1000
        },
        {
          "name": "directionalLight.position.z",
          "alias": "平行光源.位置.z轴",
          "type": "Number",
          "default": 0,
          "precision": 1,
          "step": 0.1,
          "min": -1000
        },
        {
          "name": "hemisphereLight.skyColor",
          "alias": "半球光源.天空颜色",
          "type": "String",
          "editor": "color"
        },
        {
          "name": "hemisphereLight.groundColor",
          "alias": "半球光源.地面颜色",
          "type": "String",
          "editor": "color"
        },
        {
          "name": "hemisphereLight.intensity",
          "alias": "半球光源.光照强度",
          "type": "Number",
          "default": 1,
          "precision": 1,
          "step": 0.1
        },
        {
          "name": "hemisphereLight.position.x",
          "alias": "半球光源.光源位置.X轴",
          "type": "Number",
          "default": 0,
          "precision": 1,
          "step": 0.1,
          "min": -1000
        },
        {
          "name": "hemisphereLight.position.y",
          "alias": "半球光源.光源位置.Y轴",
          "type": "Number",
          "default": 0,
          "precision": 1,
          "step": 0.1,
          "min": -1000
        },
        {
          "name": "hemisphereLight.position.z",
          "alias": "半球光源.光源位置.Z轴",
          "type": "Number",
          "default": 0,
          "precision": 1,
          "step": 0.1,
          "min": -1000
        }
      ]
    },
    {
      "name": "models",
      "alias": "模型属性",
      "expandable": true,
      "attributes": [
        {
          "name": "models",
          "type": "Complex[*]",
          "alias": "模型组",
          "inputVisible": false,
          "attributes": [
            {
              "name": "format",
              "alias": "模型文件格式",
              "type": "Enum('obj','json','stl','dae','ply','fbx','gltf')",
              "default": "gltf"
            },
            {
              "name": "src",
              "type": "String",
              "alias": "模型文件地址",
              "default": "",
              "tips": "多个文件地址，用英文逗号分隔。如：a.obj,b.mtl"
            },
            {
              "name": "animationName",
              "type": "String",
              "alias": "动画名称",
              "default": ""
            },
            {
              "name": "position.x",
              "type": "Number",
              "alias": "模型位置.X轴",
              "default": 0,
              "min": -1000,
              "minlength": 0,
              "maxlength": 50,
              "precision": 1,
              "step": 0.1
            },
            { "name": "position.y",
              "alias": "模型位置.Y轴",
              "type": "Number",
              "default": 0,
              "min": -1000,
              "minlength": 0,
              "maxlength": 50,
              "precision": 1,
              "step": 0.1
            },
            { "name": "position.z",
              "alias": "模型位置.Z轴",
              "type": "Number",
              "default": 0,
              "min": -1000,
              "minlength": 0,
              "maxlength": 50,
              "precision": 1,
              "step": 0.1
            },
            {
              "name": "rotation.x",
              "type": "Number",
              "alias": "模型旋转.X轴",
              "default": 0,
              "min": -1000,
              "minlength": 0,
              "maxlength": 50,
              "precision": 1,
              "step": 0.1
            },
            { "name": "rotation.y",
              "alias": "模型旋转.Y轴",
              "type": "Number",
              "default": 0,
              "min": -1000,
              "minlength": 0,
              "maxlength": 50,
              "precision": 1,
              "step": 0.1
            },
            { "name": "rotation.z",
              "alias": "模型旋转.Z轴",
              "type": "Number",
              "default": 0,
              "min": -1000,
              "minlength": 0,
              "maxlength": 50,
              "precision": 1,
              "step": 0.1
            },
            {
              "name": "scale.x",
              "type": "Number",
              "alias": "模型缩放.X轴",
              "default": 1,
              "minlength": 0,
              "maxlength": 50,
              "precision": 1,
              "step": 0.1,
              "min": 0,
              "tips": "最小只能缩放到0"
            },
            { "name": "scale.y",
              "alias": "模型缩放.Y轴",
              "type": "Number",
              "default": 1,
              "minlength": 0,
              "maxlength": 50,
              "precision": 1,
              "step": 0.1,
              "min": 0,
              "tips": "最小只能缩放到0"
            },
            {
              "name": "scale.z",
              "alias": "模型缩放.Z轴",
              "type": "Number",
              "default": 1,
              "minlength": 0,
              "maxlength": 50,
              "precision": 1,
              "step": 0.1,
              "min": 0,
              "tips": "最小只能缩放到0"
            },
            {
              "name": "enableAutoRotate",
              "alias": "是否开启自动旋转",
              "type": "Boolean",
              "default": false,
              "tips": "自动旋转的转速受自动旋转的坐标值的大小影响，坐标值越大，转速越大。坐标值均为0将不转动。"
            },
            {
              "name": "autoRotation.x",
              "type": "Number",
              "alias": "自动旋转.X轴",
              "default": 0,
              "precision": 2,
              "step": 0.01,
              "min": -1000
            },
            { "name": "autoRotation.y",
              "alias": "自动旋转.Y轴",
              "type": "Number",
              "default": 0,
              "precision": 2,
              "step": 0.01,
              "min": -1000
            },
            { "name": "autoRotation.z",
              "alias": "自动旋转.Z轴",
              "type": "Number",
              "default": 0,
              "precision": 2,
              "step": 0.01,
              "min": -1000
            },
            {
              "name": "load",
              "alias": "载入成功事件",
              "type": "Complex",
              "attributes": [
                {
                  "name": "content",
                  "alias": "执行内容",
                  "type": "Complex[*]",
                  "inputVisible": false,
                  "attributes": "smartAttrs.eventContent"
                },
                {
                  "name": "description",
                  "alias": "事件描述",
                  "type": "String",
                  "readonly": true,
                  "default": "模型载入成功时触发"
                },
                {
                  "name": "payload",
                  "alias": "参数",
                  "type": "Complex[1]",
                  "readonly":true,
                  "inputVisible": false,
                  "attributes": "smartAttrs.payload",
                  "default":[
                    {"name": "obj", "alias": "模型对象信息"},
                    {"name": "conf", "alias": "编辑器配置信息"}
                  ]
                }
              ]
            },
            {
              "name": "progress",
              "alias": "载入过程中事件",
              "type": "Complex",
              "attributes": [
                {
                  "name": "content",
                  "alias": "执行内容",
                  "type": "Complex[*]",
                  "inputVisible": false,
                  "attributes": "smartAttrs.eventContent"
                },
                {
                  "name": "description",
                  "alias": "事件描述",
                  "type": "String",
                  "readonly": true,
                  "default": "模型载入过程中触发"
                },
                {
                  "name": "payload",
                  "alias": "参数",
                  "type": "Complex[1]",
                  "readonly":true,
                  "inputVisible": false,
                  "attributes": "smartAttrs.payload",
                  "default":[
                    {"name": "xhr", "alias": "回调"}
                  ]
                }
              ]
            },
            {
              "name": "error",
              "alias": "载入失败事件",
              "type": "Complex",
              "attributes": [
                {
                  "name": "content",
                  "alias": "执行内容",
                  "type": "Complex[*]",
                  "inputVisible": false,
                  "attributes": "smartAttrs.eventContent"
                },
                {
                  "name": "description",
                  "alias": "事件描述",
                  "type": "String",
                  "readonly": true,
                  "default": "模型载入失败触发"
                },
                {
                  "name": "payload",
                  "alias": "参数",
                  "type": "Complex[1]",
                  "readonly":true,
                  "inputVisible": false,
                  "attributes": "smartAttrs.payload",
                  "default":[
                    {"name": "error", "alias": "失败回调"}
                  ]
                }
              ]
            },
            {
              "name": "click",
              "alias": "点击事件",
              "type": "Complex",
              "attributes": [
                {
                  "name": "content",
                  "alias": "执行内容",
                  "type": "Complex[*]",
                  "inputVisible": false,
                  "attributes": "smartAttrs.eventContent"
                },
                {
                  "name": "description",
                  "alias": "事件描述",
                  "type": "String",
                  "readonly": true,
                  "default": "点击模型触发"
                },
                {
                  "name": "payload",
                  "alias": "参数",
                  "type": "Complex[1]",
                  "readonly":true,
                  "inputVisible": false,
                  "attributes": "smartAttrs.payload",
                  "default":[
                    {"name": "obj", "alias": "模型对象信息"},
                    {"name": "conf", "alias": "编辑器配置信息"}
                  ]
                }
              ]
            },
            {
              "name": "mousemove",
              "alias": "鼠标滑过事件",
              "type": "Complex",
              "attributes": [
                {
                  "name": "content",
                  "alias": "执行内容",
                  "type": "Complex[*]",
                  "inputVisible": false,
                  "attributes": "smartAttrs.eventContent"
                },
                {
                  "name": "description",
                  "alias": "事件描述",
                  "type": "String",
                  "readonly": true,
                  "default": "鼠标滑过模型触发"
                },
                {
                  "name": "payload",
                  "alias": "参数",
                  "type": "Complex[1]",
                  "readonly":true,
                  "inputVisible": false,
                  "attributes": "smartAttrs.payload",
                  "default":[
                    {"name": "obj", "alias": "模型对象信息"},
                    {"name": "conf", "alias": "编辑器配置信息"}
                  ]
                }
              ]
            },
            {
              "name": "text.text",
              "alias": "添加文字描述",
              "type": "String",
              "default": "",
              "minlength": 0,
              "maxlength": 50
            },
            {
              "name": "showTextMethod",
              "alias": "模型文字描述显示方式",
              "type": "Enum(\"always:总是\",  \"hover:鼠标悬停于该模型\")",
              "default": "hover"
            },
            {
              "name": "text.textHeight",
              "alias": "文字描述.文字高度",
              "type": "Number",
              "default": 10
            },
            {
              "name": "text.color",
              "alias": "文字描述.文字颜色",
              "type": "String",
              "default": "white",
              "editor": "color"
            },
            {
              "name": "text.backgroundColor",
              "alias": "文字描述.背景色",
              "type": "String",
              "editor": "color",
              "default": "rgb(255,255,255)"
            },
            {
              "name": "text.fontSize",
              "alias": "文字描述.字号",
              "type": "Number",
              "default": 90
            },
            {
              "name": "text.fontWeight",
              "alias": "文字描述.字重",
              "type": "String",
              "default": "normal",
              "rules": [{
                "pattern": "/^normal$|^bold$|^\\d+$/",
                "message": "允许两种值：1.枚举值:normal、bold；2.数字:400、500、600等"
              }],
              "tips": "允许两种值：1.枚举值:normal、bold；2.数字:400、500、600等"
            },
            {
              "name": "text.padding",
              "alias": "文字描述.内边距",
              "type": "Number",
              "default": 0
            },
            {
              "name": "text.borderWidth",
              "alias": "文字描述.边框宽度",
              "type": "Number",
              "default": 0
            },
            {
              "name": "text.borderRadius",
              "alias": "文字描述.边框圆角",
              "type": "Number",
              "default": 0
            },
            {
              "name": "text.borderColor",
              "alias": "文字描述.边框颜色",
              "type": "String",
              "default": "#fff",
              "editor": "color",
              "tips": "需要设置边框宽度才能显示"
            },
            {
              "name": "text.position.x",
              "type": "Number",
              "alias": "文字描述.位置.X轴",
              "default": 0,
              "min": -1000,
              "minlength": 0,
              "maxlength": 50
            },
            { "name": "text.position.y",
              "alias": "文字描述.位置.Y轴",
              "type": "Number",
              "default": 0,
              "min": -1000,
              "minlength": 0,
              "maxlength": 50
            },
            { "name": "text.position.z",
              "alias": "文字描述.位置.Z轴",
              "type": "Number",
              "default": 0,
              "min": -1000,
              "minlength": 0,
              "maxlength": 50
            }
          ]
        }
      ]
    },
    {
      "name": "text",
      "alias": "全局文字信息",
      "attributes": [
        {
          "name": "text.text",
          "alias": "文字",
          "type": "String",
          "default": "",
          "minlength": 0,
          "maxlength": 50
        },
        {
          "name": "text.textHeight",
          "alias": "文字高度",
          "type": "Number",
          "default": 10
        },
        {
          "name": "text.color",
          "alias": "文字颜色",
          "type": "String",
          "default": "white",
          "editor": "color"
        },
        {
          "name": "text.backgroundColor",
          "alias": "背景色",
          "type": "String",
          "editor": "color",
          "default": "rgb(255,255,255)"
        },
        {
          "name": "text.fontSize",
          "alias": "字号",
          "type": "Number",
          "default": 14
        },
        {
          "name": "text.fontWeight",
          "alias": "字重",
          "type": "String",
          "default": "normal",
          "rules": [{
            "pattern": "/^normal$|^bold$|^\\d+$/",
            "message": "允许两种值：1.枚举值:normal、bold；2.数字:400、500、600等"
          }],
          "tips": "允许两种值：1.枚举值:normal、bold；2.数字:400、500、600等"
        },
        {
          "name": "text.padding",
          "alias": "内边距",
          "type": "Number",
          "default": 0
        },
        {
          "name": "text.borderWidth",
          "alias": "边框宽度",
          "type": "Number",
          "default": 0
        },
        {
          "name": "text.borderRadius",
          "alias": "边框圆角",
          "type": "Number",
          "default": 0
        },
        {
          "name": "text.borderColor",
          "alias": "边框颜色",
          "type": "String",
          "default": "#fff",
          "editor": "color",
          "tips": "需要设置边框宽度才能显示"
        },
        {
          "name": "textPosition.x",
          "type": "Number",
          "alias": "位置.X轴",
          "default": 0,
          "min": -1000,
          "minlength": 0,
          "maxlength": 50
        },
        { "name": "textPosition.y",
          "alias": "位置.Y轴",
          "type": "Number",
          "default": 0,
          "min": -1000,
          "minlength": 0,
          "maxlength": 50
        },
        { "name": "textPosition.z",
          "alias": "位置.Z轴",
          "type": "Number",
          "default": 0,
          "min": -1000,
          "minlength": 0,
          "maxlength": 50
        }
      ]
    }
  ]
}
