{
  "name": "Relation",
  "alias": "ER图组件",
  "version": "1.0.3",
  "author": "10007194",
  "groupAlias": "图表",
  "groupName": "custom",
  "visible": false,
  "type": "vue",
  "description": "ER图用于显示实体关系",
  "order": 3018,
  "attributes": [
    {
      "name": "appearance",
      "alias": "外观",
      "attributes": [
        {
          "alias": "文字大小",
          "name": "font-size",
          "type": "Number",
          "visible": true,
          "tips": "文字大小",
          "max": 100,
          "default": true
        },
        {
          "name": "font-size",
          "alias": "文字大小",
          "visible": true,
          "default": 16
        },
        {
          "name": "color",
          "alias": "字体颜色",
          "visible": true
        },
        {
          "name": "font-weight",
          "alias": "字体粗细",
          "visible": true
        },
        {
          "name": "font-style",
          "alias": "字体风格",
          "visible": true
        },
        {
          "name": "text-align",
          "alias": "水平对齐",
          "visible": false
        },
        {
          "name": "text-decoration",
          "alias": "文本修饰",
          "visible": false
        },
        {
          "name": "letter-spacing",
          "alias": "文字间距",
          "visible": false
        },
        {
          "name": "background-image",
          "alias": "背景图片",
          "visible": false
        },
        {
          "name": "background-repeat",
          "alias": "背景图像重复",
          "visible": false
        },
        {
          "name": "background-size",
          "alias": "背景图片尺寸",
          "visible": false
        },
        {
          "name": "background-position",
          "alias": "背景图片定位",
          "visible": false
        }
      ]
    },
    {
      "name": "data",
      "alias": "基础",
      "attributes": [
        {
          "name": "node",
          "alias": "节点数据",
          "type": "Complex",
          "attributes": [
            {
              "name": "renderContent",
              "alias": "树节点的内容区的渲染",
              "visible": true,
              "editor": "code",
              "type": "Complex[*]",
              "linkable": true,
              "default": "[{\"tableName\":\"ODS数据库:迁移目标库（yyh）:stu_user\",\"tableNameZh\":\"学工表\",\"tableId\":\"1-stu_user\",\"to\":[{\"tableId\":\"2-stea_user\"}],\"children\":[{\"name\":\"username(用户名)\",\"fieldId\":\"1-stu_user-username\",\"to\":[{\"tableId\":\"2-stea_user\",\"fieldId\":\"2-stea_user-username\"}]},{\"name\":\"name(姓名)\",\"fieldId\":\"1-stu_user-name\"},{\"name\":\"age(年龄)\",\"fieldId\":\"1-stu_user-age\"},{\"name\":\"identity_card(身份证)\",\"fieldId\":\"1-stu_user-identity_card\"}]},{\"tableName\":\"UDW数据库:dw:stea_user\",\"tableNameZh\":\"教师表\",\"tableId\":\"2-stea_user\",\"to\":[],\"children\":[{\"name\":\"username(username)\",\"fieldId\":\"2-stea_user-username\"},{\"name\":\"name(name)\",\"fieldId\":\"2-stea_user-name\"},{\"name\":\"id_card(id_card)\",\"fieldId\":\"2-stea_user-id_card\"},{\"name\":\"gender(gender)\",\"fieldId\":\"2-stea_user-gender\"}]}]"
            }
          ]
        }
      ]
    },
    {
      "name": "events",
      "alias": "事件",
      "attributes": [
        {
          "name": "nodeClick",
          "alias": "点击节点",
          "type": "Complex",
          "attributes": [
            {
              "name": "content",
              "alias": "事件执行内容",
              "type": "Complex[*]",
              "inputVisible": false,
              "attributes": "smartAttrs.eventContent"
            },
            {
              "name": "description",
              "alias": "事件描述",
              "type": "String",
              "default": "点击节点触发的动作",
              "readonly": true
            },
            {
              "name": "payload",
              "alias": "参数",
              "type": "Complex[1]",
              "readonly": true,
              "inputVisible": false,
              "attributes": "smartAttrs.payload",
              "default": [
                {
                  "name": "value",
                  "alias": "当前节点"
                }
              ]
            }
          ]
        },
        {
          "name": "nodeContextmenu",
          "alias": "右击节点触发",
          "type": "Complex",
          "attributes": [
            {
              "name": "content",
              "alias": "事件执行内容",
              "type": "Complex[*]",
              "inputVisible": false,
              "attributes": "smartAttrs.eventContent"
            },
            {
              "name": "description",
              "alias": "事件描述",
              "type": "String",
              "default": "右击节点触发",
              "readonly": true
            },
            {
              "name": "payload",
              "alias": "参数",
              "type": "Complex[1]",
              "readonly": true,
              "inputVisible": false,
              "attributes": "smartAttrs.payload",
              "default": [
                {
                  "name": "value",
                  "alias": "当前节点"
                }
              ]
            }
          ]
        },
        {
          "name": "nodeCollapse",
          "alias": "关闭节点触发",
          "type": "Complex",
          "attributes": [
            {
              "name": "content",
              "alias": "事件执行内容",
              "type": "Complex[*]",
              "inputVisible": false,
              "attributes": "smartAttrs.eventContent"
            },
            {
              "name": "description",
              "alias": "事件描述",
              "type": "String",
              "default": "关闭节点的动作",
              "readonly": true
            },
            {
              "name": "payload",
              "alias": "参数",
              "type": "Complex[1]",
              "readonly": true,
              "inputVisible": false,
              "attributes": "smartAttrs.payload",
              "default": [
                {
                  "name": "value",
                  "alias": "当前节点"
                }
              ]
            }
          ]
        },
        {
          "name": "nodeExpand",
          "alias": "打开节点触发",
          "type": "Complex",
          "attributes": [
            {
              "name": "content",
              "alias": "事件执行内容",
              "type": "Complex[*]",
              "inputVisible": false,
              "attributes": "smartAttrs.eventContent"
            },
            {
              "name": "description",
              "alias": "事件描述",
              "type": "String",
              "default": "打开节点触发",
              "readonly": true
            },
            {
              "name": "payload",
              "alias": "参数",
              "type": "Complex[1]",
              "readonly": true,
              "inputVisible": false,
              "attributes": "smartAttrs.payload",
              "default": [
                {
                  "name": "value",
                  "alias": "当前节点"
                }
              ]
            }
          ]
        }
      ]
    },
    {
      "name": "methods",
      "alias": "方法",
      "attributes": [
        {
          "name": "refresh",
          "alias": "刷新数据",
          "type": "Complex",
          "attributes": [
            { "name": "functionName", "alias": "方法名称", "type": "String", "readonly": true, "default": "refresh" },
            { "name": "description", "alias": "方法描述", "type": "String", "readonly": true, "default": "此方法用于刷新图表关联数据" }
          ]
        }
      ]
    }
  ]
}