{
  "name": "CarouselLayout",
  "alias": "轮播布局",
  "version": "1.0.6",
  "author": "2023",
  "groupAlias": "布局",
  "groupName": "layout",
  "type": "vue",
  "description": "",
  "order": 1004,
  "attributes": [{
    "name": "appearance",
    "alias": "外观",
    "attributes": [
      { "name": "font-size", "visible": false },
      { "name": "color", "visible": false },
      { "name": "font-weight", "visible": false },
      { "name": "font-style", "visible": false },
      { "name": "line-height", "visible": false },
      { "name": "text-align", "visible": false },
      { "name": "letter-spacing", "visible": false},
      { "name": "text-decoration", "visible": false }
    ]
  },
    {
      "name": "layout",
      "alias": "布局",
      "attributes": [
        { "name": "height", "visible": true, "default": "300px" },
        { "name": "padding", "visible": false},
        { "name": "borderVisible", "visible": true},
        { "name": "border-style", "visible": true},
        { "name": "border-color", "visible": true},
        { "name": "isBorderRadius", "visible": true},
        { "name": "box-shadow", "visible": true},
        { "name": "blockPadding", "default": [10,10,10,10]},
        { "name": "blockTitle", "visible": true},
        { "name": "blockTitleFontSize", "visible": true},
        { "name": "blockTitleColor", "visible": true},
        { "name": "blockTitleMargin", "visible": true},
        { "name": "blockTitlePadding", "visible": true},
        { "name": "blockTitleHeight", "visible": true},
        { "name": "blockTitleIcon", "visible": true},
        { "name": "blockToolbarShowType", "visible": true},
        { "name": "blockToolbar", "visible": true}
      ]
    },
    {
      "name": "base",
      "alias": "基础",
      "attributes": [
        { "name": "carouseItemLength", "alias": "轮播项个数", "type": "Number", "default": 3, "min": 1, "max": 10,"changeHandler": "changeHandler"},
        { "name": "activeIndex", "alias": "初始激活的幻灯片的索引", "type": "Number", "default": 0, "min":  0, "max":  2},
        {
          "name": "type",
          "alias": "风格类型",
          "type": "Enum(\"'':默认\", \"card:卡片\")",
          "default": "",
          "tips": "卡片类型时，展示方向仅支持水平模式",
          "changeHandler": "chartTypeChange"
        },
        { "name": "trigger", "alias": "触发切换方式", "type":"Enum(\"click:点击\", \"'':悬浮\")", "default": ""},
        {
          "name": "direction",
          "alias": "轮播展示方向",
          "type": "Enum(\"horizontal:水平\", \"vertical:垂直\")",
          "default": "horizontal",
          "customGroupName": "direction"
        },
        {
          "name": "arrow",
          "alias": "切换箭头的显示时机",
          "type": "Enum(\"hover:悬浮\", \"always:总是\", \"never:从不\")",
          "default": "hover",
          "tips": "轮播展示方向为垂直时，箭头不会显示"
        },
        {
          "name": "indicatorPosition",
          "alias": "指示器的位置",
          "type": "Enum(\":默认\", \"outside:外部\", \"none:不显示\")",
          "default": "",
          "tips": "指示器数字仅会在编辑态显示"
        },
        {
          "name":"loop",
          "alias":"是否循环显示",
          "type":"Boolean",
          "default":true
        },
        {
          "name":"autoplay",
          "alias":"是否自动切换",
          "type":"Boolean",
          "default": false
        },
        {
          "name":"interval",
          "alias":"自动切换的时间间隔(ms)",
          "type":"Number",
          "default":3000,
          "min": 1000
        },
        { "name": "contentPadding", "alias": "内容内边距", "type": "Number[4]", "default": [10, 10, 10, 10], "primitiveLabels": ["上", "右", "下", "左"], "max": 100},
        { "name": "gutter", "alias": "内容栅格间隔", "type": "Number", "default": 0, "min":  0, "max": 100},
        { "name": "layoutType",  "visible": false},
        { "name": "justify", "visible": false},
        { "name": "align", "visible": false}
      ]
    },
    {
      "name": "events",
      "alias": "事件",
      "attributes": [
        {
          "name": "change",
          "alias": "轮播切换",
          "type": "Complex",
          "attributes": [
            {
              "name": "content",
              "alias": "事件执行内容",
              "type": "Complex[*]",
              "inputVisible": false,
              "attributes": "smartAttrs.eventContent"
            },
            {
              "name": "description",
              "alias": "事件描述",
              "type": "String",
              "default": "轮播切换触发的动作",
              "readonly": true
            },
            { "name": "payload", "alias": "参数", "type": "Complex[2]", "readonly":true, "inputVisible": false, "attributes": "smartAttrs.payload",
              "default":[
                {"name": "activeIndex", "alias": "目前激活的幻灯片的索引"},
                {"name": "originIndex", "alias": "原幻灯片的索引"}
              ]
            }
          ]
        }
      ]
    }]
}
