{
  "name": "E-Signature",
  "alias": "电子签名",
  "version": "1.4.0",
  "author": "10007630",
  "groupAlias": "表单组件",
  "groupName": "form",
  "type": "vue",
  "description": "电子签名,可用手写输入签名生成签名图片及绑定认证信息",
  "order": 4010,
  "attributes": [
    {
      "name": "appearance",
      "alias": "外观",
      "visible": false
    },
    {
      "name": "layout",
      "alias": "布局",
      "attributes": []
    },
    {
      "name": "toolbar",
      "alias": "工具",
      "attributes": [
        {
          "alias": "只读",
          "name": "readOnly",
          "type": "Boolean",
          "default": false
        },
        {
          "alias": "笔触粗细",
          "name": "lineWidth",
          "type": "Enum(\"1:极细\",\"2:细\",\"3:正常\",\"4:粗\")",
          "default": "3"
        },
        {
          "alias": "笔触颜色",
          "name": "lineColor",
          "type": "String",
          "colorFormat": "hex",
          "editor": "color",
          "default": "#000000"
        },
        {
          "alias": "水印",
          "name": "waterTitle",
          "type": "String",
          "default": ""
        },
        {
          "alias": "水印大小",
          "name": "waterSize",
          "type": "Enum(\"9:极小\",\"12:小\",\"14:正常\",\"16:大\",\"22:超大\")",
          "default": "14"
        },
        {
          "name": "auth",
          "alias": "认证信息",
          "type": "Complex",
          "attributes": [
            {
              "alias": "第三方认证",
              "name": "isAuth",
              "type": "Boolean",
              "default": false
            },
            {
              "alias": "认证类型",
              "name": "authType",
              "type": "Enum(\"1:身份证实名认证\",\"2:eID实名认证\",\"3:银行卡实名认证\",\"4:刷脸认证\",\"5:指纹认证\",\"6:企业实名认证\",\"7:其他\")",
              "default": "1",
              "changeHandler": "typeChange"
            },
            {
              "alias": "认证值",
              "name": "value",
              "type": "String",
              "default": "",
              "linkable": true
            }
          ]
        }
      ]
    },
    {
      "name": "data",
      "alias": "数据",
      "attributes": [
        {
          "alias": "绑定值",
          "name": "value",
          "linkable": true,
          "type": "Complex[*]",
          "editor": "code",
          "default": ""
        }
      ]
    },
    {
      "name": "events",
      "alias": "事件",
      "attributes": [
        {
          "alias": "签名确定",
          "name": "change",
          "type": "Complex",
          "attributes": [
            {
              "name": "content",
              "alias": "执行内容",
              "type": "Complex[*]",
              "inputVisible": false,
              "attributes": "smartAttrs.eventContent"
            },
            {
              "name": "description",
              "alias": "事件描述",
              "type": "String",
              "readonly": true,
              "default": "点击确认时会执行"
            },
            {
              "name": "payload",
              "alias": "参数",
              "type": "Complex[1]",
              "readonly": true,
              "inputVisible": false,
              "attributes": "smartAttrs.payload",
              "default": [
                {
                  "name": "value",
                  "alias": "电子签名数据信息"
                },
                {
                  "name": "img",
                  "alias": "电子签名图片"
                }
              ]
            }
          ]
        },
        {
          "alias": "点击查看",
          "name": "viewHandle",
          "type": "Complex",
          "attributes": [
            {
              "name": "content",
              "alias": "执行内容",
              "type": "Complex[*]",
              "inputVisible": false,
              "attributes": "smartAttrs.eventContent"
            },
            {
              "name": "description",
              "alias": "事件描述",
              "type": "String",
              "readonly": true,
              "default": "当只读时，点击查看签名信息"
            },
            {
              "name": "payload",
              "alias": "参数",
              "type": "Complex[1]",
              "readonly": true,
              "inputVisible": false,
              "attributes": "smartAttrs.payload",
              "default": [
                {
                  "name": "value",
                  "alias": "电子签名数据信息"
                },
                {
                  "name": "img",
                  "alias": "电子签名图片"
                }
              ]
            }
          ]
        }
      ]
    },
    {
      "name": "methods",
      "alias": "方法",
      "attributes": [
        {
          "name": "setValue",
          "alias": "设置值",
          "type": "Complex",
          "readonly": true,
          "returnValue": false,
          "attributes": [
            {
              "name": "functionName",
              "alias": "方法名称",
              "type": "String",
              "default": "setValue"
            },
            {
              "name": "description",
              "alias": "方法描述",
              "type": "String",
              "default": "设置数据"
            },
            {
              "name": "payload",
              "alias": "参数",
              "type": "Complex[1]",
              "inputVisible": false,
              "attributes": "smartAttrs.payload",
              "default": [
                {
                  "name": "value",
                  "alias": "绑定值",
                  "editor": "variable"
                }
              ]
            }
          ]
        },
        {
          "name": "getValue",
          "alias": "获取当前签名值",
          "type": "Complex",
          "readonly": true,
          "returnValue": true,
          "attributes": [
            {
              "name": "functionName",
              "alias": "方法名称",
              "type": "String",
              "default": "getValue"
            },
            {
              "name": "description",
              "alias": "方法描述",
              "type": "String",
              "default": "获取当前值"
            },
            {
              "name": "output",
              "alias": "返回值",
              "type": "Complex[4]",
              "description": "当前签名对象",
              "default": [
                { "name": "type", "alias": "认证类型", "type": "Boolean" },
                { "name": "val", "alias": "认证值", "type": "String" },
                { "name": "time", "alias": "签名时间", "type": "Number" },
                { "name": "img", "alias": "签名内容", "type": "String" }
              ]
            }
          ]
        },
        {
          "name": "refresh",
          "alias": "刷新滑块",
          "type": "Complex",
          "returnValue": false,
          "readonly": true,
          "attributes": [
            {
              "name": "functionName",
              "alias": "方法名称",
              "type": "String",
              "default": "refresh"
            },
            {
              "name": "description",
              "alias": "方法描述",
              "type": "String",
              "default": "刷新电子签名组件"
            }
          ]
        }
      ]
    }
  ]
}
