{
  "name": "Calendar",
  "alias": "日历组件",
  "version": "1.4.0",
  "author": "10007194",
  "groupAlias": "基础组件",
  "groupName": "basic",
  "type": "vue",
  "description": "日历用于显示日期和日程",
  "order": 2018,
  "attributes": [
    {
      "name": "appearance",
      "alias": "外观",
      "attributes": [
        {
          "name": "showTitle",
          "alias": "支持选择月份",
          "visible": true,
          "type": "Boolean",
          "default": true
        },
        {
          "alias": "周起始日",
          "name": "firstDay",
          "type": "Enum(\"1:周一\",\"7:周日\")",
          "visible": true,
          "tips": "周起始日",
          "default": "1"
        },
        {
          "alias": "单元格显示格式",
          "name": "itemFormat",
          "type": "Enum(\"1:mm-dd\",\"2:dd\",\"3:yyyy-mm-dd\")",
          "visible": true,
          "tips": "单元格显示格式",
          "default": "1"
        },
        {
          "alias": "单元格高度",
          "name": "itemHeight",
          "linkable": true,
          "type": "Number",
          "default": 85,
          "min": 24
        },
        {
          "name": "line-height",
          "alias": "字体行高",
          "visible": true
        },
        {
          "name": "font-size",
          "alias": "文字大小",
          "visible": true,
          "default": 12
        },
        {
          "name": "color",
          "alias": "字体颜色",
          "visible": true
        },
        {
          "name": "font-weight",
          "alias": "字体粗细",
          "visible": true
        },
        {
          "name": "font-style",
          "alias": "字体风格",
          "visible": true
        },
        {
          "name": "text-align",
          "alias": "水平对齐",
          "visible": false
        },
        {
          "name": "text-decoration",
          "alias": "文本修饰",
          "visible": false
        },
        {
          "name": "letter-spacing",
          "alias": "文字间距",
          "visible": false
        },
        {
          "name": "background-image",
          "alias": "背景图片",
          "visible": false
        },
        {
          "name": "background-repeat",
          "alias": "背景图像重复",
          "visible": false
        },
        {
          "name": "background-size",
          "alias": "背景图片尺寸",
          "visible": false
        },
        {
          "name": "background-position",
          "alias": "背景图片定位",
          "visible": false
        }
      ]
    },
    {
      "name": "data",
      "alias": "数据",
      "attributes": [
        {
          "name": "value",
          "alias": "日程数据",
          "type": "Complex",
          "attributes": [
            {
              "alias": "绑定值",
              "name": "value",
              "type": "Complex[*]",
              "editor": "code",
              "linkable": true,
              "tips": "title:需要显示的日程描述,date:日程的时间,cssClass:不同级别的日程，支持red，green，blue，yellow, #E23E34。",
              "default": [
                {
                  "title": "国庆节",
                  "date": "2021-10-01",
                  "cssClass": "transparent",
                  "fontSize": "18px",
                  "color": "#e3493c"
                },
                {
                  "title": "国庆节",
                  "date": "2021-10-01",
                  "cssClass": "green",
                  "fontSize": "18px",
                  "color": "#e3493c"
                }
              ]
            }
          ]
        },
        {
          "name": "range",
          "alias": "时间范围",
          "type": "Complex",
          "attributes": [
            {
              "alias": "开启",
              "name": "useRange",
              "type": "Boolean",
              "linkable": true,
              "tips": "设置开启时间范围才会生效",
              "default": false
            },
            {
              "name": "shortcuts",
              "alias": "隐藏快捷选项",
              "visible": true,
              "type": "Boolean",
              "default": false
            },
            {
              "alias": "时间范围",
              "name": "value",
              "type": "Complex[*]",
              "editor": "code",
              "linkable": true,
              "tips": "设置 range 属性指定日历的显示范围。开始时间必须是周起始日，结束时间必须是周结束日，且时间跨度不能超过两个月。",
              "default": ["2019-03-04", "2019-03-24"]
            }
          ]
        },
        {
          "name": "dateBg",
          "alias": "日期背景",
          "type": "Complex",
          "attributes": [
            {
              "alias": "日期背景",
              "name": "value",
              "type": "Complex[*]",
              "editor": "code",
              "linkable": true,
              "tips": "title:需要显示的日程描述,date:日程的时间,bgColor:不同级别的日程，支持red，green，blue，yellow等。",
              "default": [
                {
                  "date": "2022-05-02",
                  "bgColor": "transparent"
                },
                {
                  "date": "2021-09-12",
                  "bgColor": "green"
                },
                {
                  "date": "2021-09-22",
                  "bgColor": "green"
                }
              ]
            }
          ]
        }
      ]
    },
    {
      "name": "events",
      "alias": "事件",
      "attributes": [
        {
          "name": "dayclick",
          "alias": "点击日期",
          "type": "Complex",
          "attributes": [
            {
              "name": "content",
              "alias": "事件执行内容",
              "type": "Complex[*]",
              "inputVisible": false,
              "attributes": "smartAttrs.eventContent"
            },
            {
              "name": "description",
              "alias": "事件描述",
              "type": "String",
              "default": "点击日期触发的动作",
              "readonly": true
            },
            {
              "name": "payload",
              "alias": "参数",
              "type": "Complex[1]",
              "readonly": true,
              "inputVisible": false,
              "attributes": "smartAttrs.payload",
              "default": [
                {
                  "name": "currentDate",
                  "alias": "当前日期"
                }
              ]
            }
          ]
        },
        {
          "name": "eventclick",
          "alias": "点击日程",
          "type": "Complex",
          "attributes": [
            {
              "name": "content",
              "alias": "事件执行内容",
              "type": "Complex[*]",
              "inputVisible": false,
              "attributes": "smartAttrs.eventContent"
            },
            {
              "name": "description",
              "alias": "事件描述",
              "type": "String",
              "default": "点击日程事件触发的动作",
              "readonly": true
            },
            {
              "name": "payload",
              "alias": "参数",
              "type": "Complex[1]",
              "readonly": true,
              "inputVisible": false,
              "attributes": "smartAttrs.payload",
              "default": [
                {
                  "name": "node",
                  "alias": "当前日程"
                }
              ]
            }
          ]
        },
        {
          "name": "mouthclick",
          "alias": "月份改变",
          "type": "Complex",
          "attributes": [
            {
              "name": "content",
              "alias": "事件执行内容",
              "type": "Complex[*]",
              "inputVisible": false,
              "attributes": "smartAttrs.eventContent"
            },
            {
              "name": "description",
              "alias": "事件描述",
              "type": "String",
              "default": "月份改变触发的动作",
              "readonly": true
            },
            {
              "name": "payload",
              "alias": "参数",
              "type": "Complex[1]",
              "readonly": true,
              "inputVisible": false,
              "attributes": "smartAttrs.payload",
              "default": [
                {
                  "name": "currentMonth",
                  "alias": "当前月份"
                }
              ]
            }
          ]
        }
      ]
    },
    {
      "name": "methods",
      "alias": "方法",
      "attributes": [
        {
          "name": "refresh",
          "alias": "刷新日历组件",
          "type": "Complex",
          "readonly": true,
          "attributes": [
            {
              "name": "functionName",
              "alias": "方法名称",
              "type": "String",
              "default": "refresh"
            },
            {
              "name": "description",
              "alias": "方法描述",
              "type": "String",
              "editor": "code",
              "default": "刷新日历组件"
            }
          ]
        }
      ]
    }
  ]
}