{
  "name": "Diagram",
  "alias": "简图组件",
  "version": "1.0.5",
  "author": "10002215",
  "groupAlias": "基础组件",
  "groupName": "basic",
  "type": "vue",
  "description": "支持自定义简图组件显示",
  "order": 2006,
  "attributes": [
    {
      "name": "appearance",
      "alias": "外观",
      "visible": false
    },
    {
      "name": "toolbar",
      "alias": "工具",
      "attributes": [
        {
          "alias": "允许滚动",
          "name": "scrolling",
          "type": "Enum(\"auto:自适应\", \"yes:允许滚动\", \"no:禁止滚动\")",
          "default": "auto"
        },
        {
          "alias": "限制设置",
          "name": "sandbox",
          "type": "String",
          "minlength": 0,
          "maxlength": 200,
          "default": "allow-same-origin allow-scripts allow-forms",
          "tips": "标识内嵌环境可允许的项，各属性按照空格分割添加，以下为各属性含义：【allow-scripts】:允许运行脚本，【allow-forms】:允许提交表单，【allow-modals】:允许打开模态窗口，【allow-popups】:允许弹窗,【allow-same-origin】:允许将内容作为同源对待"
        }
      ]
    },
    {
      "name": "data",
      "alias": "数据",
      "attributes": [
        {
          "alias": "绑定值",
          "name": "value",
          "type": "string",
          "linkable": true,
          "default": "",
          "tips": "diagram简图的网络地址"
        }
      ]
    },
    {
      "name": "events",
      "alias": "事件",
      "attributes": [
        {
          "alias": "加载完成",
          "name": "load",
          "type": "Complex",
          "attributes": [
            {
              "name": "content",
              "alias": "执行内容",
              "type": "Complex[*]",
              "inputVisible": false,
              "attributes": "smartAttrs.eventContent"
            },
            {
              "name": "description",
              "alias": "事件描述",
              "type": "String",
              "readonly": true,
              "editor": "code",
              "default": "组件加载内容完成"
            },
            {
              "name": "payload",
              "alias": "参数",
              "type": "Complex[1]",
              "readonly": true,
              "inputVisible": false,
              "attributes": "smartAttrs.payload",
              "default": [
                {
                  "name": "iframe",
                  "alias": "当前容器组件"
                }
              ]
            }
          ]
        },
        {
          "alias": "收到消息",
          "name": "onMessage",
          "type": "Complex",
          "attributes": [
            {
              "name": "content",
              "alias": "执行内容",
              "type": "Complex[*]",
              "inputVisible": false,
              "attributes": "smartAttrs.eventContent"
            },
            {
              "name": "description",
              "alias": "事件描述",
              "type": "String",
              "readonly": true,
              "editor": "code",
              "default": "组件收到消息"
            },
            {
              "name": "payload",
              "alias": "参数",
              "type": "Complex[1]",
              "readonly": true,
              "inputVisible": false,
              "attributes": "smartAttrs.payload",
              "default": [
                {
                  "name": "message",
                  "alias": "消息内容"
                }
              ]
            }
          ]
        }
      ]
    }
  ]
}