{
  "name": "Tabs",
  "alias": "标签页布局",
  "version": "1.4.3",
  "author": "2023",
  "groupAlias": "布局",
  "groupName": "layout",
  "type": "vue",
  "description": "",
  "order": 1003,
  "attributes": [{
      "name": "appearance",
      "alias": "外观",
      "attributes": [
        { "name": "font-size", "visible": false },
        { "name": "color", "visible": false },
        { "name": "font-weight", "visible": false },
        { "name": "font-style", "visible": false },
        { "name": "line-height", "visible": false },
        { "name": "text-align", "visible": false },
        { "name": "letter-spacing", "visible": false},
        { "name": "text-decoration", "visible": false }
      ]
    },
    {
    "name": "layout",
    "alias": "布局",
    "attributes": [
      { "name": "lg", "default": 24},
      { "name": "span", "default": 24},
      { "name": "height", "default": "300px"},

      { "name": "padding", "visible": false},
      { "name": "borderVisible", "visible": true, "default":  true},
      { "name": "border-style", "visible": true},
      { "name": "border-color", "visible": true},
      { "name": "isBorderRadius", "visible": true},
      { "name": "box-shadow", "visible": true},
      { "name": "blockTitle", "visible": true},
      { "name": "blockTitleFontSize", "visible": true},
      { "name": "blockTitleColor", "visible": true},
      { "name": "blockTitleMargin", "visible": true},
      { "name": "blockTitlePadding", "visible": true},
      { "name": "blockTitleHeight", "visible": true},
      { "name": "blockTitleIcon", "visible": true},
      { "name": "blockToolbarShowType", "visible": true}
    ]
  },
    {
    "name": "others",
    "alias": "其它",
    "attributes": [
      { "name": "iterate", "alias": "遍历", "type": "Boolean", "default": false, "changeHandler": "changeHandler", "visible":  false},
      { "name": "iterateData", "alias": "数据", "type": "Complex[*]", "linkable":"true", "editor":"code", "customGroupName": "iterationModeTrue", "visible": false, "default": "[{\"name\": \"123\"},{\"name\": \"456\"}]"},
      { "name": "iterateKeys", "alias": "遍历节点属性", "type": "String[*]", "linkable":"false", "default": "", "tips": "遍历项的属性，供子组件属性值绑定变量时的选择项", "visible": false, "customGroupName": "iterationModeTrue",
        "repeat": "false"
      },
      { "name": "tabName", "alias": "标签名称", "type": "String[*]", "default": ["name1", "name2", "name3"], "min": 1, "changeHandler": "changeHandler", "visible":  false},
      { "name": "tabNameConfig", "alias": "标签名配置", "type": "Complex[*]", "inputVisible": false,  "attributes": [
        { "name": "tabId", "alias": "标签标识", "type": "String", "default": "", "visible": false},
        { "name": "tabName", "alias": "标签名称", "type": "String", "default": "", "titleVisible": true,  "linkable":"true", "minlength": 0, "maxlength": 50 },
        { "name": "tabVisible", "alias": "是否可见", "type": "Boolean", "default": true}
      ]},
      { "name": "tabType", "alias": "标签风格", "type": "Enum(\"card:选项卡\", \"line:下划线\")", "default": "card", "visible": true},
      { "name": "tabBorder", "alias": "标签边框显示", "type": "Boolean", "default": true },
      { "name": "closeable", "alias": "可以关闭标签", "type": "Boolean", "default": false,
        "visible": false
      },
      { "name": "activedName", "alias": "初始标签序号", "type": "Number", "default": 1, "min":  1, "max":  999},
      { "name": "activeColor", "alias": "激活标签文字颜色", "type": "String", "editor": "color"},
      { "name": "activeBackgroundColor", "alias": "激活标签背景色", "type": "String", "editor": "color" },
      { "name": "tabFontSize", "alias": "标签名字体大小", "type": "Number", "default": 13, "min": 12, "precision": 0, "step": 1, "changeHandler": "changeHandler"},
      { "name": "tabHeight", "alias": "标签名高度", "type": "Number", "default": 40, "min": 12, "customGroupName": "tabHeight"},
      { "name": "tabPosition", "alias": "标签位置", "type": "Enum(\"top:顶部\", \"right:居右\", \"bottom:底部\", \"left:居左\")", "default": "top"},
      { "name": "tabStretch", "alias": "标签名是否自动撑开", "type": "Boolean", "default": false, "min": 1, "visible": true},
      { "name": "contentPadding", "alias": "内容内边距", "type": "Number[4]", "min": 0, "max": 9999, "precision":0, "primitiveLabels": ["上", "右", "下", "左"], "sort": 3503, "visible": true,
        "default": [0,0,0,0]
      },
      { "name": "tabOverflow", "alias": "内容溢出", "type": "Enum(\"visible:默认\", \"hidden:隐藏\", \"auto:自动\")", "default": "hidden"},
      { "name": "gutter", "alias": "内容栅格间隔", "type": "Number", "default": 10, "min":  0, "max": 100},
      { "name": "layoutType", "alias": "内容布局模式", "type": "Enum(\"none:普通布局\", \"flex:flex布局\")", "default": "none", "visible": false},
      { "name": "justify", "alias": "内容水平排列方式", "type": "Enum(\"start:start\", \"end:end\", \"center:center\", \"space-around:space-around\", \"space-between:space-between\")", "default": "start", "visible": false},
      { "name": "align", "alias": "内容垂直排列方式", "type": "Enum(\"top:top\", \"middle:middle\", \"bottom:bottom\")", "default": "top", "visible": false},
      { "name": "mountInNeedMode", "alias": "按需加载模式", "type": "Boolean", "default": false, "linkable":"false", "tips":  "开启该模式将可以节省性能，但页面获取不到尚未激活过的标签页下的组件"}
    ]
  },{
      "name": "events",
      "alias": "事件",
      "attributes": [
        {
          "name": "tabClick",
          "alias": "页签点击",
          "type": "Complex",
          "attributes": [
            {
              "name": "content",
              "alias": "事件执行内容",
              "type": "Complex[*]",
              "inputVisible": false,
              "attributes": "smartAttrs.eventContent"
            },
            {
              "name": "description",
              "alias": "事件描述",
              "type": "String",
              "default": "点击按钮触发的动作",
              "readonly": true
            },
            { "name": "payload", "alias": "参数", "type": "Complex[2]", "readonly":true, "inputVisible": false, "attributes": "smartAttrs.payload",
              "default":[
                {"name": "tabName", "alias": "标签名称"},
                {"name": "tabIndex", "alias": "点击顺号"}
              ]
            }
          ]
        },
        {
          "name": "clickClose",
          "alias": "点击关闭按钮",
          "type": "Complex",
          "visible": false,
          "attributes": [
            {
              "name": "content",
              "alias": "事件执行内容",
              "type": "Complex[*]",
              "inputVisible": false,
              "attributes": "smartAttrs.eventContent"
            },
            {
              "name": "description",
              "alias": "事件描述",
              "type": "String",
              "default": "点击按钮触发的动作",
              "readonly": true
            },
            { "name": "payload", "alias": "参数", "type": "Complex[1]", "readonly":true, "inputVisible": false, "attributes": "smartAttrs.payload",
              "default":[
                {"name": "index", "alias": "标签名称"}
              ]
            }
          ]
        }
      ]
    }, {
      "name": "methods",
      "alias": "方法",
      "attributes": [
        { "name": "setActiveTab",
          "alias": "设置激活页",
          "type": "Complex",
          "readonly": true,
          "attributes": [
            { "name": "functionName", "alias": "方法名称", "type": "String", "default": "setActiveTab" },
            { "name": "description", "alias": "方法描述", "type": "String", "default": "设置激活页" },
            { "name": "payload", "alias": "参数", "type": "Number", "readonly":true, "inputVisible": false, "attributes": "smartAttrs.payload",
              "default":[
                {"name": "index", "alias": "标签序号", "editor":"variable"}
              ]
            }
          ]
        },
        { "name": "validate",
          "alias": "表单校验",
          "type": "Complex",
          "readonly": true,
          "attributes": [
            { "name": "functionName", "alias": "方法名称", "type": "String", "default": "validate" },
            { "name": "description", "alias": "方法描述", "type": "String", "default": "布局块内所有表单校验" },
            { "name": "payload", "alias": "参数", "type": "Complex[2]", "readonly":true, "inputVisible": false, "attributes": "smartAttrs.payload",
              "default":[
                {"name": "type", "alias": "校验类型", "type": "Enum(\"all:全部页\", \"current:当前激活页\", \"custom:自定义序号页\")",
                  "default": "all"
                },
                {"name": "typeCustom", "alias": "自定义序号页", "tips": "序号起始为1，仅支持正整数参数", "type": "Number", "editor": "variable"}
              ]
            }
          ]
        }
      ]
    }
  ]
}
