{
  "name": "ChartSankey",
  "alias": "桑基图",
  "version": "1.1.2",
  "author": "10007630",
  "groupName": "chart",
  "groupAlias": "图表",
  "description": "桑基图",
  "type": "vue",
  "order": 3088,
  "attributes": [
    {
      "name": "appearance",
      "alias": "外观",
      "attributes": [
        { "name": "line-height", "alias": "字体行高","visible": false },
        { "name": "font-size", "alias": "文字大小","visible": false},
        { "name": "color", "alias": "字体颜色", "visible": false },
        { "name": "font-weight", "alias": "字体粗细", "visible": false },
        { "name": "font-style", "alias": "字体风格", "visible": false },
        { "name": "text-align", "alias": "水平对齐", "visible": false },
        { "name": "text-decoration", "alias": "文本修饰","visible": false},
        { "name": "letter-spacing", "alias": "文字间距", "visible": false },
        { "name": "background-image", "alias": "背景图片","visible": false},
        { "name": "background-repeat", "alias": "背景图像重复","visible": false},
        { "name": "background-size", "alias": "背景图片尺寸","visible": false},
        { "name": "background-position", "alias": "背景图片定位","visible": false}
      ]
    },
    {
      "name": "layout",
      "alias": "布局",
      "expandable": true,
      "attributes": [
        { "name": "width", "alias": "宽度", "type": "String", "default": "300px" },
        { "name": "height", "alias": "高度", "type": "String", "default": "300px" }
      ]
    },
    {
      "name": "title",
      "alias": "标题",
      "expandable": true,
      "attributes": [
        {
          "name": "title",
          "alias": "标题",
          "type": "Complex",
          "attributes": [
            {
              "name": "show",
              "alias": "标题显示",
              "type": "Boolean",
              "default": true
            },
            {
              "name": "text",
              "alias": "主标题.标题文本",
              "type": "String",
              "default": "标题"
            },
            {
              "name": "subtext",
              "alias": "副标题.副标题文本",
              "type": "String",
              "default": "副标题"
            },
            {
              "name": "left",
              "alias": "主标题.左边距",
              "type": "String",
              "default": "auto",
              "rules": [{
                "pattern": "/^(__quote:percentage__|([1-9]?[0-9]{0,3})|(left)|(center)|(right)|(auto))$/",
                "message": "请输入小于10000的正整数或百分比或字符串"
              }],
              "tips":"left 的值可以是像 20 这样的具体像素值，可以是像 '20%' 这样相对于容器高宽的百分比，也可以是 'left', 'center', 'right'。如果 left 的值为'left', 'center', 'right'，组件会根据相应的位置自动对齐。"
            },
            {
              "name": "top",
              "alias": "主标题.上边距",
              "type": "String",
              "default": "auto",
              "rules": [{
                "pattern": "/^(__quote:percentage__|([1-9]?[0-9]{0,3})|(top)|(middle)|(bottom)|(auto))$/",
                "message": "请输入小于10000的正整数或百分比或字符串"
              }],
              "tips":"top 的值可以是像 20 这样的具体像素值，可以是像 '20%' 这样相对于容器高宽的百分比，也可以是 'top', 'middle', 'bottom'。如果 top 的值为'top', 'middle', 'bottom'，组件会根据相应的位置自动对齐。"
            },
            {
              "name": "titleOption",
              "alias": "标题自定义",
              "type": "Complex[*]",
              "editor": "code",
              "default" : "{\"textAlign\": \"auto\"}",
              "tips": "自定义个性化配置会覆盖其他配置的标题样式，参看echart文档title"
            }
          ]
        }
      ]
    },
    {
      "name": "tooltip",
      "alias": "提示框",
      "expandable": true,
      "attributes": [
        {
          "name": "tooltip",
          "alias": "提示框",
          "type": "Complex",
          "attributes": [
            {
              "name": "show",
              "alias": "是否显示",
              "type": "Boolean",
              "default": true
            },
            {
              "name": "tooltipOption",
              "alias": "配置自定义",
              "type": "Complex[*]",
              "editor": "code",
              "default" : "{\"trigger\": \"item\"}",
              "tips": "自定义个性化配置会覆盖其他配置的提示框样式，参看echart文档tooltip"
            }
          ]
        }
      ]
    },
    {
      "name": "sankey",
      "alias": "基础配置",
      "expandable": true,
      "attributes": [
        {
          "name": "series",
          "alias": "系列",
          "type": "Complex",
          "inputVisible": false,
          "attributes": [
            {
              "name": "data",
              "alias": "关联数据",
              "type": "Complex[*]",
              "editor": "code",
              "linkable": true,
              "default": "[{\"name\": \"a\"}, {\"name\": \"b\"}, {\"name\": \"c\"}]",
              "tips": "自定义配置桑基图节点数据列表关联数据，参看echart文档桑基图series.data"
            },
            {
              "name": "links",
              "alias": "节点间的边",
              "type": "Complex[*]",
              "editor": "code",
              "linkable": true,
              "default": "[{\"source\": \"a\",\"target\": \"b\",\"value\": \"5\"}, {\"source\": \"a\",\"target\": \"c\",\"value\": \"2\"}]",
              "tips": "自定义配置桑基图节点间的边，参看echart文档桑基图series.links"
            },
            {
              "name": "orient",
              "alias": "布局方式",
              "type": "Enum(\"horizontal:水平布局\",\"vertical:垂直布局\")",
              "default": "horizontal"
            },
            {
              "name": "left",
              "alias": "左边距",
              "type": "String",
              "default": "auto",
              "rules": [{
                "pattern": "/^(__quote:percentage__|([1-9]?[0-9]{0,3})|(left)|(center)|(right)|(auto))$/",
                "message": "请输入小于10000的正整数或百分比或字符串"
              }],
              "tips":"left 的值可以是像 20 这样的具体像素值，可以是像 '20%' 这样相对于容器高宽的百分比，也可以是 'left', 'center', 'right'。如果 left 的值为'left', 'center', 'right'，组件会根据相应的位置自动对齐。"
            },
            {
              "name": "top",
              "alias": "上边距",
              "type": "String",
              "default": "auto",
              "rules": [{
                "pattern": "/^(__quote:percentage__|([1-9]?[0-9]{0,3})|(top)|(middle)|(bottom)|(auto))$/",
                "message": "请输入小于10000的正整数或百分比或字符串"
              }],
              "tips":"top 的值可以是像 20 这样的具体像素值，可以是像 '20%' 这样相对于容器高宽的百分比，也可以是 'top', 'middle', 'bottom'。如果 top 的值为'top', 'middle', 'bottom'，组件会根据相应的位置自动对齐。"
            },
            {
              "name": "draggable",
              "alias": "是否拖拽",
              "type": "Boolean",
              "default": true
            },
            {
              "name": "lineStyle",
              "alias": "边的样式",
              "type": "Complex[*]",
              "editor": "code",
              "default" : "{}",
              "tips": "自定义配置边的样式，参看echart文档桑基图series.lineStyle,eg:{\"color\": \"#314656\" ,\"opacity\": 0.2}"
            },
            {
              "name": "label",
              "alias": "标签设置",
              "type": "Complex[*]",
              "editor": "code",
              "default" : "{\"fontStyle\": \"normal\"}",
              "tips": "自定义配置每个矩形节点中文本标签的样式，参看echart文档桑基图series.label,eg:{\"show\": true ,\"position\": \"right\"}"
            },
            {
              "name": "itemStyle",
              "alias": "节点矩形",
              "type": "Complex[*]",
              "editor": "code",
              "default" : "{}",
              "tips": "自定义配置节点矩形的样式，参看echart文档桑基图series.itemStyle,eg:{\"color\": \"#314656\" ,\" borderWidth\": 1"
            },
            {
              "name": "levels",
              "alias": "层的设置",
              "type": "Complex[*]",
              "editor": "code",
              "default" : "[]",
              "tips": "自定义桑基图每一层的设置，参看echart文档桑基图series.levels,eg:[{\"depth\": 3,\"itemStyle\": {},\"lineStyle\": {}}]"
            }
          ]
        }
      ]
    },
    {
      "name":"events",
      "alias":"事件",
      "visible": true,
      "attributes":[
        {
          "name":"click",
          "alias":"点击",
          "type":"Complex",
          "attributes": [
            {
              "name": "content",
              "alias": "事件执行内容",
              "type": "Complex[*]",
              "inputVisible": false,
              "attributes": "smartAttrs.eventContent"
            },
            {
              "name": "description",
              "alias": "事件描述",
              "type": "String",
              "default": "点击图事件",
              "readonly": true
            },
            {
              "name": "payload",
              "alias": "参数",
              "type": "Complex[*]",
              "readonly":true,
              "inputVisible": false,
              "attributes": "smartAttrs.payload",
              "default": [
                {"name": "data", "alias": "桑基图数据"},
                {"name": "node", "alias": "节点数据"}
              ]
            }]
        }
      ]
    },
    {
      "name": "methods",
      "alias": "方法",
      "attributes": [
        {
          "name": "setOption",
          "alias": "设置图表配置项",
          "type": "Complex",
          "readonly": true,
          "attributes": [{
              "name": "functionName",
              "alias": "方法名称",
              "type": "String",
              "default": "setOption"
            },
            {
              "name": "description",
              "alias": "方法描述",
              "type": "String",
              "editor": "code",
              "default": "设置图表配置项"
            },
            {
              "name": "payload",
              "alias": "参数",
              "type": "Complex[1]",
              "inputVisible": false,
              "attributes": "smartAttrs.payload",
              "default":[
                {"name": "option", "alias": "配置项", "editor": "variable"},
                {"name": "optMode", "alias": "合并模式配置", "editor": "variable"}
              ]
            }
          ]
        },
        {
          "name": "setSeries",
          "alias": "设置系列",
          "type": "Complex",
          "readonly": true,
          "attributes": [{
              "name": "functionName",
              "alias": "方法名称",
              "type": "String",
              "default": "setSeries"
            },
            {
              "name": "description",
              "alias": "方法描述",
              "type": "String",
              "default": "设置系列.关联数"
            },
            {
              "name": "payload",
              "alias": "参数",
              "type": "Complex[1]",
              "inputVisible": false,
              "attributes": "smartAttrs.payload",
              "default":[
                {"name": "value", "alias": "系列.关联数据", "editor": "variable"}
              ]
            }
          ]
        },
        {
          "name": "refresh",
          "alias": "刷新数据",
          "type": "Complex",
          "attributes": [
            { "name": "functionName", "alias": "方法名称", "type": "String", "readonly": true, "default": "refresh" },
            { "name": "description", "alias": "方法描述", "type": "String", "readonly": true, "default": "此方法用于刷新图表关联数据" }
          ]
        }
      ]
    }
  ]
}
