{
  "name": "ChartMap",
  "alias": "地图",
  "version": "1.1.4",
  "author": "10002236",
  "groupName": "chart",
  "groupAlias": "图表",
  "type": "vue",
  "order": 3006,
  "attributes": [
    {
      "name": "appearance",
      "alias": "外观",
      "attributes": "smartAttrs.chartAppearance"
    },
    {
      "name": "layout",
      "alias": "布局",
      "expandable": true,
      "attributes": "smartAttrs.chartLayout"
    },
    {
      "name": "title",
      "alias": "标题",
      "expandable": true,
      "attributes": "smartAttrs.chartTitle"
    },
    {
      "name": "legend",
      "alias": "图例分组",
      "expandable": true,
      "attributes": "smartAttrs.chartLegend"
    },
    {
      "name": "geoConfig",
      "alias": "地图json文件",
      "expandable": true,
      "attributes": [
        {
          "name": "geoConfig",
          "alias": "地图json配置",
          "type": "Complex",
          "attributes": [
            {
              "name": "geoConfig.nameCH",
              "alias": "地图中文名称",
              "type": "String",
              "default": "香港"
            },
            {
              "name": "geoConfig.name",
              "alias": "英文名称",
              "type": "String",
              "default": "HK"
            },
            {
              "name": "geoConfig.url",
              "alias": "json的url地址",
              "type": "String",
              "default": "https://dev.iotdataserver.net/map/HK.json"
            }
          ]
        }
      ]
    },
    {
      "name": "geo",
      "alias": "地理轴分组",
      "expandable": true,
      "attributes": [
        {
          "name": "geo",
          "alias": "地理轴",
          "type": "Complex[*]",
          "inputVisible": false,
          "attributes": [
            {
              "name": "geo.show",
              "alias": "地理轴.显示",
              "type": "Boolean",
              "default": true
            },
            {
              "name": "geo.map",
              "alias": "地理轴.地图名称",
              "type": "String",
              "default": "HK",
              "visible": false
            },
            {
              "name": "geo.roam",
              "alias": "地理轴.缩放漫游",
              "type": "Boolean",
              "default": false
            },
            {
              "name": "geo.center",
              "alias": "地理轴.视角中心点",
              "type": "Number[2]",
              "default": null,
              "precision": 6,
              "min": -180,
              "max": 180,
              "primitiveLabels": ["经度", "纬度"]
            },
            {
              "name": "geo.aspectScale",
              "alias": "地理轴.长宽比",
              "type": "Number",
              "default": 0.75,
              "precision": 2,
              "min": 0
            },
            {
              "name": "geo.boundingCoords",
              "alias": "地理轴.左右经纬度",
              "type": "Complex[*]",
              "default": null,
              "editor": "code"
            },
            {
              "name": "geo.zoom",
              "alias": "地理轴.缩放比例",
              "type": "Number",
              "default": 1,
              "min": 1,
              "tips": "该缩放比例需要介于滚轮缩放的最大最小值之间"
            },
            {
              "name": "geo.scaleLimit.max",
              "alias": "地理轴.滚轮缩放.最大值",
              "type": "Number",
              "default": 1,
              "min": 1,
              "tips": "滚轮缩放的最大值需要大于最小值"
            },
            {
              "name": "geo.scaleLimit.min",
              "alias": "地理轴.滚轮缩放.最小值",
              "type": "Number",
              "default": 1,
              "min": 1,
              "tips": "滚轮缩放的最大值需要大于最小值"
            },
            {
              "name": "geo.nameMap",
              "alias": "地理轴.名称映射",
              "type": "Complex(*)",
              "default": {
                "Central and Western": "中西区",
                "Eastern": "东区",
                "Islands": "离岛",
                "Kowloon City": "九龙城",
                "Kwai Tsing": "葵青",
                "Kwun Tong": "观塘",
                "North": "北区",
                "Sai Kung": "西贡",
                "Sha Tin": "沙田",
                "Sham Shui Po": "深水埗",
                "Southern": "南区",
                "Tai Po": "大埔",
                "Tsuen Wan": "荃湾",
                "Tuen Mun": "屯门",
                "Wan Chai": "湾仔",
                "Wong Tai Sin": "黄大仙",
                "Yau Tsim Mong": "油尖旺",
                "Yuen Long": "元朗"
              },
              "editor": "code",
              "linkable": true
            },
            {
              "name": "geo.nameProperty",
              "alias": "地理轴.关联名称",
              "type": "String",
              "default": "name"
            },
            {
              "name": "geo.label.show",
              "alias": "地理轴.标签.显示",
              "type": "Boolean",
              "default": true
            },
            {
              "name": "geo.label.rotate",
              "alias": "地理轴.标签.标签旋转",
              "type": "Number",
              "default": 0,
              "min": -90,
              "max": 90
            },
            {
              "name": "geo.label.offset",
              "alias": "地理轴.标签.文字偏移",
              "type": "Number[2]",
              "default": [0, 0],
              "primitiveLabels": ["横向", "纵向"]
            },
            {
              "name": "geo.label.formatter",
              "alias": "地理轴.标签.格式器",
              "type": "String",
              "default": null
            },
            {
              "name": "geo.label.color",
              "alias": "地理轴.标签.颜色",
              "type": "String",
              "editor": "color",
              "default": "#fff"
            },
            {
              "name": "geo.label.fontSize",
              "alias": "地理轴.标签.字号",
              "type": "Number",
              "default": 12,
              "min": 8
            },
            {
              "name": "geo.label.width",
              "alias": "地理轴.标签.宽度",
              "type": "Number",
              "default": null,
              "min": 0
            },
            {
              "name": "geo.label.overflow",
              "alias": "地理轴.标签.超出宽度",
              "type": "Enum(\"truncate:截断\",\"break:换行\")",
              "default": "truncate"
            },
            {
              "name": "geo.itemStyle.areaColor",
              "alias": "地理轴.地图区域.区域颜色",
              "type": "String",
              "editor": "color",
              "default": "#eee"
            },
            {
              "name": "geo.itemStyle.borderColor",
              "alias": "地理轴.地图区域.描边颜色",
              "type": "String",
              "editor": "color",
              "default": "#000"
            },
            {
              "name": "geo.itemStyle.borderWidth",
              "alias": "地理轴.地图区域.描边宽度",
              "type": "Number",
              "default": 0,
              "min": 0
            },
            {
              "name": "geo.itemStyle.borderType",
              "alias": "地理轴.地图区域.描边类型",
              "type": "Enum(\"solid:实线\",\"dashed:虚线\",\"dotted:点线\")",
              "default": "solid"
            },
            {
              "name": "geo.itemStyle.opacity",
              "alias": "地理轴.地图区域.图形透明度",
              "type": "Number",
              "default": 1,
              "min": 0,
              "max": 1,
              "precision": 2,
              "step": 0.01
            },
            {
              "name": "geo.emphasis.label.show",
              "alias": "地理轴.高亮.标签.显示",
              "type": "Boolean",
              "default": false
            },
            {
              "name": "geo.select.label.show",
              "alias": "地理轴.选中.标签.显示",
              "type": "Boolean",
              "default": false
            },
            {
              "name": "geo.z",
              "alias": "地理轴.图形顺序",
              "type": "Number",
              "default": 2,
              "min": 0
            },
            {
              "name": "geo.left",
              "alias": "地理轴.左间距",
              "type": "String",
              "default": "auto",
              "tips": "请输入正整数或百分比或字符串left|center|right|auto",
              "rules": [{
                "pattern": "/^(__quote:percentage__|([1-9]?[0-9]{0,3})|(left)|(center)|(right)|(auto))$/",
                "message": "请输入正整数或百分比或字符串left|center|right|auto"
              }]
            },
            {
              "name": "geo.top",
              "alias": "地理轴.上间距",
              "type": "String",
              "default": "auto",
              "tips": "请输入正整数或百分比或字符串top|middle|bottom|auto",
              "rules": [{
                "pattern": "/^(__quote:percentage__|([1-9]?[0-9]{0,3})|(top)|(middle)|(bottom)|(auto))$/",
                "message": "请输入正整数或百分比或字符串top|middle|bottom|auto"
              }]
            },
            {
              "name": "geo.right",
              "alias": "地理轴.右间距",
              "type": "String",
              "default": "auto",
              "tips": "请输入正整数或百分比或字符串auto",
              "rules": [{
                "pattern": "/^(__quote:percentage__|([1-9]?[0-9]{0,3})|(auto))$/",
                "message": "请输入正整数或百分比或字符串auto"
              }]
            },
            {
              "name": "geo.bottom",
              "alias": "地理轴.下间距",
              "type": "String",
              "default": "auto",
              "tips": "请输入正整数或百分比或字符串auto",
              "rules": [{
                "pattern": "/^(__quote:percentage__|([1-9]?[0-9]{0,3})|(auto))$/",
                "message": "请输入正整数或百分比或字符串auto"
              }]
            },
            {
              "name": "geo.layoutCenter",
              "alias": "地理轴.地图中心",
              "type": "String[2]",
              "default": ["50%","50%"],
              "primitiveLabels": ["横向", "纵向"],
              "rules": [{
                "pattern": "/(^(__quote:percentage__)$)|^$/",
                "message": "请输入数值百分比"
              }]
            },
            {
              "name": "geo.layoutSize",
              "alias": "地理轴.地图大小",
              "type": "Number",
              "default": 500,
              "min": 0
            },
            {
              "name": "geo.regions",
              "alias": "地理轴.区域配置",
              "type": "Complex[*]",
              "editor": "code",
              "default": [{
                "name": "中西区",
                "itemStyle": {
                  "areaColor": "red",
                  "color": "red"
                }
              }]
            }
          ]
        }
      ]
    },
    {
      "name": "visualMap",
      "alias": "视觉映射",
      "expandable": true,
      "attributes": [
        {
          "name": "continuous",
          "alias": "联续型",
          "type": "Complex[*]",
          "inputVisible": false,
          "attributes": [
            {
              "name": "continuous.show",
              "alias": "视觉映射.显示",
              "type": "Boolean",
              "default": true
            },
            {
              "name": "continuous.type",
              "alias": "视觉映射.类型",
              "type": "String",
              "readonly": true,
              "default": "continuous"
            },
            {
              "name": "continuous.min",
              "alias": "视觉映射.最小值",
              "type": "Number",
              "default": 800,
              "min": 1,
              "tips": "视觉映射的最大值需要大于最小值"
            },
            {
              "name": "continuous.max",
              "alias": "视觉映射.最大值",
              "type": "Number",
              "default": 50000,
              "min": 1,
              "tips": "视觉映射的最大值需要大于最小值"
            },
            {
              "name": "continuous.calculable",
              "alias": "视觉映射.可计算的",
              "type": "Boolean",
              "tips": "可计算的属性如果不启用，整个视觉映射不起效果",
              "default": true
            },
            {
              "name": "continuous.realtime",
              "alias": "视觉映射.实时更新",
              "type": "Boolean",
              "default": false
            },
            {
              "name": "continuous.text",
              "alias": "视觉映射.区域起始",
              "type": "String[2]",
              "default": ["高","低"],
              "primitiveLabels": ["开始文字", "结束文字"]
            },
            {
              "name": "continuous.inRange",
              "alias": "视觉映射.颜色区域",
              "type": "Complex[*]",
              "editor": "code",
              "default": {
                "color": ["lightskyblue", "yellow", "orangered"]
              }
            },
            {
              "name": "continuous.left",
              "alias": "视觉映射.左间距",
              "type": "String",
              "default": "0%",
              "tips": "请输入正整数或百分比或字符串left|center|right",
              "rules": [{
                "pattern": "/^(__quote:percentage__|([1-9]?[0-9]{0,3})|(left)|(center)|(right))$/",
                "message": "请输入正整数或百分比或字符串left|center|right"
              }]
            },
            {
              "name": "continuous.top",
              "alias": "视觉映射.上间距",
              "type": "String",
              "default": "auto",
              "tips": "请输入正整数或百分比或字符串top|middle|bottom|auto",
              "rules": [{
                "pattern": "/^(__quote:percentage__|([1-9]?[0-9]{0,3})|(top)|(middle)|(bottom)|(auto))$/",
                "message": "请输入正整数或百分比或字符串top|middle|bottom|auto"
              }]
            }
          ]
        }
      ]
    },
    {
      "name": "series",
      "alias": "系列分组",
      "expandable": true,
      "attributes": [
        {
          "name": "series",
          "alias": "系列",
          "type": "Complex[*]",
          "inputVisible": false,
          "attributes": [
            {
              "name": "series.type",
              "alias": "系列.类型",
              "type": "Enum(\"map:地图\")",
              "default": "map"
            },
            {
              "name": "series.name",
              "alias": "系列.名称",
              "type": "String",
              "default": "香港"
            },
            {
              "name": "series.map",
              "alias": "系列.地图名称",
              "type": "String",
              "default": "HK",
              "visible": false
            },
            {
              "name": "series.roam",
              "alias": "系列.缩放漫游",
              "type": "Boolean",
              "default": false
            },
            {
              "name": "series.center",
              "alias": "系列.视角中心点",
              "type": "Number[2]",
              "default": null,
              "precision": 6,
              "min": -180,
              "max": 180,
              "primitiveLabels": ["经度", "纬度"]
            },
            {
              "name": "series.aspectScale",
              "alias": "系列.长宽比",
              "type": "Number",
              "default": 0.75,
              "precision": 2,
              "min": 0
            },
            {
              "name": "series.boundingCoords",
              "alias": "系列.左右经纬度",
              "type": "Complex[*]",
              "editor": "code",
              "default": null
            },
            {
              "name": "series.zoom",
              "alias": "系列.缩放比例",
              "type": "Number",
              "default": 1,
              "min": 1,
              "tips": "该缩放比例需要介于滚轮缩放的最大最小值之间"
            },
            {
              "name": "series.scaleLimit.max",
              "alias": "系列.滚轮缩放.最大值",
              "type": "Number",
              "default": 1,
              "min": 1,
              "tips": "滚轮缩放的最大值需要大于最小值"
            },
            {
              "name": "series.scaleLimit.min",
              "alias": "系列.滚轮缩放.最小值",
              "type": "Number",
              "default": 1,
              "min": 1,
              "tips": "滚轮缩放的最大值需要大于最小值"
            },
            {
              "name": "series.nameMap",
              "alias": "系列.名称映射",
              "type": "Complex(*)",
              "default": {
              },
              "editor": "code"
            },
            {
              "name": "series.nameProperty",
              "alias": "系列.关联名称",
              "type": "String",
              "default": "name"
            },
            {
              "name": "series.label.formatter",
              "alias": "系列.标签.格式器",
              "type": "String",
              "default": null
            },
            {
              "name": "series.label.show",
              "alias": "系列.标签.显示",
              "type": "Boolean",
              "default": true
            },
            {
              "name": "series.label.position",
              "alias": "系列.标签.位置",
              "type": "Enum(\"top:上边\",\"left:左边\",\"right:右边\",\"bottom:底部\",\"inside:内置\")",
              "default": "top"
            },
            {
              "name": "series.label.distance",
              "alias": "系列.标签.距离图形",
              "type": "Number",
              "default": 5
            },
            {
              "name": "series.label.rotate",
              "alias": "系列.标签.标签旋转",
              "type": "Number",
              "default": 0,
              "min": -90,
              "max": 90
            },
            {
              "name": "series.label.offset",
              "alias": "系列.标签.文字偏移",
              "type": "Number[2]",
              "default": [0, 0],
              "primitiveLabels": ["横向", "纵向"]
            },
            {
              "name": "series.label.color",
              "alias": "系列.标签.颜色",
              "type": "String",
              "editor": "color",
              "default": "#000"
            },
            {
              "name": "series.label.fontSize",
              "alias": "系列.标签.字号",
              "type": "Number",
              "default": 12,
              "min": 8
            },
            {
              "name": "series.label.align",
              "alias": "系列.标签.水平对齐",
              "type": "Enum(\"left:左\",\"center:中\",\"right:右\")",
              "default": "center"
            },
            {
              "name": "series.label.verticalAlign",
              "alias": "系列.标签.垂直对齐",
              "type": "Enum(\"top:上\",\"middle:中\",\"bottom:下\")",
              "default": "middle"
            },
            {
              "name": "series.label.width",
              "alias": "系列.标签.宽度",
              "type": "Number",
              "default": null,
              "min": 0
            },
            {
              "name": "series.label.overflow",
              "alias": "系列.标签.超出宽度",
              "type": "Enum(\"truncate:截断\",\"break:换行\")",
              "default": "truncate"
            },
            {
              "name": "series.itemStyle.areaColor",
              "alias": "系列.地图区域.区域颜色",
              "type": "String",
              "editor": "color",
              "default": "#eee"
            },
            {
              "name": "series.itemStyle.color",
              "alias": "系列.地图区域.图形颜色",
              "type": "String",
              "editor": "color",
              "default": null
            },
            {
              "name": "series.itemStyle.borderWidth",
              "alias": "系列.地图区域.描边宽度",
              "type": "Number",
              "default": 0,
              "min": 0
            },
            {
              "name": "series.itemStyle.borderColor",
              "alias": "系列.地图区域.描边颜色",
              "type": "String",
              "editor": "color",
              "default": "#000"
            },
            {
              "name": "series.itemStyle.borderType",
              "alias": "系列.地图区域.描边类型",
              "type": "Enum(\"solid:实线\",\"dashed:虚线\",\"dotted:点线\")",
              "default": "solid"
            },
            {
              "name": "series.itemStyle.opacity",
              "alias": "系列.地图区域.图形透明度",
              "type": "Number",
              "default": 1,
              "min": 0,
              "max": 1,
              "precision": 2,
              "step": 0.01
            },
            {
              "name": "series.emphasis.label.show",
              "alias": "系列.高亮.标签.显示",
              "type": "Boolean",
              "default": false
            },
            {
              "name": "series.z",
              "alias": "系列.图形顺序",
              "type": "Number",
              "default": 2,
              "min": 0
            },
            {
              "name": "series.left",
              "alias": "系列.左间距",
              "type": "String",
              "default": "auto",
              "tips": "请输入正整数或百分比或字符串left|center|right|auto",
              "rules": [{
                "pattern": "/^(__quote:percentage__|([1-9]?[0-9]{0,3})|(left)|(center)|(right)|(auto))$/",
                "message": "请输入正整数或百分比或字符串left|center|right|auto"
              }]
            },
            {
              "name": "series.top",
              "alias": "系列.上间距",
              "type": "String",
              "default": "auto",
              "tips": "请输入正整数或百分比或字符串top|middle|bottom|auto",
              "rules": [{
                "pattern": "/^(__quote:percentage__|([1-9]?[0-9]{0,3})|(top)|(middle)|(bottom)|(auto))$/",
                "message": "请输入正整数或百分比或字符串top|middle|bottom|auto"
              }]
            },
            {
              "name": "series.right",
              "alias": "系列.右间距",
              "type": "String",
              "default": "auto",
              "tips": "请输入正整数或百分比或字符串auto",
              "rules": [{
                "pattern": "/^(__quote:percentage__|([1-9]?[0-9]{0,3})|(auto))$/",
                "message": "请输入正整数或百分比或字符串auto"
              }]
            },
            {
              "name": "series.bottom",
              "alias": "系列.下间距",
              "type": "String",
              "default": "auto",
              "tips": "请输入正整数或百分比或字符串auto",
              "rules": [{
                "pattern": "/^(__quote:percentage__|([1-9]?[0-9]{0,3})|(auto))$/",
                "message": "请输入正整数或百分比或字符串auto"
              }]
            },
            {
              "name": "series.layoutCenter",
              "alias": "系列.地图中心",
              "type": "String[2]",
              "default": ["50%","50%"],
              "primitiveLabels": ["横向", "纵向"],
              "rules": [{
                "pattern": "/(^(__quote:percentage__)$)|^$/",
                "message": "请输入数值百分比"
              }]
            },
            {
              "name": "series.layoutSize",
              "alias": "系列.地图大小",
              "type": "Number",
              "default": 500,
              "min": 0
            },
            {
              "name": "series.geoIndex",
              "alias": "系列.地图组件索引",
              "type": "String",
              "default": null,
              "rules": [{
                "pattern": "/^(([1-9]?[0-9]{0,3})|(off))$/",
                "message": "请输入整数索引或关闭字符串off"
              }]
            },
            {
              "name": "series.mapValueCalculation",
              "alias": "系列.统计方式",
              "type": "Enum(\"sum:和\",\"average:平均值\",\"max:最大值\",\"min:最小值\")",
              "default": "average"
            },
            {
              "name": "series.markPoint.data",
              "alias": "系列.标注数据",
              "type": "Complex[*]",
              "editor": "code",
              "default": null,
              "linkable": true
            },
            {
              "name": "series.markPoint.label.show",
              "alias": "系列.标注文字",
              "type": "Boolean",
              "default": true,
              "visible": false
            },
            {
              "name": "series.markPoint.label.formatter",
              "alias": "系列.标注格式器",
              "type": "String",
              "default": "",
              "visible": false
            },
            {
              "name": "series.markPoint.symbol",
              "alias": "系列.标注样式",
              "type": "Enum(\"pin:大头针\",\"circle:圆形\",\"rect:矩形\",\"roundRect:圆角矩形\",\"triangle:三角形\",\"diamond:菱形\",\"emptyCircle:空心圆\",\"none:无\")",
              "default": "pin"
            },
            {
              "name": "series.markPoint.symbolSize",
              "alias": "系列.标注尺寸",
              "type": "Number",
              "default": 50,
              "min": 0
            },
            {
              "name": "series.markPoint.symbolRotate",
              "alias": "系列.标注旋转",
              "type": "Number",
              "default": null
            },
            {
              "name": "series.markPoint.symbolOffset",
              "alias": "系列.标注偏移",
              "type": "Number[2]",
              "default": [0, 0],
              "visible": false,
              "primitiveLabels": ["x", "y"]
            },
            {
              "name": "series.markPoint.silent",
              "alias": "系列.标注静默",
              "type": "Boolean",
              "default": false
            },
            {
              "name": "series.markPoint.itemStyle.color",
              "alias": "系列.标注颜色",
              "type": "String",
              "default": null,
              "editor": "color"
            },
            {
              "name": "series.markPoint.itemStyle.opacity",
              "alias": "系列.标注透明",
              "type": "Number",
              "default": 1,
              "min": 0,
              "max": 1,
              "precision": 2,
              "step": 0.01
            },
            {
              "name": "series.markPoint.itemStyle.borderColor",
              "alias": "系列.标注边色",
              "type": "String",
              "default": null,
              "editor": "color"
            },
            {
              "name": "series.markPoint.itemStyle.borderType",
              "alias": "系列.标注边型",
              "type": "Enum(\"solid:实线\",\"dashed:虚线\",\"dotted:点线\")",
              "default": "solid"
            },
            {
              "name": "series.markPoint.itemStyle.borderWidth",
              "alias": "系列.标注边宽",
              "type": "Number",
              "default": 0,
              "min": 0
            },
            {
              "name": "series.markLine.data",
              "alias": "系列.标线数据",
              "type": "Complex[*]",
              "editor": "code",
              "default": null,
              "linkable": true
            },
            {
              "name": "series.markLine.symbol",
              "alias": "系列.标线标记",
              "type": "Enum(\"circle:圆形\",\"rect:矩形\",\"roundRect:圆角矩形\",\"triangle:三角形\",\"diamond:菱形\",\"pin:大头针\",\"arrow:箭头\",\"none:无\")[2]",
              "primitiveLabels": ["开端", "末端"],
              "default": ["circle","arrow"]
            },
            {
              "name": "series.markLine.symbolSize",
              "alias": "系列.标线尺寸",
              "type": "Number",
              "default": null,
              "min": 0
            },
            {
              "name": "series.markLine.precision",
              "alias": "系列.标线精度",
              "type": "Number",
              "default": 2,
              "min": 0
            },
            {
              "name": "series.markLine.silent",
              "alias": "系列.标线静默",
              "type": "Boolean",
              "default": false
            },
            {
              "name": "series.markLine.lineStyle.color",
              "alias": "系列.标线颜色",
              "type": "String",
              "default": null,
              "editor": "color"
            },
            {
              "name": "series.markLine.lineStyle.opacity",
              "alias": "系列.标线透明",
              "type": "Number",
              "default": 1,
              "min": 0,
              "max": 1,
              "precision": 2,
              "step": 0.01
            },
            {
              "name": "series.markLine.lineStyle.type",
              "alias": "系列.标线线型",
              "type": "Enum(\"solid:实线\",\"dashed:虚线\",\"dotted:点线\")",
              "default": "solid"
            },
            {
              "name": "series.markLine.lineStyle.width",
              "alias": "系列.标线线宽",
              "type": "Number",
              "default": 1,
              "min": 0
            },
            {
              "name": "series.markLine.lineStyle.curveness",
              "alias": "系列.标线曲度",
              "type": "Number",
              "default": 0,
              "min": 0,
              "max": 1,
              "precision": 1,
              "step": 0.1
            },
            {
              "name": "series.markLine.label.show",
              "alias": "系列.标线标签",
              "type": "Boolean",
              "default": true
            },
            {
              "name": "series.markLine.label.position",
              "alias": "系列.标线签位",
              "type": "Enum(\"start:线的起始点\",\"end:线的结束点\",\"middle:线的中点\")",
              "default": "end"
            },
            {
              "name": "series.markLine.label.formatter",
              "alias": "系列.标线格式",
              "type": "String",
              "default": null
            },
            {
              "name": "series.markArea.data",
              "alias": "系列.标域数据",
              "type": "Complex[*]",
              "editor": "code",
              "default": null,
              "linkable": true,
              "visible": false
            },
            {
              "name": "series.markArea.itemStyle.color",
              "alias": "系列.标域颜色",
              "type": "String",
              "default": null,
              "editor": "color",
              "visible": false
            },
            {
              "name": "series.markArea.itemStyle.opacity",
              "alias": "系列.标域透明",
              "type": "Number",
              "default": 1,
              "min": 0,
              "max": 1,
              "precision": 2,
              "step": 0.01,
              "visible": false
            },
            {
              "name": "series.markArea.itemStyle.borderColor",
              "alias": "系列.标域边色",
              "type": "String",
              "default": null,
              "editor": "color",
              "visible": false
            },
            {
              "name": "series.markArea.itemStyle.borderType",
              "alias": "系列.标域边型",
              "type": "Enum(\"solid:实线\",\"dashed:虚线\",\"dotted:点线\")",
              "default": "solid",
              "visible": false
            },
            {
              "name": "series.markArea.itemStyle.borderWidth",
              "alias": "系列.标域边宽",
              "type": "Number",
              "default": 0,
              "min": 0,
              "visible": false
            },
            {
              "name": "series.markArea.label.show",
              "alias": "系列.标域标签",
              "type": "Boolean",
              "default": false,
              "visible": false
            },
            {
              "name": "series.markArea.label.position",
              "alias": "系列.标域签位",
              "type": "Enum(\"top:顶端\",\"left:左侧\",\"right:右侧\",\"bottom:底端\",\"inside:内部\")",
              "default": "inside",
              "visible": false
            },
            {
              "name": "series.data",
              "alias": "系列.关联数据",
              "type": "Complex[*]",
              "editor": "code",
              "default": [
                {"name": "中西区", "value": 20057.34},
                {"name": "湾仔", "value": 15477.48},
                {"name": "东区", "value": 31686.1},
                {"name": "南区", "value": 6992.6},
                {"name": "油尖旺", "value": 44045.49},
                {"name": "深水埗", "value": 40689.64},
                {"name": "九龙城", "value": 37659.78},
                {"name": "黄大仙", "value": 45180.97},
                {"name": "观塘", "value": 55204.26},
                {"name": "葵青", "value": 21900.9},
                {"name": "荃湾", "value": 4918.26},
                {"name": "屯门", "value": 5881.84},
                {"name": "元朗", "value": 4178.01},
                {"name": "北区", "value": 2227.92},
                {"name": "大埔", "value": 2180.98},
                {"name": "沙田", "value": 9172.94},
                {"name": "西贡", "value": 3368},
                {"name": "离岛", "value": 806.98}
              ],
              "linkable": true,
              "customGroupName": "linkable"
            }
          ]
        }
      ]
    },
    {
      "name": "methods",
      "alias": "方法",
      "attributes": [
        {
          "name": "setOption",
          "alias": "设置图表配置项",
          "type": "Complex",
          "readonly": true,
          "attributes": [
            {
              "name": "functionName",
              "alias": "方法名称",
              "type": "String",
              "default": "setOption"
            },
            {
              "name": "description",
              "alias": "方法描述",
              "type": "String",
              "default": "设置图表配置项"
            },
            {
              "name": "payload",
              "alias": "参数",
              "type": "Complex[1]",
              "inputVisible": false,
              "attributes": "smartAttrs.payload",
              "default":[
                {"name": "option", "alias": "配置项", "editor": "variable"},
                {"name": "optMode", "alias": "合并模式配置", "editor": "variable"}
              ]
            }
          ]
        },
        {
          "name": "setGeoJson",
          "alias": "设置图表的geoJson",
          "type": "Complex",
          "readonly": true,
          "attributes": [
            {
              "name": "functionName",
              "alias": "方法名称",
              "type": "String",
              "default": "setGeoJson"
            },
            {
              "name": "description",
              "alias": "方法描述",
              "type": "String",
              "default": "设置图表的geoJson"
            },
            {
              "name": "payload",
              "alias": "参数",
              "type": "Complex[1]",
              "inputVisible": false,
              "attributes": "smartAttrs.payload",
              "default":[
                {"name": "name", "alias": "地图英语名称", "editor": "variable"},
                {"name": "geoJson", "alias": "geo对象", "editor": "variable"}
              ]
            }
          ]
        },
        {
          "name": "refresh",
          "alias": "刷新数据",
          "type": "Complex",
          "attributes": [
            { "name": "functionName", "alias": "方法名称", "type": "String", "readonly": true, "default": "refresh" },
            { "name": "description", "alias": "方法描述", "type": "String", "readonly": true, "default": "此方法用于刷新图表关联数据" }
          ]
        }
      ]
    }
  ]
}
