{
    "name": "ImageUploader",
    "alias": "图片上传",
    "version": "1.0.0",
    "author": "吴世冬(2236)",
    "groupAlias": "移动端组件",
    "groupName": "mobile",
    "type": "vue",
    "description": "",
    "order": 5413,
    "attributes": [
        {
            "name": "appearance",
            "visible": false,
            "alias": "外观",
            "attributes": [
                {
                    "name": "font-size",
                    "visible": false
                },
                {
                    "name": "color",
                    "visible": false
                },
                {
                    "name": "font-weight",
                    "visible": false
                },
                {
                    "name": "font-style",
                    "visible": false
                },
                {
                    "name": "line-height",
                    "visible": false
                },
                {
                    "name": "text-align",
                    "visible": false
                },
                {
                    "name": "letter-spacing",
                    "visible": false
                },
                {
                    "name": "text-decoration",
                    "visible": false
                }
            ]
        },
        {
            "name": "layout",
            "alias": "布局",
            "attributes": [
                {
                    "name": "span",
                    "default": 24
                },
                {
                    "name": "height",
                    "value": "auto",
                    "default": "auto"
                },
                {
                    "name": "borderVisible",
                    "visible": false,
                    "alias": "边框显示",
                    "type": "Boolean",
                    "default": false,
                    "changeHandler":"basicChangeHandler"
                }
            ]
        },
        {
            "name": "base",
            "alias": "基础",
            "attributes": [
                {
                    "alias": "图片列表",
                    "name": "fileList",
                    "type": "Complex[*]",
                    "readonly": false,
                    "default": "[{\"url\": \"https://img01.yzcdn.cn/vant/leaf.jpg\"}]",
                    "editor": "code",
                    "visible": true
                }
            ]
        },
        {
            "name": "foreach",
            "alias": "循环",
            "sort": 700,
            "visible": false,
            "attributes": []
        },
        {
            "name": "events",
            "alias": "事件",
            "visible": false,
            "attributes": [
                {
                    "name": "click",
                    "alias": "点击",
                    "type": "Complex",
                    "attributes": [
                        {
                            "name": "content",
                            "alias": "事件执行内容",
                            "type": "Complex[*]",
                            "inputVisible": false,
                            "attributes": "smartAttrs.eventContent"
                        },
                        {
                            "name": "description",
                            "alias": "事件描述",
                            "type": "String",
                            "default": "点击按钮触发的动作",
                            "readonly": true
                        }
                    ]
                }
            ]
        },
        {
            "name": "methods",
            "alias": "方法",
            "attributes": [
                {
                    "name": "setValue",
                    "alias": "设置值",
                    "type": "Complex",
                    "readonly": true,
                    "attributes": [
                        {
                            "name": "functionName",
                            "alias": "方法名称",
                            "type": "String",
                            "default": "setValue"
                        },
                        {
                            "name": "description",
                            "alias": "方法描述",
                            "type": "String",
                            "default": "设置值"
                        },
                        {
                            "name": "payload",
                            "alias": "参数",
                            "type": "Complex[1]",
                            "inputVisible": false,
                            "attributes": "smartAttrs.payload",
                            "default":[
                                {"name": "value", "alias": "绑定值", "editor": "variable"}
                            ]
                        }
                    ]
                },
                {
                    "name": "getValue",
                    "alias": "获取值",
                    "type": "Complex",
                    "readonly": true,
                    "attributes": [
                        {
                            "name": "functionName",
                            "alias": "方法名称",
                            "type": "String",
                            "default": "getValue"
                        },
                        {
                            "name": "description",
                            "alias": "方法描述",
                            "type": "String",
                            "default": "获取值"
                        }
                    ]
                },
                {
                    "name": "show",
                    "visible": false,
                    "alias": "显示",
                    "type": "Complex",
                    "readonly": true,
                    "attributes": []
                },
                {
                    "name": "hide",
                    "visible": false,
                    "alias": "隐藏",
                    "type": "Complex",
                    "readonly": true,
                    "attributes": []
                }
            ]
        }
    ]
}
