{
  "name":"Progress",
  "alias":"进度条",
  "version": "1.0.9",
  "author": "朱珊珊(2797)",
  "groupAlias": "基础组件",
  "groupName": "basic",
  "type": "vue",
  "description": "",
  "order": 2009,
  "attributes":[
    {
      "name": "appearance",
      "alias": "外观",
      "visible": false
    },
    {
      "name": "layout",
      "alias": "布局",
      "attributes": [
        { "name": "height", "visible": true, "default": "auto" },
        { "name": "width", "default": "100%" },
        { "name": "border-color", "default": false },
        { "name": "border-style", "default": false },
        { "name": "borderVisible","default": false},
        { "name": "box-shadow","default": false},
        { "name": "border-radius","default": false}
      ]
    },
    {
      "name":"base",
      "alias":"基础",
      "attributes":[
        {
          "name":"type",
          "alias":"类型",
          "type":"Enum(\"line:线形\",\"circle:环形\", \"dashboard:仪表盘\")",
          "default":"line",
          "changeHandler": "typeChange"
        },{
          "name":"percentage",
          "alias":"百分比",
          "type":"Number",
          "linkable": true,
          "customGroupName": "linkable",
          "min": 0,
          "max": 100,
          "default": 0
        },{
          "name":"strokeWidth",
          "alias":"宽度",
          "type":"Number",
          "min": 1,
          "max": 100,
          "default": 22
        }, {
          "name":"textInside",
          "alias":"显示文字内置在进度条",
          "type":"Boolean",
          "default":false,
          "visible": true,
          "customGroupName": "line"
        },
        {
          "name":"showText",
          "alias":"是否显示进度条文字内容",
          "type":"Boolean",
          "default":true
        },
        {
          "name":"textFontSize",
          "alias":"字体大小",
          "type":"Number",
          "default":12,
          "min": 8,
          "max": 100,
          "visible": true,
          "customGroupName": "line"
        },
        {
          "name":"textFontColor",
          "alias":"字体颜色",
          "type":"String",
          "default": null,
          "editor": "color",
          "visible": true
        },
        {
          "name":"status",
          "alias":"状态",
          "type":"Enum(\"'':默认\",\"success:成功\", \"exception:异常\", \"warning:警告\")",
          "default":"",
          "tips":"此处不同状态对应显示不同颜色"
        },
        {
          "name":"transform",
          "alias":"旋转",
          "type":"Enum(\"0:默认\",\"90:90度\", \"270:270度\")",
          "default":"0",
          "customGroupName": "line"
        },
        {
          "name":"bgColorEnable",
          "alias":"开启自定义进度条背景色",
          "type":"Boolean",
          "default":false,
          "changeHandler": "bgColorEnableChange"
        },
        {
          "name":"bgColor",
          "alias":"进度条背景色",
          "type":"Array",
          "default":[{"color": "#436EF3", "percentage": 100}],
          "editor": "code",
          "visible": false,
          "customGroupName": "bgColor",
          "tips": "此属性可自定义进度条在每个阶段的颜色，代码支持RGB、HEX以及颜色的英文单词，此颜色设置优先级高于状态属性颜色。"
        },
        {
          "name":"circleWidth",
          "alias":"环形进度条画布宽度",
          "type":"String",
          "min": 20,
          "max": 1000,
          "default":126,
          "visible": false
        },
        {
          "name":"strokeLinecap",
          "alias":"路径两端的形状",
          "type":"Enum(\"round:圆形\", \"square:方形\")",
          "default":"round",
          "visible": false,
          "customGroupName": "circle"
        }
      ]
    },
    {
      "name": "methods",
      "alias": "方法",
      "attributes": [
        {
          "name": "refresh",
          "alias": "刷新数据",
          "type": "Complex",
          "attributes": [
            { "name": "functionName", "alias": "方法名称", "type": "String", "readonly": true, "default": "refresh" },
            { "name": "description", "alias": "方法描述", "type": "String", "readonly": true, "default": "此方法用于刷新报表" }
          ]
        }
      ]
    }
  ]
}
