{
  "name": "Rate",
  "alias": "评分组件",
  "version": "1.0.6",
  "author": "10002215",
  "groupAlias": "表单组件",
  "groupName": "form",
  "type": "vue",
  "description": "支持自定义评分展示",
  "order": 4006,
  "attributes":[
    {
      "name": "appearance",
      "alias": "外观",
      "visible": false
    },
    {
      "name":"toolbar",
      "alias":"工具",
      "attributes":[
        {
          "alias":"尺寸",
          "name":"size",
          "type":"Enum(\"medium:正常\", \"small:较小\", \"mini:迷你\")",
          "default": "medium"
        },
        {
          "alias":"只读",
          "name":"disabled",
          "type":"Boolean",
          "linkable": true,
          "default": false
        },
        {
          "alias":"最大分值",
          "name":"max",
          "type":"Number",
          "step": 1,
          "min": 0,
          "max": 10,
          "precision": 0,
          "default": 5
        },
        {
          "alias":"中高界值",
          "name":"highThreshold",
          "type":"Number",
          "step": 1,
          "min": 0,
          "max": 10,
          "precision": 0,
          "default": 4
        },
        {
          "alias":"低中界值",
          "name":"lowThreshold",
          "type":"Number",
          "step": 1,
          "min": 0,
          "max": 10,
          "precision": 0,
          "default": 2
        },
        {
          "alias":"是否半选",
          "name":"allowHalf",
          "type":"Boolean",
          "default": false
        },
        {
          "alias":"图标颜色",
          "name":"colors",
          "type":"String[3]",
          "primitiveLabels": ["低分段","中分段","高分段"],
          "default": ["rgba(232, 174, 35, 1)", "rgba(232, 174, 35, 1)", "rgba(232, 174, 35, 1)"],
          "editor": "color"
        },
        {
          "alias":"未选颜色",
          "name":"voidColor",
          "type":"String",
          "colorFormat": "hex",
          "default": "#C6D1DE",
          "editor": "color"
        },
        {
          "alias":"只读未选颜色",
          "name":"disabledVoidColor",
          "type":"String",
          "default": "#EFF2F7",
          "colorFormat": "hex",
          "tips": "只读时未选中图标的颜色",
          "editor": "color"
        },
        {
          "alias":"显示文字",
          "name":"showText",
          "type":"Boolean",
          "default": false
        },
        {
          "alias":"显示分值",
          "name":"showScore",
          "type":"Boolean",
          "default": false,
          "tips": "显示分值与显示文字功能重叠，建议不要同时设置。若两者均设置，则显示分值。"
        },
        {
          "alias":"文字颜色",
          "name":"textColor",
          "type":"String",
          "colorFormat": "hex",
          "default": "#1F2D3D",
          "editor": "color"
        },
        {
          "alias":"文字序列",
          "name":"texts",
          "type":"String[5]",
          "minlength": 0,
          "maxlength": 20,
          "primitiveLabels": ["分值1","分值2","分值3","分值4","分值5"],
          "default": [
            "分值1", "分值2", "分值3", "分值4", "分值5"
          ]
        }
      ]
    },
    {
      "name":"data",
      "alias":"数据",
      "attributes":[
        {
          "alias":"绑定值",
          "name":"value",
          "type":"Number",
          "step": 1,
          "min": 0,
          "max": 10,
          "step-strictly": true,
          "precision": 0,
          "default": 0
        }
      ]
    },
    {
      "name":"events",
      "alias":"事件",
      "attributes":[{
        "alias":"组件值改变",
        "name":"change",
        "type":"Complex",
        "attributes": [
          {
            "name": "content",
            "alias": "执行内容",
            "type": "Complex[*]",
            "inputVisible": false,
            "attributes": "smartAttrs.eventContent"
          },
          {
            "name": "description",
            "alias": "事件描述",
            "type": "String",
            "readonly": true,
            "default": "组件值变化会触发该事件"
          },
          {
            "name": "payload",
            "alias": "参数",
            "type": "Complex[1]",
            "readonly":true,
            "inputVisible": false,
            "attributes": "smartAttrs.payload",
            "default":[
              {"name": "value", "alias": "绑定值"}
            ]
          }
        ]
      }
      ]
    }
  ]
}
