{
    "name": "Tree",
    "alias": "树",
    "version": "1.5.6",
    "author": "10002548",
    "groupAlias": "基础组件",
    "groupName": "basic",
    "type": "vue",
    "description": "",
    "order": 2002,
    "attributes": [
        {
            "name": "appearance",
            "alias": "外观",
            "visible": false
        },
        {
            "name": "foreach",
            "alias": "循环",
            "sort": 700,
            "visible": false
        },
        {
            "name": "props",
            "alias": "节点字段名称",
            "attributes": [
                {
                    "name": "label",
                    "alias": "节点标题",
                    "type": "String",
                    "default": "name",
                    "tips": "即最终展示的每个节点的名称/标题",
                    "rules": [
                        {
                            "require": true,
                            "message": "请输入值"
                        }
                    ]
                },
                {
                    "name": "formatScript",
                    "alias": "标题格式化脚本",
                    "editor": "script",
                    "editorParams": {
                        "args": [
                            {
                                "name": "data",
                                "alias": "树节点数据"
                            }
                        ]
                    },
                    "default": ""
                },
                {
                    "name": "children",
                    "alias": "子节点名称",
                    "type": "String",
                    "default": "children",
                    "tips": "当数据结构为树结构时，必须定义子节点的字段名称。程序才能找到子节点。子节点名称不能与标签名称相同"
                },
                {
                    "name": "isLeaf",
                    "alias": "是否为子节点",
                    "type": "String",
                    "default": "isLeaf",
                    "visible": false
                },
                {
                    "name": "pid",
                    "alias": "父子节点关联关系",
                    "type": "String",
                    "default": "parentId",
                    "tips": "当数据结构是平行结构时，必须定义此字段名称。程序才能根据此字段生成树的数据结构。平行结构时不需要定义。"
                },
                {
                    "name": "nodeKey",
                    "alias": "节点唯一标识",
                    "type": "String",
                    "default": "id",
                    "tips": "当树组件与别的组件有关联操作时，必须定义此字段。代表每个节点的唯一标识。"
                }
            ]
        },
        {
            "name": "base",
            "alias": "基本属性",
            "attributes": [
                {
                    "name": "emptyText",
                    "alias": "内容为空展示的文本",
                    "type": "String",
                    "default": "暂无数据"
                },
                {
                    "name": "showCheckbox",
                    "alias": "展示复选框",
                    "type": "Boolean",
                    "default": false,
                    "tips": "复选框时即为多选"
                },
                {
                    "name": "cancelOnDoubleClick",
                    "alias": "可取消选中",
                    "type": "Boolean",
                    "default": false,
                    "tips": "非复选框模式下，如果当前节点为选中状态，再次点击则取消选中。此模式下,点击事件响应以后，抛出节点ID和节点对象信息都为null"
                },
                {
                    "name": "draggable",
                    "alias": "允许拖拽",
                    "type": "Boolean",
                    "default": false,
                    "tips": "是否允许拖拽。注意：只适用于普通树场景。暂不支持虚拟滚动和懒加载情况。"
                },
                {
                    "name": "defaultExpandAll",
                    "alias": "默认展开",
                    "type": "Boolean",
                    "default": false,
                    "tips": "默认展开所有节点"
                },
                {
                    "name": "defaultChoseFirst",
                    "alias": "默认选中第一项",
                    "type": "Boolean",
                    "default": false,
                    "tips": "单选且非懒加载模式下生效。默认把数组中首位选中。开启后，默认被点击的节点配置失效。"
                },
                {
                    "name": "disabledRule",
                    "alias": "节点禁用规则",
                    "type": "String",
                    "default": "",
                    "tips": "格式：id === 5 或者 node.id === 5"
                },
                {
                    "name": "disableDescendents",
                    "alias": "禁用后代节点",
                    "type": "Boolean",
                    "default": false,
                    "tips": "如果某个节点被禁用，是否一起禁用该节点的后代节点"
                },
                {
                    "name": "defaultClickedNode",
                    "alias": "默认被点击的节点",
                    "type": "String",
                    "default": "",
                    "tips": "通过节点id设置某个节点的当前选中状态，设置后，该节点将自动触发点击事件。使用此方法必须设置 node-key 属性"
                },
                {
                    "name": "defaultExpandedKeys",
                    "alias": "默认展开的节点的 key 的数组",
                    "type": "String",
                    "default": "",
                    "tips": "非复选框形态下生效。配置数组格式[],存储需要默认展开的节点id。将立即触发复选框状态改变事件，并只抛出checkedKeys和checkedNodes两个参数"
                },
                {
                    "name": "defaultCheckedKeys",
                    "alias": "默认选中的节点的 key 的数组",
                    "type": "String",
                    "default": "",
                    "tips": "复选框形态下生效。配置数组格式[],存储需要默认选中的节点id。"
                },
                {
                    "name": "expandOnClickNode",
                    "alias": "点击展开或收缩",
                    "type": "Boolean",
                    "default": true,
                    "tips": "是否在点击节点所在行的时候展开或者收缩节点"
                },
                {
                    "name": "checkOnClickNode",
                    "alias": "点击选中",
                    "type": "Boolean",
                    "default": false,
                    "tips": "当存在复选框时，点击节点所在行则勾选复选框。"
                },
                {
                    "name": "accordion",
                    "alias": "手风琴模式",
                    "type": "Boolean",
                    "default": false,
                    "tips": "对于同一级的节点，每次只能展开一个"
                },
                {
                    "name": "indent",
                    "alias": "缩进",
                    "type": "Number",
                    "default": 16
                },
                {
                    "name": "checkStrictly",
                    "alias": "父子不关联",
                    "type": "Boolean",
                    "default": false,
                    "tips": "在显示复选框的情况下，是否严格的遵循父子不互相关联。"
                },
                {
                    "name": "carryParent",
                    "alias": "自动选中父节点",
                    "type": "Boolean",
                    "default": false,
                    "tips": "父子关联模式下生效。特殊效果：在获取选中节点的方法(getCheckedNodes)中,可以包含半选节点的信息"
                },
                {
                    "name": "nodeKeyType",
                    "alias": "唯一标识值类型",
                    "type": "Enum(\"string:字符串\", \"number:数字\")",
                    "default": "string",
                    "tips": "仅当用户需要设置默认点击的节点并且节点值恰好为数字型时，才需要设置此配置。设置其他比如默认展开的节点和默认选中的节点则不需要。如果唯一标识ID的值是1，2，3这种纯数字，那么此处需指定值类型为数字，否则会出现设置默认点击节点失败的问题。"
                }
            ]
        },
        {
            "name": "rootNode",
            "alias": "根节点",
            "attributes": [
                {
                    "name": "rootId",
                    "alias": "根节点ID值",
                    "type": "String",
                    "default": "0",
                    "tips": "数据源是二维数组结构情况下，如果指定根节点的ID值，那么将严格按照根节点的ID值来生成树结构，匹配不了根节点ID值的节点将被舍弃不予展示"
                },
                {
                    "name": "hasRoot",
                    "alias": "带根节点",
                    "type": "Boolean",
                    "default": true
                },
                {
                    "name": "expandRoot",
                    "alias": "展开根节点",
                    "type": "Boolean",
                    "default": false,
                    "tips": "带根节点情况下，通过设置此项配置。可以默认展开根节点。"
                },
                {
                    "name": "rootLabel",
                    "alias": "根节点标签名称",
                    "type": "String",
                    "default": "/"
                }
            ]
        },
        {
            "name": "icon",
            "alias": "图标",
            "attributes": [
                {
                    "name": "showIcon",
                    "alias": "展示图标",
                    "type": "Boolean",
                    "default": true
                },
                {
                    "name": "iconFieldName",
                    "alias": "图标字段名称",
                    "type": "String",
                    "default": "iconClass",
                    "tips": "数据源中对应的图标字段名称"
                },
                {
                    "name": "defaultIcon",
                    "alias": "默认图标",
                    "type": "String",
                    "editor": "icon",
                    "default": "icon-form",
                    "tips": "批量设置全部默认图标颜色。注意：如果设置了按照自定义字段分组或者给定图标字段名称设置图标，那么没有匹配到的节点，将被设置默认图标。"
                },
                {
                    "name": "isGroupBy",
                    "alias": "分组展示图标",
                    "type": "Boolean",
                    "default": false,
                    "tips": "是否分组展示图标。可以按照分组类型，批量设置图标。目前仅支持两种分组方式：按照叶子节点分组，或者按照自定义字段值分组"
                },
                {
                    "name": "groupByType",
                    "type": "Enum(\"isLeaf:按照是否叶子节点分组\", \"filedValue:按照自定义字段分组\")",
                    "alias": "分组类型",
                    "default": "isLeaf"
                },
                {
                    "name": "leafIcon",
                    "type": "String",
                    "alias": "叶子节点图标",
                    "editor": "icon",
                    "default": "icon-form"
                },
                {
                    "name": "NotLeafIcon",
                    "type": "String",
                    "alias": "非叶子节点图标",
                    "editor": "icon",
                    "default": "el-icon-folder"
                },
                {
                    "name": "fieldName",
                    "type": "String",
                    "alias": "自定义字段名",
                    "default": "",
                    "tips": "当选择按照自定义字段值来进行图标分组时，必须定义该自定名"
                },
                {
                    "name": "fieldItems",
                    "type": "Complex[20]",
                    "alias": "自定义字段值",
                    "inputVisible": false,
                    "attributes": [
                        {
                            "name": "fieldValue",
                            "type": "String",
                            "titleVisible": true,
                            "alias": "字段值",
                            "default": ""
                        },
                        {
                            "name": "icon",
                            "type": "String",
                            "alias": "图标",
                            "editor": "icon",
                            "default": "icon-form"
                        },
                        {
                            "name": "fieldIconColor",
                            "alias": "图标颜色",
                            "type": "String",
                            "editor": "color",
                            "default": "",
                            "tips": "批量设置全部该字段值对应的图标颜色"
                        }
                    ]
                }
            ]
        },
        {
            "name": "lazy",
            "alias": "懒加载",
            "attributes": [
                {
                    "name": "lazy",
                    "alias": "开启",
                    "type": "Boolean",
                    "default": false,
                    "tips": "懒加载请求，指的是每次点击节点，才会去请求那个节点下的数据。注意1，如果使用搜索功能，只能从已加载节点中搜索结果。注意2，建议关闭数据源面板默认加载配置，否则会造成多余请求"
                },
                {
                    "name": "lazyParamName",
                    "alias": "请求参数名",
                    "type": "String",
                    "default": "parentId",
                    "tips": "懒加载请求时会带上节点id的值作为参数去请求api，此时用户可以定制该参数的键名"
                },
                {
                    "name": "defaultLoadLazyData",
                    "alias": "默认加载",
                    "type": "Boolean",
                    "default": true,
                    "tips": "会有少量业务场景要求懒加载模式下的树，一开始不去请求和加载懒加载数据，那么可以关闭此项。"
                }
            ]
        },
        {
            "name": "search",
            "alias": "搜索",
            "attributes": [
                {
                    "name": "filter",
                    "alias": "开启",
                    "type": "Boolean",
                    "default": false,
                    "tips": "是否展示搜索框"
                },
                {
                    "name": "mixedCase",
                    "alias": "不区分大小写",
                    "type": "Boolean",
                    "default": false,
                    "tips": "不区分大小写匹配"
                },
                {
                    "name": "withChild",
                    "alias": "含后代节点",
                    "type": "Boolean",
                    "default": false,
                    "tips": "是否一同展示查询结果的后代节点"
                },
                {
                    "name": "manualSearch",
                    "alias": "手动搜索",
                    "type": "Boolean",
                    "default": false,
                    "tips": "开启后，搜索框尾部将出现搜索按钮，输入搜索内容以后，需点击按钮才能执行搜索。"
                },
                {
                    "name": "searchPlaceholder",
                    "alias": "搜索提示语",
                    "type": "String",
                    "default": "输入关键字进行搜索"
                },
                {
                    "name": "prefixIcon",
                    "alias": "居首图标",
                    "type": "String",
                    "editor": "icon",
                    "default": ""
                },
                {
                    "name": "suffixIcon",
                    "alias": "居尾图标",
                    "type": "String",
                    "editor": "icon",
                    "default": ""
                },
                {
                    "name": "searchClearable",
                    "alias": "可清空",
                    "type": "Boolean",
                    "default": false
                },
                {
                    "name": "searchButtonSize",
                    "alias": "搜索框尺寸",
                    "type": "Enum(\"medium:正常\", \"small:较小\", \"mini:迷你\")",
                    "default": "medium"
                },
                {
                    "name": "searchButtonWidth",
                    "alias": "搜索框宽度",
                    "type": "String",
                    "default": "100%"
                },
                {
                    "name": "showBtn",
                    "alias": "展示按钮区",
                    "type": "Boolean",
                    "default": false,
                    "tips": "在搜索栏和树中间增加按钮区"
                },
                {
                    "name": "btnAlign",
                    "alias": "按钮区对齐方式",
                    "type": "Enum(\"flex-start:左对齐\", \"flex-end:右对齐\",\"center:居中\",\"space-between:两端对齐\",\"space-around:间隔相等\")",
                    "default": "flex-start"
                },
                {
                    "name": "btnItems",
                    "type": "Complex[4]",
                    "alias": "按钮区",
                    "inputVisible": false,
                    "attributes": [
                        {
                            "name": "text",
                            "type": "String",
                            "titleVisible": true,
                            "alias": "按钮文字",
                            "default": "按钮"
                        },
                        {
                            "name": "size",
                            "type": "Enum(\"medium:正常\", \"small:较小\", \"mini:迷你\")",
                            "alias": "尺寸",
                            "default": "small"
                        },
                        {
                            "name": "type",
                            "type": "Enum(\"primary:主要按钮\", \"success:成功按钮\", \"warning:警告按钮\",\"danger:危险按钮\",\"info:信息按钮\",\"text:文字按钮\")",
                            "alias": "类型",
                            "default": "primary"
                        },
                        {
                            "name": "plain",
                            "type": "Boolean",
                            "alias": "朴素按钮",
                            "default": false
                        },
                        {
                            "name": "round",
                            "type": "Boolean",
                            "alias": "圆角按钮",
                            "default": false
                        },
                        {
                            "name": "loading",
                            "type": "Boolean",
                            "alias": "加载中状态",
                            "default": false
                        },
                        {
                            "name": "disabled",
                            "type": "Boolean",
                            "alias": "禁用",
                            "default": false
                        },
                        {
                            "name": "icon",
                            "alias": "图标",
                            "type": "String",
                            "editor": "icon",
                            "default": "",
                            "tips": ""
                        },
                        {
                            "name": "click",
                            "alias": "点击事件",
                            "type": "Complex",
                            "attributes": [
                                {
                                    "name": "content",
                                    "alias": "执行内容",
                                    "type": "Complex[*]",
                                    "inputVisible": false,
                                    "attributes": "smartAttrs.eventContent"
                                }
                            ]
                        }
                    ]
                }
            ]
        },
        {
            "name": "nodeOperate",
            "alias": "节点操作",
            "attributes": [
                {
                    "name": "showNodeOperate",
                    "alias": "展示",
                    "type": "Boolean",
                    "default": false
                },
                {
                    "name": "showTime",
                    "alias": "展示方式",
                    "type": "Enum(\"all:全部展示\", \"hover:鼠标悬停展示\")",
                    "default": "all",
                    "tips": ""
                },
                {
                    "name": "showType",
                    "alias": "操作排列方式",
                    "type": "Enum(\"horizontal:水平排列\", \"vertical:垂直排列\")",
                    "default": "vertical",
                    "tips": "按钮或者图标的排列方式。"
                },
                {
                    "name": "operateItems",
                    "alias": "操作项",
                    "type": "Complex[*]",
                    "inputVisible": false,
                    "attributes": [
                        {
                            "name": "operateType",
                            "titleVisible": true,
                            "alias": "操作类型(预设)",
                            "type": "Enum(\"add:新增\", \"edit:修改\", \"delete:删除\")",
                            "default": ""
                        },
                        {
                            "name": "operateName",
                            "alias": "操作类型(自定义)",
                            "type": "String",
                            "default": "",
                            "tips": "操作名称"
                        },
                        {
                            "name": "operateColor",
                            "alias": "文本颜色",
                            "type": "String",
                            "editor": "color",
                            "default": "",
                            "tips": "操作文本颜色"
                        },
                        {
                            "name": "permissionId",
                            "alias": "关联权限",
                            "type": "Complex",
                            "editor": "permission",
                            "editorParams": {
                                "moduleType": 2,
                                "key": "permissionIdentifier"
                            }
                        },
                        {
                            "name": "operateShowRule",
                            "alias": "显示条件",
                            "type": "String",
                            "default": "",
                            "tips": "支持两种格式, 例如： 1) id = 1; 2) node.id = 1; "
                        },
                        {
                            "name": "operateIcon",
                            "alias": "自定义图标",
                            "type": "String",
                            "editor": "icon",
                            "default": "",
                            "tips": "在水平排列模式下，设置图标以后将只展示图标不展示文字。垂直模式下既展示图标也展示文字。"
                        },
                        {
                            "name": "operateEvents",
                            "alias": "点击事件",
                            "type": "Complex",
                            "attributes": [
                                {
                                    "name": "content",
                                    "alias": "执行内容",
                                    "type": "Complex[*]",
                                    "inputVisible": false,
                                    "attributes": "smartAttrs.eventContent"
                                },
                                {
                                    "name": "description",
                                    "alias": "事件描述",
                                    "type": "String",
                                    "readonly": true,
                                    "default": "按钮或者图标点击事件"
                                },
                                {
                                    "name": "payload",
                                    "alias": "参数",
                                    "type": "Complex[1]",
                                    "readonly": true,
                                    "inputVisible": false,
                                    "attributes": "smartAttrs.payload",
                                    "default": [
                                        {
                                            "name": "nodeId",
                                            "alias": "节点ID"
                                        },
                                        {
                                            "name": "parentId",
                                            "alias": "父节点ID"
                                        },
                                        {
                                            "name": "nodeInfo",
                                            "alias": "节点信息"
                                        }
                                    ]
                                }
                            ]
                        }
                    ]
                }
            ]
        },
        {
            "name": "virtual",
            "alias": "虚拟滚动",
            "attributes": [
                {
                    "name": "virtual",
                    "alias": "开启",
                    "type": "Boolean",
                    "default": false,
                    "tips": "虚拟滚动适用于数据量较大的树，比如节点数量超过万条以上，而又不打算采用懒加载的情况。懒加载情况下暂不支持虚拟滚动"
                }
            ]
        },
        {
            "name": "textOverflow",
            "alias": "文字宽度超出处理",
            "attributes": [
                {
                    "name": "ellipsis",
                    "alias": "开启截取",
                    "type": "Boolean",
                    "default": false,
                    "tips": "开启以后，文字宽度超出将做截取处理并展示悬浮tip信息"
                },
                {
                    "name": "tooltipPosition",
                    "alias": "文字提示位置",
                    "type": "Enum(\"top-start:上左\", \"top:上边\",\"top-end:上右\", \"right-start:右上\",\"right:右边\", \"right-end:右下\",\"bottom-start:下左\", \"bottom:下边\",\"bottom-end:下右\")",
                    "default": "right-start"
                }
            ]
        },
        {
            "name": "dataSource",
            "alias": "数据源",
            "attributes": [
                {
                    "name": "data",
                    "alias": "数据",
                    "type": "Complex[*]",
                    "linkable": true,
                    "editor": "code",
                    "dataLinkMountedHandler": "dataLinkMounted",
                    "tips": "当数据结构非树形结构时，需要配置一组字段名，字段名的先后顺序与数据源中的数据项应保持严格一致；当有多个数据源时，此处配置第一层级数据源；",
                    "default": "[{\n          \"id\": \"1\",\n          \"name\": \"一级 1\",\n          \"children\": [{\n            \"id\": \"4\",\n            \"name\": \"二级 1-1\",\n            \"children\": [{\n              \"id\": \"9\",\n              \"name\": \"三级 1-1-1\"\n            }, {\n              \"id\": \"10\",\n              \"name\": \"三级 1-1-2\"\n            }]\n          }]\n        }, {\n          \"id\": \"2\",\n          \"name\": \"一级 2\",\n          \"children\": [{\n            \"id\": \"5\",\n            \"name\": \"二级 2-1\"\n          }, {\n            \"id\": \"6\",\n            \"name\": \"二级 2-2\"\n          }]\n        }, {\n          \"id\": \"3\",\n          \"name\": \"一级 3\",\n          \"children\": [{\n            \"id\": \"7\",\n            \"name\": \"二级 3-1\"\n          }, {\n            \"id\": \"8\",\n            \"name\": \"二级 3-2\"\n          }]\n        }]"
                }
            ]
        },
        {
            "name": "events",
            "alias": "事件",
            "attributes": [
                {
                    "name": "nodeClick",
                    "alias": "点击节点",
                    "type": "Complex",
                    "attributes": [
                        {
                            "name": "content",
                            "alias": "执行内容",
                            "type": "Complex[*]",
                            "inputVisible": false,
                            "attributes": "smartAttrs.eventContent"
                        },
                        {
                            "name": "description",
                            "alias": "事件描述",
                            "type": "String",
                            "readonly": true,
                            "default": "当某个节点被点击时会触发该事件, 重复点击也会重复执行"
                        },
                        {
                            "name": "payload",
                            "alias": "参数",
                            "type": "Complex[1]",
                            "readonly": true,
                            "inputVisible": false,
                            "attributes": "smartAttrs.payload",
                            "default": [
                                {
                                    "name": "nodeId",
                                    "alias": "节点Id"
                                },
                                {
                                    "name": "nodeInfo",
                                    "alias": "节点信息"
                                }
                            ]
                        }
                    ]
                },
                {
                    "name": "nodeClickChange",
                    "alias": "点击新的节点",
                    "type": "Complex",
                    "attributes": [
                        {
                            "name": "content",
                            "alias": "执行内容",
                            "type": "Complex[*]",
                            "inputVisible": false,
                            "attributes": "smartAttrs.eventContent"
                        },
                        {
                            "name": "description",
                            "alias": "事件描述",
                            "type": "String",
                            "readonly": true,
                            "default": "当某个节点第一次被点击时会触发该事件，重复点击不会执行"
                        },
                        {
                            "name": "payload",
                            "alias": "参数",
                            "type": "Complex[1]",
                            "readonly": true,
                            "inputVisible": false,
                            "attributes": "smartAttrs.payload",
                            "default": [
                                {
                                    "name": "nodeId",
                                    "alias": "节点Id"
                                },
                                {
                                    "name": "nodeInfo",
                                    "alias": "节点信息"
                                }
                            ]
                        }
                    ]
                },
                {
                    "name": "check",
                    "alias": "点击复选框",
                    "type": "Complex",
                    "attributes": [
                        {
                            "name": "content",
                            "alias": "执行内容",
                            "type": "Complex[*]",
                            "inputVisible": false,
                            "attributes": "smartAttrs.eventContent"
                        },
                        {
                            "name": "description",
                            "alias": "事件描述",
                            "type": "String",
                            "readonly": true,
                            "default": "当某个节点被点击时会触发该事件"
                        },
                        {
                            "name": "payload",
                            "alias": "参数",
                            "type": "Complex[2]",
                            "readonly": true,
                            "inputVisible": false,
                            "attributes": "smartAttrs.payload",
                            "default": [
                                {
                                    "name": "checkedKeys",
                                    "alias": "选中的节点id数组"
                                },
                                {
                                    "name": "checkedNodes",
                                    "alias": "选中的节点对象信息数组"
                                }
                            ]
                        }
                    ]
                },
                {
                    "name": "checkChange",
                    "alias": "复选框选中状态改变",
                    "type": "Complex",
                    "attributes": [
                        {
                            "name": "content",
                            "alias": "执行内容",
                            "type": "Complex[*]",
                            "inputVisible": false,
                            "attributes": "smartAttrs.eventContent"
                        },
                        {
                            "name": "description",
                            "alias": "事件描述",
                            "type": "String",
                            "readonly": true,
                            "default": "节点选中状态发生变化时触发, 适用于父子不关联场景。"
                        },
                        {
                            "name": "payload",
                            "alias": "参数",
                            "type": "Complex[2]",
                            "readonly": true,
                            "inputVisible": false,
                            "attributes": "smartAttrs.payload",
                            "default": [
                                {
                                    "name": "data",
                                    "alias": "发生变化节点所对应的对象"
                                },
                                {
                                    "name": "checked",
                                    "alias": "发生变化节点本身是否被选中"
                                },
                                {
                                    "name": "checkedKeys",
                                    "alias": "所有选中的节点id数组"
                                },
                                {
                                    "name": "checkedNodes",
                                    "alias": "所有选中的节点对象信息数组"
                                }
                            ]
                        }
                    ]
                },
                {
                    "name": "searchChange",
                    "alias": "搜索框值改变",
                    "type": "Complex",
                    "attributes": [
                        {
                            "name": "content",
                            "alias": "执行内容",
                            "type": "Complex[*]",
                            "inputVisible": false,
                            "attributes": "smartAttrs.eventContent"
                        },
                        {
                            "name": "description",
                            "alias": "事件描述",
                            "type": "String",
                            "readonly": true,
                            "default": "当搜索框值改变时立刻触发"
                        },
                        {
                            "name": "payload",
                            "alias": "参数",
                            "type": "Complex[2]",
                            "readonly": true,
                            "inputVisible": false,
                            "attributes": "smartAttrs.payload",
                            "default": [
                                {
                                    "name": "value",
                                    "alias": "搜索框的值"
                                }
                            ]
                        }
                    ]
                },
                {
                    "name": "clearSearch",
                    "alias": "搜索框值清空",
                    "type": "Complex",
                    "attributes": [
                        {
                            "name": "content",
                            "alias": "执行内容",
                            "type": "Complex[*]",
                            "inputVisible": false,
                            "attributes": "smartAttrs.eventContent"
                        },
                        {
                            "name": "description",
                            "alias": "事件描述",
                            "type": "String",
                            "readonly": true,
                            "default": "当搜索框值清空时立刻触发"
                        },
                        {
                            "name": "payload",
                            "alias": "参数",
                            "type": "Complex[2]",
                            "readonly": true,
                            "inputVisible": false,
                            "attributes": "smartAttrs.payload",
                            "default": [
                                {
                                    "name": "value",
                                    "alias": "搜索框的值"
                                }
                            ]
                        }
                    ]
                },
                {
                    "name": "dataTransform",
                    "alias": "转换数据选项",
                    "type": "Complex",
                    "attributes": [
                        {
                            "name": "content",
                            "alias": "执行内容",
                            "type": "Complex[*]",
                            "inputVisible": false,
                            "attributes": "smartAttrs.eventContent"
                        },
                        {
                            "name": "description",
                            "alias": "事件描述",
                            "type": "String",
                            "readonly": true,
                            "default": "当数据获取到时，立刻执行转换数据选项事件；如果需要转换数据选项，则需使用component.listToTree()方法来实现。一旦配置转换数据选项任意脚本内容，原有的数据源将不再解析"
                        },
                        {
                            "name": "payload",
                            "alias": "参数",
                            "type": "Complex[1]",
                            "readonly": true,
                            "inputVisible": false,
                            "attributes": "smartAttrs.payload",
                            "default": [
                                {
                                    "name": "data",
                                    "alias": "数据选项"
                                },
                                {
                                    "name": "component",
                                    "alias": "组件实例"
                                }
                            ]
                        }
                    ]
                },
                {
                    "name": "allowDrag",
                    "alias": "判断节点能否被拖拽",
                    "type": "Complex",
                    "attributes": [
                        {
                            "name": "content",
                            "alias": "执行内容",
                            "type": "Complex[*]",
                            "inputVisible": false,
                            "attributes": "smartAttrs.eventContent"
                        },
                        {
                            "name": "description",
                            "alias": "事件描述",
                            "type": "String",
                            "readonly": true,
                            "default": "判断节点能否被拖拽"
                        },
                        {
                            "name": "payload",
                            "alias": "参数",
                            "type": "Complex[2]",
                            "readonly": true,
                            "inputVisible": false,
                            "attributes": "smartAttrs.payload",
                            "default": [
                                {
                                    "name": "draggingNode",
                                    "alias": "节点信息"
                                }
                            ]
                        }
                    ]
                },
                {
                    "name": "allowDrop",
                    "alias": "拖拽时判定目标节点能否被放置",
                    "type": "Complex",
                    "attributes": [
                        {
                            "name": "content",
                            "alias": "执行内容",
                            "type": "Complex[*]",
                            "inputVisible": false,
                            "attributes": "smartAttrs.eventContent"
                        },
                        {
                            "name": "description",
                            "alias": "事件描述",
                            "type": "String",
                            "readonly": true,
                            "default": "type 参数有三种情况：'prev'、'inner' 和 'next'，分别表示放置在目标节点前、插入至目标节点和放置在目标节点后"
                        },
                        {
                            "name": "payload",
                            "alias": "参数",
                            "type": "Complex[2]",
                            "readonly": true,
                            "inputVisible": false,
                            "attributes": "smartAttrs.payload",
                            "default": [
                                {
                                    "name": "draggingNode",
                                    "alias": "拖动的节点信息"
                                },
                                {
                                    "name": "dropNode",
                                    "alias": "目标节点"
                                },
                                {
                                    "name": "type",
                                    "alias": "相对于目标节点的位置"
                                }
                            ]
                        }
                    ]
                },
                {
                    "name": "nodeDrop",
                    "alias": "拖拽成功完成时触发的事件",
                    "type": "Complex",
                    "attributes": [
                        {
                            "name": "content",
                            "alias": "执行内容",
                            "type": "Complex[*]",
                            "inputVisible": false,
                            "attributes": "smartAttrs.eventContent"
                        },
                        {
                            "name": "description",
                            "alias": "事件描述",
                            "type": "String",
                            "readonly": true,
                            "default": "共四个参数，依次为：被拖拽节点对应的 Node、结束拖拽时最后进入的节点、被拖拽节点的放置位置（before、after、inner）、event。 注意：可以根据放置位置，判断被拖拽节点最终的父节点。"
                        },
                        {
                            "name": "payload",
                            "alias": "参数",
                            "type": "Complex[2]",
                            "readonly": true,
                            "inputVisible": false,
                            "attributes": "smartAttrs.payload",
                            "default": [
                                {
                                    "name": "draggingNode",
                                    "alias": "拖动的节点信息"
                                },
                                {
                                    "name": "dropNode",
                                    "alias": "目标节点"
                                },
                                {
                                    "name": "dropType",
                                    "alias": "相对于目标节点的位置"
                                },
                                {
                                    "name": "ev",
                                    "alias": "事件"
                                }
                            ]
                        }
                    ]
                }
            ]
        },
        {
            "name": "methods",
            "alias": "方法",
            "attributes": [
                {
                    "name": "init",
                    "alias": "强制初始化",
                    "type": "Complex",
                    "readonly": true,
                    "attributes": [
                        {
                            "name": "functionName",
                            "alias": "方法名称",
                            "type": "String",
                            "default": "init"
                        },
                        {
                            "name": "description",
                            "alias": "方法描述",
                            "type": "String",
                            "default": "强制初始化以后，所有默认配置都会重新走一遍"
                        }
                    ]
                },
                {
                    "name": "refresh",
                    "alias": "刷新",
                    "type": "Complex",
                    "readonly": true,
                    "attributes": [
                        {
                            "name": "functionName",
                            "alias": "方法名称",
                            "type": "String",
                            "default": "refresh"
                        },
                        {
                            "name": "description",
                            "alias": "方法描述",
                            "type": "String",
                            "default": "刷新树数据"
                        },
                        {
                            "name": "payload",
                            "alias": "参数",
                            "type": "Complex[2]",
                            "inputVisible": false,
                            "attributes": "smartAttrs.payload",
                            "default": [
                                {
                                    "name": "nodeId",
                                    "alias": "刷新指定节点ID。不指定则默认刷新当前选中节点",
                                    "editor": "variable"
                                },
                                {
                                    "name": "selectedId",
                                    "alias": "刷新后，指定默认被选中的节点。区别：传递本参数可触发点击事件",
                                    "editor": "variable"
                                }
                            ]
                        }
                    ]
                },
                {
                    "name": "clearSearch",
                    "alias": "清空树搜索内容",
                    "type": "Complex",
                    "readonly": true,
                    "attributes": [
                        {
                            "name": "functionName",
                            "alias": "方法名称",
                            "type": "String",
                            "default": "clearSearch"
                        },
                        {
                            "name": "description",
                            "alias": "方法描述",
                            "type": "String",
                            "default": "清空树搜索内容"
                        }
                    ]
                },
                {
                    "name": "getTreeData",
                    "alias": "获取树的数据",
                    "type": "Complex",
                    "readonly": true,
                    "attributes": [
                        {
                            "name": "functionName",
                            "alias": "方法名称",
                            "type": "String",
                            "default": "getTreeData"
                        },
                        {
                            "name": "description",
                            "alias": "方法描述",
                            "type": "String",
                            "default": "获取树数据,仅用于非懒加载模式"
                        },
                        {
                            "name": "output",
                            "alias": "返回值",
                            "type": "Complex",
                            "description": "返回树数据数组"
                        }
                    ]
                },
                {
                    "name": "setClickedNodeById",
                    "alias": "设置选中某个节点",
                    "type": "Complex",
                    "readonly": true,
                    "attributes": [
                        {
                            "name": "functionName",
                            "alias": "方法名称",
                            "type": "String",
                            "default": "setClickedNodeById"
                        },
                        {
                            "name": "description",
                            "alias": "方法描述",
                            "type": "String",
                            "editor": "code",
                            "default": "通过设置节点ID，设置节点被选中"
                        },
                        {
                            "name": "payload",
                            "alias": "参数",
                            "type": "Complex[1]",
                            "inputVisible": false,
                            "attributes": "smartAttrs.payload",
                            "default": [
                                {
                                    "name": "nodeId",
                                    "alias": "节点ID",
                                    "editor": "variable"
                                }
                            ]
                        }
                    ]
                },
                {
                    "name": "setCheckedKeys",
                    "alias": "设置选中一组复选框",
                    "type": "Complex",
                    "readonly": true,
                    "attributes": [
                        {
                            "name": "functionName",
                            "alias": "方法名称",
                            "type": "String",
                            "default": "setCheckedKeys"
                        },
                        {
                            "name": "description",
                            "alias": "方法描述",
                            "type": "String",
                            "editor": "code",
                            "default": "设置选中某些节点复选框"
                        },
                        {
                            "name": "payload",
                            "alias": "参数",
                            "type": "Complex[1]",
                            "inputVisible": false,
                            "attributes": "smartAttrs.payload",
                            "default": [
                                {
                                    "name": "keys",
                                    "alias": "节点ID数组",
                                    "editor": "variable"
                                }
                            ]
                        }
                    ]
                },
                {
                    "name": "toggleTreeExpanded",
                    "alias": "控制树展开/收缩",
                    "type": "Complex",
                    "readonly": true,
                    "attributes": [
                        {
                            "name": "functionName",
                            "alias": "方法名称",
                            "type": "String",
                            "default": "toggleTreeExpanded"
                        },
                        {
                            "name": "description",
                            "alias": "方法描述",
                            "type": "String",
                            "default": "控制树展开/收缩"
                        },
                        {
                            "name": "payload",
                            "alias": "参数",
                            "type": "Complex[1]",
                            "inputVisible": false,
                            "attributes": "smartAttrs.payload",
                            "default": [
                                {
                                    "name": "level",
                                    "alias": "层级，代表作用于该层之后所有的层级",
                                    "editor": "variable"
                                },
                                {
                                    "name": "bool",
                                    "alias": "展开为true, 收缩为false; ",
                                    "editor": "variable"
                                }
                            ]
                        }
                    ]
                },
                {
                    "name": "loadLazyData",
                    "alias": "加载懒加载数据",
                    "type": "Complex",
                    "readonly": true,
                    "attributes": [
                        {
                            "name": "functionName",
                            "alias": "方法名称",
                            "type": "String",
                            "default": "loadLazyData"
                        },
                        {
                            "name": "description",
                            "alias": "方法描述",
                            "type": "String",
                            "default": "加载懒加载数据命令。此命令会导致懒加载树重新渲染从而触发懒加载的开始"
                        }
                    ]
                },
                {
                    "name": "listToTree",
                    "alias": "二维数组转换为树组件的树数据",
                    "type": "Complex",
                    "readonly": true,
                    "attributes": [
                        {
                            "name": "functionName",
                            "alias": "方法名称",
                            "type": "String",
                            "default": "listToTree"
                        },
                        {
                            "name": "description",
                            "alias": "方法描述",
                            "type": "String",
                            "default": "接收二维数组，转换为树数据进行渲染"
                        },
                        {
                            "name": "payload",
                            "alias": "参数",
                            "type": "Complex[1]",
                            "inputVisible": false,
                            "attributes": "smartAttrs.payload",
                            "default": [
                                {
                                    "name": "list",
                                    "alias": "二维数组",
                                    "editor": "variable"
                                }
                            ]
                        }
                    ]
                },
                {
                    "name": "getCheckedNodes",
                    "alias": "多选，返回被选中的节点所组成的数组",
                    "type": "Complex",
                    "readonly": true,
                    "attributes": [
                        {
                            "name": "functionName",
                            "alias": "方法名称",
                            "type": "String",
                            "default": "getCheckedNodes"
                        },
                        {
                            "name": "description",
                            "alias": "方法描述",
                            "type": "String",
                            "default": "多选，返回被选中的节点所组成的数组"
                        },
                        {
                            "name": "output",
                            "alias": "返回值",
                            "type": "Complex",
                            "description": "返回被选中的节点所组成的数组"
                        }
                    ]
                },
                {
                    "name": "getCheckedKeys",
                    "alias": "多选，返回被选中的节点的key组成的数组",
                    "type": "Complex",
                    "readonly": true,
                    "attributes": [
                        {
                            "name": "functionName",
                            "alias": "方法名称",
                            "type": "String",
                            "default": "getCheckedKeys"
                        },
                        {
                            "name": "description",
                            "alias": "方法描述",
                            "type": "String",
                            "default": "多选，返回被选中的节点的key组成的数组"
                        },
                        {
                            "name": "output",
                            "alias": "返回值",
                            "type": "Complex",
                            "description": "返回被选中的节点的key所组成的数组"
                        }
                    ]
                },
                {
                    "name": "getHalfCheckedNodes",
                    "alias": "多选下，返回目前半选中的节点所组成的数组",
                    "type": "Complex",
                    "readonly": true,
                    "attributes": [
                        {
                            "name": "functionName",
                            "alias": "方法名称",
                            "type": "String",
                            "default": "getHalfCheckedNodes"
                        },
                        {
                            "name": "description",
                            "alias": "方法描述",
                            "type": "String",
                            "default": "多选下，返回目前半选中的节点所组成的数组"
                        },
                        {
                            "name": "output",
                            "alias": "返回值",
                            "type": "Complex",
                            "description": "返回目前半选中的节点所组成的数组"
                        }
                    ]
                },
                {
                    "name": "getHalfCheckedKeys",
                    "alias": "多选，返回目前半选中的节点的 key 所组成的数组",
                    "type": "Complex",
                    "readonly": true,
                    "attributes": [
                        {
                            "name": "functionName",
                            "alias": "方法名称",
                            "type": "String",
                            "default": "getHalfCheckedKeys"
                        },
                        {
                            "name": "description",
                            "alias": "方法描述",
                            "type": "String",
                            "default": "多选， 返回目前半选中的节点的 key 所组成的数组"
                        },
                        {
                            "name": "output",
                            "alias": "返回值",
                            "type": "Complex",
                            "description": "返回目前半选中的节点的 key 所组成的数组"
                        }
                    ]
                }
            ]
        }
    ]
}