{
    "name": "BarCode",
    "alias": "条码",
    "version": "1.0.11",
    "author": "10001746",
    "groupAlias": "专业组件",
    "groupName": "specialty",
    "type": "vue",
    "description": "",
    "order": 1003,
    "attributes": [
        {
            "name": "appearance",
            "alias": "外观",
            "attributes": [
                {
                    "name": "font-size",
                    "visible": false
                },
                {
                    "name": "color",
                    "visible": false
                },
                {
                    "name": "background-color",
                    "visible": false
                },
                {
                    "name": "background-image",
                    "visible": false
                },
                {
                    "name": "font-weight",
                    "visible": false
                },
                {
                    "name": "font-style",
                    "visible": false
                },
                {
                    "name": "line-height",
                    "visible": false
                },
                {
                    "name": "text-align",
                    "visible": true,
                    "default": "center"
                },
                {
                    "name": "letter-spacing",
                    "visible": false
                },
                {
                    "name": "text-decoration",
                    "visible": false
                },
                {
                    "name": "background-repeat",
                    "alias": "背景图像重复",
                    "visible": false
                },
                {
                    "name": "background-size",
                    "alias": "背景图片尺寸",
                    "visible": false
                },
                {
                    "name": "background-position",
                    "alias": "背景图片定位",
                    "visible": false
                }
            ]
        },
        {
            "name": "layout",
            "alias": "布局",
            "attributes": [
                {
                    "name": "height",
                    "default": "auto",
                    "value": "100%",
                    "visible": true
                }
            ]
        },
        {
            "name": "base",
            "alias": "基础",
            "attributes": [
                {
                    "alias": "条码内容",
                    "default": "",
                    "maxlength": 100,
                    "minlength": 0,
                    "name": "value",
                    "type": "String"
                },
                {
                    "name": "type",
                    "alias": "条码类型",
                    "type": "Enum(\"'barCode':条形码\",\"qrCode:二维码\")",
                    "default": "qrCode",
                    "changeHandler": "handleTypeChange"
                },
                {
                    "name": "barFormat",
                    "alias": "编码类型",
                    "type": "Enum('CODE128','CODE128A','CODE128B','CODE128C','CODE39','EAN13','EAN8','EAN5','EAN2','UPC','UPCE','ITF14','ITF','MSI','MSI10','MSI11','MSI1010','MSI1110','pharmacode','codabar','GenericBarcode')",
                    "default": "CODE128",
                    "customGroupName": "barCodeTypeGroup",
                    "visible": false
                },
                {
                    "name": "inheritParentSize",
                    "alias": "继承父级尺寸",
                    "type": "Boolean",
                    "default": false,
                    "tips": "开启后元素自身设置的宽高将不生效"
                },
                {
                    "name": "elementTag",
                    "alias": "渲染方式",
                    "type": "Enum('canvas', 'svg', 'img')",
                    "default": "img",
                    "customGroupName": "barCodeTypeGroup",
                    "visible": false
                },
                {
                    "name": "barFailText",
                    "alias": "渲染失败提示",
                    "type": "String",
                    "default": "条码的编码格式不支持该条码内容",
                    "customGroupName": "barCodeTypeGroup",
                    "visible": false
                },
                {
                    "name": "barLineColor",
                    "alias": "条码和条码文本颜色",
                    "type": "String",
                    "editor": "color",
                    "default": "rgba(0,0,0,1)",
                    "customGroupName": "barCodeTypeGroup",
                    "visible": false
                },
                {
                    "name": "barBackground",
                    "alias": "背景色",
                    "type": "String",
                    "editor": "color",
                    "default": "rgba(255,255,255, 1)",
                    "customGroupName": "barCodeTypeGroup",
                    "visible": false
                },
                {
                    "name": "barWidth",
                    "alias": "每根宽度",
                    "type": "Number",
                    "default": 2,
                    "min": 1,
                    "max": 100,
                    "customGroupName": "barCodeTypeGroup",
                    "visible": false
                },
                {
                    "name": "barheight",
                    "alias": "高度",
                    "type": "Number",
                    "default": 100,
                    "min": 1,
                    "max": 9999,
                    "customGroupName": "barCodeTypeGroup",
                    "visible": false
                },
                {
                    "name": "barMargin",
                    "alias": "边距",
                    "type": "Number[4]",
                    "primitiveLabels": ["上边距", "右边距", "下边距", "左边距"],
                    "default": [
                        0,
                        0,
                        0,
                        0
                    ],
                    "min": 0,
                    "max": 9999,
                    "customGroupName": "barCodeTypeGroup",
                    "visible": false
                },
                {
                    "name": "barDisplayValue",
                    "alias": "是否显示文本",
                    "type": "Boolean",
                    "default": true,
                    "changeHandler": "handleDisplayValue",
                    "customGroupName": "barCodeTypeGroup",
                    "visible": false
                },
                {
                    "alias": "文本内容",
                    "tips": "默认显示条码内容，如果设置此项，会覆盖条码内容",
                    "default": "",
                    "maxlength": 100,
                    "minlength": 0,
                    "name": "barText",
                    "type": "String",
                    "customGroupName": "barCodeTypeGroup",
                    "visible": false
                },
                {
                    "name": "textAlign",
                    "alias": "文本对齐方式",
                    "type": "Enum(\"'center':居中\",\"left:居左\",\"right:居右\")",
                    "default": "center",
                    "customGroupName": "barCodeTypeGroup",
                    "visible": false
                },
                {
                    "name": "textPosition",
                    "alias": "文本垂直位置",
                    "type": "Enum(\"'bottom':下面\",\"top:上面\")",
                    "default": "bottom",
                    "customGroupName": "barCodeTypeGroup",
                    "visible": false
                },
                {
                    "name": "fontOptions",
                    "alias": "文本样式",
                    "type": "Enum(\"'normal':正常\",\"bold:加粗\",\"italic:斜体\")",
                    "default": "normal",
                    "customGroupName": "barCodeTypeGroup",
                    "visible": false
                },
                {
                    "name": "barFontSize",
                    "alias": "文本文字大小",
                    "type": "Number",
                    "default": 20,
                    "min": 1,
                    "max": 96,
                    "customGroupName": "barCodeTypeGroup",
                    "visible": false
                },
                {
                    "name": "textMargin",
                    "alias": "文本和条码间距",
                    "type": "Number",
                    "default": 2,
                    "min": 0,
                    "max": 9999,
                    "customGroupName": "barCodeTypeGroup",
                    "visible": false
                },
                {
                    "name": "qrSize",
                    "alias": "二维码大小",
                    "type": "Number",
                    "default": 200,
                    "min": 1,
                    "max": 1000,
                    "customGroupName": "qrCodeTypeGroup"
                },
                {
                    "name": "dotScale",
                    "alias": "二维点的大小",
                    "type": "Number",
                    "default": 1,
                    "precision": 1,
                    "step": 0.1,
                    "min": 0.1,
                    "max": 1,
                    "customGroupName": "qrCodeTypeGroup"
                },
                {
                    "name": "qrMargin",
                    "alias": "外边距",
                    "type": "Number",
                    "default": 20,
                    "min": 0,
                    "max": 9999,
                    "customGroupName": "qrCodeTypeGroup"
                },

                {
                    "name": "colorDark",
                    "alias": "实点的颜色",
                    "tips": "和空白颜色一起设置才有效",
                    "type": "String",
                    "editor": "color",
                    "default": "rgba(0,0,0, 1)",
                    "customGroupName": "qrCodeTypeGroup"
                },
                {
                    "name": "colorLight",
                    "alias": "空白的颜色",
                    "tips": "和实点颜色一起设置才有效",
                    "type": "String",
                    "editor": "color",
                    "default": "rgba(255,255,255, 1)",
                    "customGroupName": "qrCodeTypeGroup"
                },
                {
                    "name": "opacityMargin",
                    "alias": "外边距是否透明",
                    "type": "Boolean",
                    "default": false,
                    "customGroupName": "qrCodeTypeGroup"
                },
                {
                    "name": "qrBgSrc",
                    "alias": "背景图",
                    "tips": "非同域网络图片路径需要该文件服务支持跨域",
                    "type": "String",
                    "editor": "file",
                    "default": "",
                    "editorParams": {
                        "title": "选择图片",
                        "type": "picture"
                    },
                    "customGroupName": "qrCodeTypeGroup"
                },
                {
                    "name": "autoColor",
                    "alias": "背景图做主色",
                    "tips": "若为 true, 背景图的主要颜色将作为实点的颜色, 会覆盖二维码实点颜色",
                    "type": "Boolean",
                    "default": true,
                    "customGroupName": "qrCodeTypeGroup",
                    "visible": false
                },
                {
                    "name": "logoSrc",
                    "alias": "logo背景图",
                    "tips": "非同域网络图片路径需要该文件服务支持跨域",
                    "type": "String",
                    "editor": "file",
                    "default": "",
                    "editorParams": {
                        "title": "选择图片",
                        "type": "picture"
                    },
                    "customGroupName": "qrCodeTypeGroup"
                },
                {
                    "name": "logoScale",
                    "alias": "logo占比",
                    "tips": "0.1~0.9，logo越大，二维码识别率越低",
                    "type": "Number",
                    "default": 0.2,
                    "precision": 1,
                    "step": 0.1,
                    "min": 0.1,
                    "max": 0.9,
                    "customGroupName": "qrCodeTypeGroup",
                    "visible": false
                }
            ]
        },
        {
            "name": "methods",
            "alias": "方法",
            "attributes": [
                {
                    "name": "setValue",
                    "alias": "设置条码内容",
                    "type": "Complex",
                    "readonly": true,
                    "attributes": [
                        {
                            "name": "functionName",
                            "alias": "方法名称",
                            "type": "String",
                            "default": "setValue"
                        },
                        {
                            "name": "description",
                            "alias": "方法描述",
                            "type": "String",
                            "default": "设置条码内容"
                        },
                        {
                            "name": "payload",
                            "alias": "参数",
                            "type": "Complex[1]",
                            "readonly": true,
                            "inputVisible": false,
                            "attributes": "smartAttrs.payload",
                            "default": [
                                {
                                    "name": "value",
                                    "alias": "文本内容",
                                    "type": "String",
                                    "editor": "variable"
                                }
                            ]
                        }
                    ]
                }
            ]
        },
        {
            "name": "events",
            "alias": "事件",
            "attributes": [
                {
                    "name": "click",
                    "alias": "条码点击事件",
                    "type": "Complex",
                    "attributes": [
                        {
                            "name": "content",
                            "alias": "事件执行内容",
                            "type": "Complex[*]",
                            "inputVisible": false,
                            "attributes": "smartAttrs.eventContent"
                        },
                        {
                            "name": "description",
                            "alias": "事件描述",
                            "type": "String",
                            "default": "点击按钮触发的动作",
                            "readonly": true
                        },
                        {
                            "name": "payload",
                            "alias": "渲染结果图片的url",
                            "type": "Complex[*]",
                            "readonly": true,
                            "inputVisible": false,
                            "attributes": "smartAttrs.payload",
                            "default": [
                                {
                                    "name": "uri",
                                    "alias": "渲染结果图片的base64数据",
                                    "type": "String"
                                }
                            ]
                        }
                    ]
                },
                {
                    "name": "barRender",
                    "alias": "条形码渲染结果",
                    "type": "Complex",
                    "customGroupName": "barCodeTypeGroup",
                    "visible": false,
                    "attributes": [
                        {
                            "name": "content",
                            "alias": "事件执行内容",
                            "type": "Complex[*]",
                            "inputVisible": false,
                            "attributes": "smartAttrs.eventContent"
                        },
                        {
                            "name": "description",
                            "alias": "事件描述",
                            "type": "String",
                            "default": "条形码渲染结束触发的动作",
                            "readonly": true
                        },
                        {
                            "name": "payload",
                            "alias": "渲染结果",
                            "type": "Complex[1]",
                            "readonly": true,
                            "inputVisible": false,
                            "attributes": "smartAttrs.payload",
                            "default": [
                                {
                                    "name": "status",
                                    "alias": "true成功，false失败",
                                    "type": "Boolean"
                                },
                                {
                                    "name": "uri",
                                    "alias": "渲染成功后，条形码图片的base64数据",
                                    "type": "String"
                                }
                            ]
                        }
                    ]
                },
                {
                    "name": "qrRender",
                    "alias": "二维码码渲染结果",
                    "type": "Complex",
                    "customGroupName": "qrCodeTypeGroup",
                    "attributes": [
                        {
                            "name": "content",
                            "alias": "事件执行内容",
                            "type": "Complex[*]",
                            "inputVisible": false,
                            "attributes": "smartAttrs.eventContent"
                        },
                        {
                            "name": "description",
                            "alias": "事件描述",
                            "type": "String",
                            "default": "条形码渲染结束触发的动作",
                            "readonly": true
                        },
                        {
                            "name": "payload",
                            "alias": "渲染结果图片的url",
                            "type": "Complex[1]",
                            "readonly": true,
                            "inputVisible": false,
                            "attributes": "smartAttrs.payload",
                            "default": [
                                {
                                    "name": "uri",
                                    "alias": "二维码图片的base64数据",
                                    "type": "String"
                                }
                            ]
                        }
                    ]
                }
            ]
        }
    ]
}
